05/08/2026 10:46:40.093 INFO  c.N.NeptuneWebAutheticatorApplication - Starting NeptuneWebAutheticatorApplication v0.0.1-SNAPSHOT using Java 21.0.1 with PID 13860 (C:\Users\termo\Desktop\workspace\TruckingConfiguration\Modules\NeptuneWebAutheticator\target\NeptuneWebAutheticator-0.0.1-SNAPSHOT.jar started by termo in C:\Users\termo\Desktop\workspace\TruckingConfiguration\Modules\NeptuneWebAutheticator)
05/08/2026 10:46:40.103 DEBUG c.N.NeptuneWebAutheticatorApplication - Running with Spring Boot v4.0.0, Spring v7.0.1
05/08/2026 10:46:40.103 INFO  c.N.NeptuneWebAutheticatorApplication - No active profile set, falling back to 1 default profile: "default"
05/08/2026 10:46:40.104 DEBUG o.s.boot.SpringApplication - Loading source class com.NeptuneWebAutheticator.NeptuneWebAutheticatorApplication
05/08/2026 10:46:40.165 DEBUG o.s.b.w.s.s.c.AnnotationConfigServletWebServerApplicationContext - Refreshing org.springframework.boot.web.server.servlet.context.AnnotationConfigServletWebServerApplicationContext@165b2f7f
05/08/2026 10:46:40.199 DEBUG o.s.b.f.s.DefaultListableBeanFactory - Creating shared instance of singleton bean 'org.springframework.context.annotation.internalConfigurationAnnotationProcessor'
05/08/2026 10:46:40.219 DEBUG o.s.b.f.s.DefaultListableBeanFactory - Creating shared instance of singleton bean 'org.springframework.boot.autoconfigure.internalCachingMetadataReaderFactory'
05/08/2026 10:46:40.304 DEBUG o.s.c.a.ClassPathBeanDefinitionScanner - Identified candidate component class: URL [jar:nested:/C:/Users/termo/Desktop/workspace/TruckingConfiguration/Modules/NeptuneWebAutheticator/target/NeptuneWebAutheticator-0.0.1-SNAPSHOT.jar/!BOOT-INF/classes/!/com/NeptuneWebAutheticator/Configuration/SecurityConfig.class]
05/08/2026 10:46:40.323 DEBUG o.s.c.a.ClassPathBeanDefinitionScanner - Identified candidate component class: URL [jar:nested:/C:/Users/termo/Desktop/workspace/TruckingConfiguration/Modules/NeptuneWebAutheticator/target/NeptuneWebAutheticator-0.0.1-SNAPSHOT.jar/!BOOT-INF/classes/!/com/NeptuneWebAutheticator/Controller/AuthenticationController.class]
05/08/2026 10:46:40.327 DEBUG o.s.c.a.ClassPathBeanDefinitionScanner - Identified candidate component class: URL [jar:nested:/C:/Users/termo/Desktop/workspace/TruckingConfiguration/Modules/NeptuneWebAutheticator/target/NeptuneWebAutheticator-0.0.1-SNAPSHOT.jar/!BOOT-INF/classes/!/com/NeptuneWebAutheticator/Controller/MachineController.class]
05/08/2026 10:46:40.335 DEBUG o.s.c.a.ClassPathBeanDefinitionScanner - Ignored because not a concrete top-level class: URL [jar:nested:/C:/Users/termo/Desktop/workspace/TruckingConfiguration/Modules/NeptuneWebAutheticator/target/NeptuneWebAutheticator-0.0.1-SNAPSHOT.jar/!BOOT-INF/classes/!/com/NeptuneWebAutheticator/Repository/MachineRepository.class]
05/08/2026 10:46:40.336 DEBUG o.s.c.a.ClassPathBeanDefinitionScanner - Ignored because not a concrete top-level class: URL [jar:nested:/C:/Users/termo/Desktop/workspace/TruckingConfiguration/Modules/NeptuneWebAutheticator/target/NeptuneWebAutheticator-0.0.1-SNAPSHOT.jar/!BOOT-INF/classes/!/com/NeptuneWebAutheticator/Repository/TenantRepository.class]
05/08/2026 10:46:40.336 DEBUG o.s.c.a.ClassPathBeanDefinitionScanner - Ignored because not a concrete top-level class: URL [jar:nested:/C:/Users/termo/Desktop/workspace/TruckingConfiguration/Modules/NeptuneWebAutheticator/target/NeptuneWebAutheticator-0.0.1-SNAPSHOT.jar/!BOOT-INF/classes/!/com/NeptuneWebAutheticator/Repository/TokenRepository.class]
05/08/2026 10:46:40.337 DEBUG o.s.c.a.ClassPathBeanDefinitionScanner - Ignored because not a concrete top-level class: URL [jar:nested:/C:/Users/termo/Desktop/workspace/TruckingConfiguration/Modules/NeptuneWebAutheticator/target/NeptuneWebAutheticator-0.0.1-SNAPSHOT.jar/!BOOT-INF/classes/!/com/NeptuneWebAutheticator/Service/AuthenticationService.class]
05/08/2026 10:46:40.340 DEBUG o.s.c.a.ClassPathBeanDefinitionScanner - Identified candidate component class: URL [jar:nested:/C:/Users/termo/Desktop/workspace/TruckingConfiguration/Modules/NeptuneWebAutheticator/target/NeptuneWebAutheticator-0.0.1-SNAPSHOT.jar/!BOOT-INF/classes/!/com/NeptuneWebAutheticator/Service/AuthenticationServiceImpl.class]
05/08/2026 10:46:40.340 DEBUG o.s.c.a.ClassPathBeanDefinitionScanner - Ignored because not a concrete top-level class: URL [jar:nested:/C:/Users/termo/Desktop/workspace/TruckingConfiguration/Modules/NeptuneWebAutheticator/target/NeptuneWebAutheticator-0.0.1-SNAPSHOT.jar/!BOOT-INF/classes/!/com/NeptuneWebAutheticator/Service/MachineService.class]
05/08/2026 10:46:40.340 DEBUG o.s.c.a.ClassPathBeanDefinitionScanner - Identified candidate component class: URL [jar:nested:/C:/Users/termo/Desktop/workspace/TruckingConfiguration/Modules/NeptuneWebAutheticator/target/NeptuneWebAutheticator-0.0.1-SNAPSHOT.jar/!BOOT-INF/classes/!/com/NeptuneWebAutheticator/Service/MachineServiceImpl.class]
05/08/2026 10:46:40.947 INFO  o.s.d.r.c.RepositoryConfigurationDelegate - Bootstrapping Spring Data JPA repositories in DEFAULT mode.
05/08/2026 10:46:40.958 DEBUG o.s.b.f.s.DefaultListableBeanFactory - Creating shared instance of singleton bean 'org.springframework.boot.autoconfigure.AutoConfigurationPackages'
05/08/2026 10:46:40.964 DEBUG o.s.b.a.AutoConfigurationPackages - @EnableAutoConfiguration was declared on a class in the package 'com.NeptuneWebAutheticator'. Automatic @Repository and @Entity scanning is enabled.
05/08/2026 10:46:40.965 DEBUG o.s.d.r.c.RepositoryConfigurationDelegate - Scanning for JPA repositories in packages com.NeptuneWebAutheticator.
05/08/2026 10:46:40.972 DEBUG o.s.d.r.c.RepositoryComponentProvider - Identified candidate component class: URL [jar:nested:/C:/Users/termo/Desktop/workspace/TruckingConfiguration/Modules/NeptuneWebAutheticator/target/NeptuneWebAutheticator-0.0.1-SNAPSHOT.jar/!BOOT-INF/classes/!/com/NeptuneWebAutheticator/Repository/MachineRepository.class]
05/08/2026 10:46:40.972 DEBUG o.s.d.r.c.RepositoryComponentProvider - Identified candidate component class: URL [jar:nested:/C:/Users/termo/Desktop/workspace/TruckingConfiguration/Modules/NeptuneWebAutheticator/target/NeptuneWebAutheticator-0.0.1-SNAPSHOT.jar/!BOOT-INF/classes/!/com/NeptuneWebAutheticator/Repository/TenantRepository.class]
05/08/2026 10:46:40.972 DEBUG o.s.d.r.c.RepositoryComponentProvider - Identified candidate component class: URL [jar:nested:/C:/Users/termo/Desktop/workspace/TruckingConfiguration/Modules/NeptuneWebAutheticator/target/NeptuneWebAutheticator-0.0.1-SNAPSHOT.jar/!BOOT-INF/classes/!/com/NeptuneWebAutheticator/Repository/TokenRepository.class]
05/08/2026 10:46:40.996 DEBUG o.s.c.a.ClassPathScanningCandidateComponentProvider - Identified candidate component class: URL [jar:nested:/C:/Users/termo/Desktop/workspace/TruckingConfiguration/Modules/NeptuneWebAutheticator/target/NeptuneWebAutheticator-0.0.1-SNAPSHOT.jar/!BOOT-INF/classes/!/com/NeptuneWebAutheticator/Service/AuthenticationServiceImpl.class]
05/08/2026 10:46:40.996 DEBUG o.s.c.a.ClassPathScanningCandidateComponentProvider - Identified candidate component class: URL [jar:nested:/C:/Users/termo/Desktop/workspace/TruckingConfiguration/Modules/NeptuneWebAutheticator/target/NeptuneWebAutheticator-0.0.1-SNAPSHOT.jar/!BOOT-INF/classes/!/com/NeptuneWebAutheticator/Service/MachineServiceImpl.class]
05/08/2026 10:46:41.009 INFO  o.s.d.r.c.RepositoryConfigurationDelegate - Finished Spring Data repository scanning in 42 ms. Found 3 JPA repository interfaces.
05/08/2026 10:46:41.094 DEBUG o.s.b.f.s.DefaultListableBeanFactory - Creating shared instance of singleton bean 'springSecurityPathPatternParserBeanDefinitionRegistryPostProcessor'
05/08/2026 10:46:41.171 DEBUG o.s.b.f.s.DefaultListableBeanFactory - Creating shared instance of singleton bean 'propertySourcesPlaceholderConfigurer'
05/08/2026 10:46:41.176 DEBUG o.s.b.f.s.DefaultListableBeanFactory - Creating shared instance of singleton bean 'org.springframework.boot.sql.init.dependency.DatabaseInitializationDependencyConfigurer$DependsOnDatabaseInitializationPostProcessor'
05/08/2026 10:46:41.210 DEBUG o.s.b.f.s.DefaultListableBeanFactory - Creating shared instance of singleton bean 'org.springframework.context.event.internalEventListenerProcessor'
05/08/2026 10:46:41.212 DEBUG o.s.b.f.s.DefaultListableBeanFactory - Creating shared instance of singleton bean 'conversionServicePostProcessor'
05/08/2026 10:46:41.224 DEBUG o.s.b.f.s.DefaultListableBeanFactory - Creating shared instance of singleton bean 'bootstrapExecutorAliasPostProcessor'
05/08/2026 10:46:41.225 DEBUG o.s.b.f.s.DefaultListableBeanFactory - Creating shared instance of singleton bean 'preserveErrorControllerTargetClassPostProcessor'
05/08/2026 10:46:41.226 DEBUG o.s.b.f.s.DefaultListableBeanFactory - Creating shared instance of singleton bean 'org.springframework.context.event.internalEventListenerFactory'
05/08/2026 10:46:41.226 DEBUG o.s.b.f.s.DefaultListableBeanFactory - Creating shared instance of singleton bean 'org.springframework.transaction.config.internalTransactionalEventListenerFactory'
05/08/2026 10:46:41.229 DEBUG o.s.b.f.s.DefaultListableBeanFactory - Creating shared instance of singleton bean 'org.springframework.context.annotation.internalAutowiredAnnotationProcessor'
05/08/2026 10:46:41.231 DEBUG o.s.b.f.s.DefaultListableBeanFactory - Creating shared instance of singleton bean 'org.springframework.context.annotation.internalCommonAnnotationProcessor'
05/08/2026 10:46:41.235 DEBUG o.s.b.f.s.DefaultListableBeanFactory - Creating shared instance of singleton bean 'org.springframework.context.annotation.internalPersistenceAnnotationProcessor'
05/08/2026 10:46:41.235 DEBUG o.s.b.f.s.DefaultListableBeanFactory - Creating shared instance of singleton bean 'org.springframework.boot.context.properties.ConfigurationPropertiesBindingPostProcessor'
05/08/2026 10:46:41.236 DEBUG o.s.b.f.s.DefaultListableBeanFactory - Creating shared instance of singleton bean 'org.springframework.boot.context.internalConfigurationPropertiesBinder'
05/08/2026 10:46:41.238 DEBUG o.s.b.f.s.DefaultListableBeanFactory - Creating shared instance of singleton bean 'jdbcConnectionDetailsHikariBeanPostProcessor'
05/08/2026 10:46:41.241 DEBUG o.s.b.f.s.DefaultListableBeanFactory - Creating shared instance of singleton bean 'org.springframework.aop.config.internalAutoProxyCreator'
05/08/2026 10:46:41.255 DEBUG o.s.b.f.s.DefaultListableBeanFactory - Creating shared instance of singleton bean 'org.springframework.aop.framework.autoproxy.defaultProxyConfig'
05/08/2026 10:46:41.268 DEBUG o.s.b.f.s.DefaultListableBeanFactory - Creating shared instance of singleton bean 'persistenceExceptionTranslationPostProcessor'
05/08/2026 10:46:41.269 DEBUG o.s.b.f.s.DefaultListableBeanFactory - Autowiring by type from bean name 'persistenceExceptionTranslationPostProcessor' via factory method to bean named 'environment'
05/08/2026 10:46:41.273 DEBUG o.s.b.f.s.DefaultListableBeanFactory - Creating shared instance of singleton bean 'projectingArgumentResolverBeanPostProcessor'
05/08/2026 10:46:41.274 DEBUG o.s.b.f.s.DefaultListableBeanFactory - Creating shared instance of singleton bean 'org.springframework.transaction.config.internalTransactionAdvisor'
05/08/2026 10:46:41.275 DEBUG o.s.b.f.s.DefaultListableBeanFactory - Creating shared instance of singleton bean 'org.springframework.transaction.annotation.ProxyTransactionManagementConfiguration'
05/08/2026 10:46:41.301 DEBUG o.s.b.f.s.DefaultListableBeanFactory - Creating shared instance of singleton bean 'transactionAttributeSource'
05/08/2026 10:46:41.306 DEBUG o.s.b.f.s.DefaultListableBeanFactory - Creating shared instance of singleton bean 'transactionInterceptor'
05/08/2026 10:46:41.307 DEBUG o.s.b.f.s.DefaultListableBeanFactory - Autowiring by type from bean name 'transactionInterceptor' via factory method to bean named 'transactionAttributeSource'
05/08/2026 10:46:41.314 DEBUG o.s.b.f.s.DefaultListableBeanFactory - Autowiring by type from bean name 'org.springframework.transaction.config.internalTransactionAdvisor' via factory method to bean named 'transactionAttributeSource'
05/08/2026 10:46:41.314 DEBUG o.s.b.f.s.DefaultListableBeanFactory - Autowiring by type from bean name 'org.springframework.transaction.config.internalTransactionAdvisor' via factory method to bean named 'transactionInterceptor'
05/08/2026 10:46:41.336 DEBUG o.s.b.f.s.DefaultListableBeanFactory - Creating shared instance of singleton bean 'webServerFactoryCustomizerBeanPostProcessor'
05/08/2026 10:46:41.337 DEBUG o.s.b.f.s.DefaultListableBeanFactory - Creating shared instance of singleton bean 'errorPageRegistrarBeanPostProcessor'
05/08/2026 10:46:41.339 DEBUG o.s.b.f.s.DefaultListableBeanFactory - Creating shared instance of singleton bean 'tomcatServletWebServerFactory'
05/08/2026 10:46:41.339 DEBUG o.s.b.f.s.DefaultListableBeanFactory - Creating shared instance of singleton bean 'org.springframework.boot.tomcat.autoconfigure.servlet.TomcatServletWebServerAutoConfiguration'
05/08/2026 10:46:41.339 DEBUG o.s.b.f.s.DefaultListableBeanFactory - Creating shared instance of singleton bean 'server.tomcat-org.springframework.boot.tomcat.autoconfigure.TomcatServerProperties'
05/08/2026 10:46:41.343 DEBUG o.s.b.f.s.DefaultListableBeanFactory - Creating shared instance of singleton bean 'org.springframework.boot.context.properties.BoundConfigurationProperties'
05/08/2026 10:46:41.352 DEBUG o.s.b.f.s.DefaultListableBeanFactory - Autowiring by type from bean name 'org.springframework.boot.tomcat.autoconfigure.servlet.TomcatServletWebServerAutoConfiguration' via constructor to bean named 'server.tomcat-org.springframework.boot.tomcat.autoconfigure.TomcatServerProperties'
05/08/2026 10:46:41.375 DEBUG o.s.b.f.s.DefaultListableBeanFactory - Creating shared instance of singleton bean 'servletWebServerFactoryCustomizer'
05/08/2026 10:46:41.376 DEBUG o.s.b.f.s.DefaultListableBeanFactory - Creating shared instance of singleton bean 'org.springframework.boot.web.server.autoconfigure.servlet.ServletWebServerConfiguration'
05/08/2026 10:46:41.378 DEBUG o.s.b.f.s.DefaultListableBeanFactory - Creating shared instance of singleton bean 'server-org.springframework.boot.web.server.autoconfigure.ServerProperties'
05/08/2026 10:46:41.387 DEBUG o.s.b.f.s.DefaultListableBeanFactory - Autowiring by type from bean name 'servletWebServerFactoryCustomizer' via factory method to bean named 'server-org.springframework.boot.web.server.autoconfigure.ServerProperties'
05/08/2026 10:46:41.391 DEBUG o.s.b.f.s.DefaultListableBeanFactory - Creating shared instance of singleton bean 'sslBundleRegistry'
05/08/2026 10:46:41.391 DEBUG o.s.b.f.s.DefaultListableBeanFactory - Creating shared instance of singleton bean 'org.springframework.boot.autoconfigure.ssl.SslAutoConfiguration'
05/08/2026 10:46:41.391 DEBUG o.s.b.f.s.DefaultListableBeanFactory - Creating shared instance of singleton bean 'spring.ssl-org.springframework.boot.autoconfigure.ssl.SslProperties'
05/08/2026 10:46:41.393 DEBUG o.s.b.f.s.DefaultListableBeanFactory - Autowiring by type from bean name 'org.springframework.boot.autoconfigure.ssl.SslAutoConfiguration' via constructor to bean named 'org.springframework.boot.web.server.servlet.context.AnnotationConfigServletWebServerApplicationContext@165b2f7f'
05/08/2026 10:46:41.393 DEBUG o.s.b.f.s.DefaultListableBeanFactory - Autowiring by type from bean name 'org.springframework.boot.autoconfigure.ssl.SslAutoConfiguration' via constructor to bean named 'spring.ssl-org.springframework.boot.autoconfigure.ssl.SslProperties'
05/08/2026 10:46:41.399 DEBUG o.s.b.f.s.DefaultListableBeanFactory - Creating shared instance of singleton bean 'sslPropertiesSslBundleRegistrar'
05/08/2026 10:46:41.400 DEBUG o.s.b.f.s.DefaultListableBeanFactory - Creating shared instance of singleton bean 'fileWatcher'
05/08/2026 10:46:41.402 DEBUG o.s.b.f.s.DefaultListableBeanFactory - Autowiring by type from bean name 'sslPropertiesSslBundleRegistrar' via factory method to bean named 'fileWatcher'
05/08/2026 10:46:41.411 DEBUG o.s.b.f.s.DefaultListableBeanFactory - Creating shared instance of singleton bean 'webSocketWebServerCustomizer'
05/08/2026 10:46:41.411 DEBUG o.s.b.f.s.DefaultListableBeanFactory - Creating shared instance of singleton bean 'org.springframework.boot.tomcat.autoconfigure.TomcatWebServerConfiguration$TomcatWebSocketConfiguration'
05/08/2026 10:46:41.412 DEBUG o.s.b.f.s.DefaultListableBeanFactory - Creating shared instance of singleton bean 'tomcatWebServerFactoryCustomizer'
05/08/2026 10:46:41.412 DEBUG o.s.b.f.s.DefaultListableBeanFactory - Creating shared instance of singleton bean 'org.springframework.boot.tomcat.autoconfigure.TomcatWebServerConfiguration'
05/08/2026 10:46:41.413 DEBUG o.s.b.f.s.DefaultListableBeanFactory - Creating shared instance of singleton bean 'spring.web-org.springframework.boot.autoconfigure.web.WebProperties'
05/08/2026 10:46:41.418 DEBUG o.s.b.f.s.DefaultListableBeanFactory - Autowiring by type from bean name 'tomcatWebServerFactoryCustomizer' via factory method to bean named 'environment'
05/08/2026 10:46:41.419 DEBUG o.s.b.f.s.DefaultListableBeanFactory - Autowiring by type from bean name 'tomcatWebServerFactoryCustomizer' via factory method to bean named 'server-org.springframework.boot.web.server.autoconfigure.ServerProperties'
05/08/2026 10:46:41.419 DEBUG o.s.b.f.s.DefaultListableBeanFactory - Autowiring by type from bean name 'tomcatWebServerFactoryCustomizer' via factory method to bean named 'server.tomcat-org.springframework.boot.tomcat.autoconfigure.TomcatServerProperties'
05/08/2026 10:46:41.419 DEBUG o.s.b.f.s.DefaultListableBeanFactory - Autowiring by type from bean name 'tomcatWebServerFactoryCustomizer' via factory method to bean named 'spring.web-org.springframework.boot.autoconfigure.web.WebProperties'
05/08/2026 10:46:41.422 DEBUG o.s.b.f.s.DefaultListableBeanFactory - Creating shared instance of singleton bean 'tomcatServletWebServerFactoryCustomizer'
05/08/2026 10:46:41.423 DEBUG o.s.b.f.s.DefaultListableBeanFactory - Autowiring by type from bean name 'tomcatServletWebServerFactoryCustomizer' via factory method to bean named 'server.tomcat-org.springframework.boot.tomcat.autoconfigure.TomcatServerProperties'
05/08/2026 10:46:41.462 DEBUG o.s.b.f.s.DefaultListableBeanFactory - Creating shared instance of singleton bean 'errorPageCustomizer'
05/08/2026 10:46:41.463 DEBUG o.s.b.f.s.DefaultListableBeanFactory - Creating shared instance of singleton bean 'org.springframework.boot.webmvc.autoconfigure.error.ErrorMvcAutoConfiguration'
05/08/2026 10:46:41.463 DEBUG o.s.b.f.s.DefaultListableBeanFactory - Autowiring by type from bean name 'org.springframework.boot.webmvc.autoconfigure.error.ErrorMvcAutoConfiguration' via constructor to bean named 'spring.web-org.springframework.boot.autoconfigure.web.WebProperties'
05/08/2026 10:46:41.464 DEBUG o.s.b.f.s.DefaultListableBeanFactory - Creating shared instance of singleton bean 'dispatcherServletRegistration'
05/08/2026 10:46:41.464 DEBUG o.s.b.f.s.DefaultListableBeanFactory - Creating shared instance of singleton bean 'org.springframework.boot.webmvc.autoconfigure.DispatcherServletAutoConfiguration$DispatcherServletRegistrationConfiguration'
05/08/2026 10:46:41.464 DEBUG o.s.b.f.s.DefaultListableBeanFactory - Creating shared instance of singleton bean 'dispatcherServlet'
05/08/2026 10:46:41.464 DEBUG o.s.b.f.s.DefaultListableBeanFactory - Creating shared instance of singleton bean 'org.springframework.boot.webmvc.autoconfigure.DispatcherServletAutoConfiguration$DispatcherServletConfiguration'
05/08/2026 10:46:41.465 DEBUG o.s.b.f.s.DefaultListableBeanFactory - Creating shared instance of singleton bean 'spring.mvc-org.springframework.boot.webmvc.autoconfigure.WebMvcProperties'
05/08/2026 10:46:41.473 DEBUG o.s.b.f.s.DefaultListableBeanFactory - Autowiring by type from bean name 'dispatcherServlet' via factory method to bean named 'spring.mvc-org.springframework.boot.webmvc.autoconfigure.WebMvcProperties'
05/08/2026 10:46:41.489 DEBUG o.s.b.f.s.DefaultListableBeanFactory - Autowiring by type from bean name 'dispatcherServletRegistration' via factory method to bean named 'dispatcherServlet'
05/08/2026 10:46:41.489 DEBUG o.s.b.f.s.DefaultListableBeanFactory - Autowiring by type from bean name 'dispatcherServletRegistration' via factory method to bean named 'spring.mvc-org.springframework.boot.webmvc.autoconfigure.WebMvcProperties'
05/08/2026 10:46:41.491 DEBUG o.s.b.f.s.DefaultListableBeanFactory - Creating shared instance of singleton bean 'multipartConfigElement'
05/08/2026 10:46:41.492 DEBUG o.s.b.f.s.DefaultListableBeanFactory - Creating shared instance of singleton bean 'org.springframework.boot.servlet.autoconfigure.MultipartAutoConfiguration'
05/08/2026 10:46:41.492 DEBUG o.s.b.f.s.DefaultListableBeanFactory - Creating shared instance of singleton bean 'spring.servlet.multipart-org.springframework.boot.servlet.autoconfigure.MultipartProperties'
05/08/2026 10:46:41.496 DEBUG o.s.b.f.s.DefaultListableBeanFactory - Autowiring by type from bean name 'org.springframework.boot.servlet.autoconfigure.MultipartAutoConfiguration' via constructor to bean named 'spring.servlet.multipart-org.springframework.boot.servlet.autoconfigure.MultipartProperties'
05/08/2026 10:46:41.500 DEBUG o.s.b.f.s.DefaultListableBeanFactory - Autowiring by type from bean name 'errorPageCustomizer' via factory method to bean named 'dispatcherServletRegistration'
05/08/2026 10:46:41.614 DEBUG o.s.b.t.s.TomcatServletWebServerFactory - Code archive: C:\Users\termo\Desktop\workspace\TruckingConfiguration\Modules\NeptuneWebAutheticator\target\NeptuneWebAutheticator-0.0.1-SNAPSHOT.jar
05/08/2026 10:46:41.615 DEBUG o.s.b.t.s.TomcatServletWebServerFactory - Code archive: C:\Users\termo\Desktop\workspace\TruckingConfiguration\Modules\NeptuneWebAutheticator\target\NeptuneWebAutheticator-0.0.1-SNAPSHOT.jar
05/08/2026 10:46:41.615 DEBUG o.s.b.t.s.TomcatServletWebServerFactory - None of the document roots [src/main/webapp, public, static] point to a directory and will be ignored.
05/08/2026 10:46:41.642 INFO  o.s.boot.tomcat.TomcatWebServer - Tomcat initialized with port 8080 (http)
05/08/2026 10:46:41.658 INFO  o.a.coyote.http11.Http11NioProtocol - Initializing ProtocolHandler ["http-nio-8080"]
05/08/2026 10:46:41.661 INFO  o.a.catalina.core.StandardService - Starting service [Tomcat]
05/08/2026 10:46:41.661 INFO  o.a.catalina.core.StandardEngine - Starting Servlet engine: [Apache Tomcat/11.0.14]
05/08/2026 10:46:41.694 DEBUG o.s.b.w.c.s.WebApplicationContextInitializer - Published root WebApplicationContext as ServletContext attribute with name [org.springframework.web.context.WebApplicationContext.ROOT]
05/08/2026 10:46:41.696 INFO  o.s.b.w.c.s.WebApplicationContextInitializer - Root WebApplicationContext: initialization completed in 1530 ms
05/08/2026 10:46:41.699 DEBUG o.s.b.f.s.DefaultListableBeanFactory - Creating shared instance of singleton bean 'securityFilterChainRegistration'
05/08/2026 10:46:41.699 DEBUG o.s.b.f.s.DefaultListableBeanFactory - Creating shared instance of singleton bean 'org.springframework.boot.security.autoconfigure.web.servlet.SecurityFilterAutoConfiguration'
05/08/2026 10:46:41.701 DEBUG o.s.b.f.s.DefaultListableBeanFactory - Creating shared instance of singleton bean 'spring.security.filter-org.springframework.boot.security.autoconfigure.web.servlet.SecurityFilterProperties'
05/08/2026 10:46:41.702 DEBUG o.s.b.f.s.DefaultListableBeanFactory - Autowiring by type from bean name 'securityFilterChainRegistration' via factory method to bean named 'spring.security.filter-org.springframework.boot.security.autoconfigure.web.servlet.SecurityFilterProperties'
05/08/2026 10:46:41.706 DEBUG o.s.b.f.s.DefaultListableBeanFactory - Creating shared instance of singleton bean 'requestContextFilter'
05/08/2026 10:46:41.708 DEBUG o.s.b.f.s.DefaultListableBeanFactory - Creating shared instance of singleton bean 'formContentFilter'
05/08/2026 10:46:41.708 DEBUG o.s.b.f.s.DefaultListableBeanFactory - Creating shared instance of singleton bean 'org.springframework.boot.webmvc.autoconfigure.WebMvcAutoConfiguration'
05/08/2026 10:46:41.710 DEBUG o.s.b.f.s.DefaultListableBeanFactory - Creating shared instance of singleton bean 'characterEncodingFilter'
05/08/2026 10:46:41.710 DEBUG o.s.b.f.s.DefaultListableBeanFactory - Creating shared instance of singleton bean 'org.springframework.boot.servlet.autoconfigure.HttpEncodingAutoConfiguration'
05/08/2026 10:46:41.711 DEBUG o.s.b.f.s.DefaultListableBeanFactory - Creating shared instance of singleton bean 'spring.servlet.encoding-org.springframework.boot.servlet.autoconfigure.ServletEncodingProperties'
05/08/2026 10:46:41.712 DEBUG o.s.b.f.s.DefaultListableBeanFactory - Autowiring by type from bean name 'characterEncodingFilter' via factory method to bean named 'spring.servlet.encoding-org.springframework.boot.servlet.autoconfigure.ServletEncodingProperties'
05/08/2026 10:46:41.719 DEBUG o.s.b.w.s.ServletContextInitializerBeans - Mapping filters: springSecurityFilterChain urls=[/*] order=-100, characterEncodingFilter urls=[/*] order=-2147483648, formContentFilter urls=[/*] order=-9900, requestContextFilter urls=[/*] order=-105
05/08/2026 10:46:41.719 DEBUG o.s.b.w.s.ServletContextInitializerBeans - Mapping servlets: dispatcherServlet urls=[/]
05/08/2026 10:46:41.747 DEBUG o.s.b.s.f.OrderedRequestContextFilter - Filter 'requestContextFilter' configured for use
05/08/2026 10:46:41.750 DEBUG o.s.b.s.f.OrderedCharacterEncodingFilter - Filter 'characterEncodingFilter' configured for use
05/08/2026 10:46:41.751 DEBUG o.s.b.w.s.DelegatingFilterProxyRegistrationBean$1 - Filter 'springSecurityFilterChain' configured for use
05/08/2026 10:46:41.751 DEBUG o.s.b.s.f.OrderedFormContentFilter - Filter 'formContentFilter' configured for use
05/08/2026 10:46:41.760 DEBUG o.s.b.f.s.DefaultListableBeanFactory - Creating shared instance of singleton bean 'applicationTaskExecutor'
05/08/2026 10:46:41.760 DEBUG o.s.b.f.s.DefaultListableBeanFactory - Creating shared instance of singleton bean 'org.springframework.boot.autoconfigure.task.TaskExecutorConfigurations$TaskExecutorConfiguration'
05/08/2026 10:46:41.762 DEBUG o.s.b.f.s.DefaultListableBeanFactory - Creating shared instance of singleton bean 'threadPoolTaskExecutorBuilder'
05/08/2026 10:46:41.762 DEBUG o.s.b.f.s.DefaultListableBeanFactory - Creating shared instance of singleton bean 'org.springframework.boot.autoconfigure.task.TaskExecutorConfigurations$ThreadPoolTaskExecutorBuilderConfiguration'
05/08/2026 10:46:41.763 DEBUG o.s.b.f.s.DefaultListableBeanFactory - Creating shared instance of singleton bean 'spring.task.execution-org.springframework.boot.autoconfigure.task.TaskExecutionProperties'
05/08/2026 10:46:41.765 DEBUG o.s.b.f.s.DefaultListableBeanFactory - Autowiring by type from bean name 'threadPoolTaskExecutorBuilder' via factory method to bean named 'spring.task.execution-org.springframework.boot.autoconfigure.task.TaskExecutionProperties'
05/08/2026 10:46:41.768 DEBUG o.s.b.f.s.DefaultListableBeanFactory - Autowiring by type from bean name 'applicationTaskExecutor' via factory method to bean named 'threadPoolTaskExecutorBuilder'
05/08/2026 10:46:41.773 DEBUG o.s.s.c.ThreadPoolTaskExecutor - Initializing ExecutorService 'applicationTaskExecutor'
05/08/2026 10:46:41.776 DEBUG o.s.b.f.s.DefaultListableBeanFactory - Creating shared instance of singleton bean 'dataSourceScriptDatabaseInitializer'
05/08/2026 10:46:41.776 DEBUG o.s.b.f.s.DefaultListableBeanFactory - Creating shared instance of singleton bean 'org.springframework.boot.jdbc.autoconfigure.DataSourceInitializationAutoConfiguration'
05/08/2026 10:46:41.777 DEBUG o.s.b.f.s.DefaultListableBeanFactory - Creating shared instance of singleton bean 'dataSource'
05/08/2026 10:46:41.777 DEBUG o.s.b.f.s.DefaultListableBeanFactory - Creating shared instance of singleton bean 'org.springframework.boot.jdbc.autoconfigure.DataSourceConfiguration$Hikari'
05/08/2026 10:46:41.777 DEBUG o.s.b.f.s.DefaultListableBeanFactory - Creating shared instance of singleton bean 'spring.datasource-org.springframework.boot.jdbc.autoconfigure.DataSourceProperties'
05/08/2026 10:46:41.785 DEBUG o.s.b.f.s.DefaultListableBeanFactory - Creating shared instance of singleton bean 'jdbcConnectionDetails'
05/08/2026 10:46:41.785 DEBUG o.s.b.f.s.DefaultListableBeanFactory - Creating shared instance of singleton bean 'org.springframework.boot.jdbc.autoconfigure.DataSourceAutoConfiguration$PooledDataSourceConfiguration'
05/08/2026 10:46:41.786 DEBUG o.s.b.f.s.DefaultListableBeanFactory - Autowiring by type from bean name 'jdbcConnectionDetails' via factory method to bean named 'spring.datasource-org.springframework.boot.jdbc.autoconfigure.DataSourceProperties'
05/08/2026 10:46:41.787 DEBUG o.s.b.f.s.DefaultListableBeanFactory - Autowiring by type from bean name 'dataSource' via factory method to bean named 'spring.datasource-org.springframework.boot.jdbc.autoconfigure.DataSourceProperties'
05/08/2026 10:46:41.787 DEBUG o.s.b.f.s.DefaultListableBeanFactory - Autowiring by type from bean name 'dataSource' via factory method to bean named 'jdbcConnectionDetails'
05/08/2026 10:46:41.787 DEBUG o.s.b.f.s.DefaultListableBeanFactory - Autowiring by type from bean name 'dataSource' via factory method to bean named 'environment'
05/08/2026 10:46:41.796 DEBUG com.zaxxer.hikari.util.UtilityElf - Class org.mariadb.jdbc.Driver found in Thread context class loader org.springframework.boot.loader.launch.LaunchedClassLoader@1f17ae12
05/08/2026 10:46:41.811 DEBUG o.s.b.f.s.DefaultListableBeanFactory - Creating shared instance of singleton bean 'spring.sql.init-org.springframework.boot.sql.autoconfigure.init.SqlInitializationProperties'
05/08/2026 10:46:41.813 DEBUG o.s.b.f.s.DefaultListableBeanFactory - Autowiring by type from bean name 'dataSourceScriptDatabaseInitializer' via factory method to bean named 'dataSource'
05/08/2026 10:46:41.813 DEBUG o.s.b.f.s.DefaultListableBeanFactory - Autowiring by type from bean name 'dataSourceScriptDatabaseInitializer' via factory method to bean named 'spring.sql.init-org.springframework.boot.sql.autoconfigure.init.SqlInitializationProperties'
05/08/2026 10:46:41.818 DEBUG o.s.b.f.s.DefaultListableBeanFactory - Creating shared instance of singleton bean 'entityManagerFactory'
05/08/2026 10:46:41.819 DEBUG o.s.b.f.s.DefaultListableBeanFactory - Creating shared instance of singleton bean 'org.springframework.boot.hibernate.autoconfigure.HibernateJpaConfiguration'
05/08/2026 10:46:41.821 DEBUG o.s.b.f.s.DefaultListableBeanFactory - Creating shared instance of singleton bean 'spring.jpa-org.springframework.boot.jpa.autoconfigure.JpaProperties'
05/08/2026 10:46:41.827 DEBUG o.s.b.f.s.DefaultListableBeanFactory - Creating shared instance of singleton bean 'spring.jpa.hibernate-org.springframework.boot.hibernate.autoconfigure.HibernateProperties'
05/08/2026 10:46:41.830 DEBUG o.s.b.f.s.DefaultListableBeanFactory - Autowiring by type from bean name 'org.springframework.boot.hibernate.autoconfigure.HibernateJpaConfiguration' via constructor to bean named 'dataSource'
05/08/2026 10:46:41.830 DEBUG o.s.b.f.s.DefaultListableBeanFactory - Autowiring by type from bean name 'org.springframework.boot.hibernate.autoconfigure.HibernateJpaConfiguration' via constructor to bean named 'spring.jpa-org.springframework.boot.jpa.autoconfigure.JpaProperties'
05/08/2026 10:46:41.830 DEBUG o.s.b.f.s.DefaultListableBeanFactory - Autowiring by type from bean name 'org.springframework.boot.hibernate.autoconfigure.HibernateJpaConfiguration' via constructor to bean named 'org.springframework.beans.factory.support.DefaultListableBeanFactory@372b0d86'
05/08/2026 10:46:41.830 DEBUG o.s.b.f.s.DefaultListableBeanFactory - Autowiring by type from bean name 'org.springframework.boot.hibernate.autoconfigure.HibernateJpaConfiguration' via constructor to bean named 'spring.jpa.hibernate-org.springframework.boot.hibernate.autoconfigure.HibernateProperties'
05/08/2026 10:46:41.835 DEBUG o.s.b.f.s.DefaultListableBeanFactory - Creating shared instance of singleton bean 'hikariPoolDataSourceMetadataProvider'
05/08/2026 10:46:41.835 DEBUG o.s.b.f.s.DefaultListableBeanFactory - Creating shared instance of singleton bean 'org.springframework.boot.jdbc.autoconfigure.DataSourcePoolMetadataProvidersConfiguration$HikariPoolDataSourceMetadataProviderConfiguration'
05/08/2026 10:46:41.841 DEBUG o.s.b.f.s.DefaultListableBeanFactory - Creating shared instance of singleton bean 'entityManagerFactoryBuilder'
05/08/2026 10:46:41.842 DEBUG o.s.b.f.s.DefaultListableBeanFactory - Creating shared instance of singleton bean 'jpaVendorAdapter'
05/08/2026 10:46:41.870 DEBUG org.jboss.logging - Logging Provider: org.jboss.logging.Slf4jLoggerProvider found via system property
05/08/2026 10:46:41.877 DEBUG o.s.b.f.s.DefaultListableBeanFactory - Autowiring by type from bean name 'entityManagerFactoryBuilder' via factory method to bean named 'jpaVendorAdapter'
05/08/2026 10:46:41.879 DEBUG o.s.b.f.s.DefaultListableBeanFactory - Creating shared instance of singleton bean 'persistenceManagedTypes'
05/08/2026 10:46:41.882 DEBUG o.s.b.f.s.DefaultListableBeanFactory - Autowiring by type from bean name 'persistenceManagedTypes' via factory method to bean named 'org.springframework.beans.factory.support.DefaultListableBeanFactory@372b0d86'
05/08/2026 10:46:41.882 DEBUG o.s.b.f.s.DefaultListableBeanFactory - Autowiring by type from bean name 'persistenceManagedTypes' via factory method to bean named 'org.springframework.boot.web.server.servlet.context.AnnotationConfigServletWebServerApplicationContext@165b2f7f'
05/08/2026 10:46:41.889 DEBUG o.s.b.f.s.DefaultListableBeanFactory - Autowiring by type from bean name 'entityManagerFactory' via factory method to bean named 'entityManagerFactoryBuilder'
05/08/2026 10:46:41.889 DEBUG o.s.b.f.s.DefaultListableBeanFactory - Autowiring by type from bean name 'entityManagerFactory' via factory method to bean named 'persistenceManagedTypes'
05/08/2026 10:46:41.913 DEBUG o.s.o.j.LocalContainerEntityManagerFactoryBean - Building JPA container EntityManagerFactory for persistence unit 'default'
05/08/2026 10:46:41.925 DEBUG o.h.jpa.internal.util.LogHelper - PersistenceUnitInfo [
	name: default
	persistence provider classname: null
	classloader: org.springframework.boot.loader.launch.LaunchedClassLoader@1f17ae12
	excludeUnlistedClasses: true
	JTA datasource: null
	Non JTA datasource: HikariDataSource (null)
	Transaction type: RESOURCE_LOCAL
	PU root URL: nested:/C:/Users/termo/Desktop/workspace/TruckingConfiguration/Modules/NeptuneWebAutheticator/target/NeptuneWebAutheticator-0.0.1-SNAPSHOT.jar/!BOOT-INF/classes/
	Shared Cache Mode: UNSPECIFIED
	Validation Mode: AUTO
	Jar files URLs []
	Managed classes names [
		com.NeptuneWebAutheticator.Entity.Machine
		com.NeptuneWebAutheticator.Entity.Tenant
		com.NeptuneWebAutheticator.Entity.Token]
	Mapping files names []
	Properties []
05/08/2026 10:46:41.938 DEBUG o.h.i.internal.IntegratorServiceImpl - Adding Integrator [org.hibernate.boot.beanvalidation.BeanValidationIntegrator]
05/08/2026 10:46:41.942 DEBUG o.h.i.internal.IntegratorServiceImpl - Adding Integrator [org.hibernate.cache.internal.CollectionCacheInvalidator]
05/08/2026 10:46:42.005 INFO  org.hibernate.Version - HHH000412: Hibernate ORM core version 7.1.8.Final
05/08/2026 10:46:42.006 DEBUG org.hibernate.cfg.Environment - HHH000206: 'hibernate.properties' not found
05/08/2026 10:46:42.034 DEBUG o.s.o.j.h.SpringBeanContainer - Falling back to Hibernate's default producer after bean creation failure for interface org.hibernate.engine.jdbc.connections.spi.MultiTenantConnectionProvider: org.springframework.beans.factory.BeanCreationException: Error creating bean with name 'org.hibernate.engine.jdbc.connections.spi.MultiTenantConnectionProvider': Failed to instantiate [org.hibernate.engine.jdbc.connections.spi.MultiTenantConnectionProvider]: Specified class is an interface
05/08/2026 10:46:42.035 DEBUG o.h.c.i.RegionFactoryInitiator - Cannot default RegionFactory based on registered strategies as `[]` RegionFactory strategies were registered
05/08/2026 10:46:42.037 DEBUG o.h.c.i.RegionFactoryInitiator - HHH000026: Second-level cache disabled
05/08/2026 10:46:42.608 INFO  o.s.o.j.p.SpringPersistenceUnitInfo - No LoadTimeWeaver setup: ignoring JPA class transformer
05/08/2026 10:46:42.644 DEBUG com.zaxxer.hikari.HikariConfig - HikariPool-1 - configuration:
05/08/2026 10:46:42.646 DEBUG com.zaxxer.hikari.HikariConfig - allowPoolSuspension.............false
05/08/2026 10:46:42.646 DEBUG com.zaxxer.hikari.HikariConfig - autoCommit......................true
05/08/2026 10:46:42.646 DEBUG com.zaxxer.hikari.HikariConfig - catalog.........................none
05/08/2026 10:46:42.646 DEBUG com.zaxxer.hikari.HikariConfig - connectionInitSql...............none
05/08/2026 10:46:42.646 DEBUG com.zaxxer.hikari.HikariConfig - connectionTestQuery.............none
05/08/2026 10:46:42.647 DEBUG com.zaxxer.hikari.HikariConfig - connectionTimeout...............30000
05/08/2026 10:46:42.647 DEBUG com.zaxxer.hikari.HikariConfig - credentials.....................com.zaxxer.hikari.util.Credentials@60e47aab
05/08/2026 10:46:42.647 DEBUG com.zaxxer.hikari.HikariConfig - credentialsProvider.............none
05/08/2026 10:46:42.647 DEBUG com.zaxxer.hikari.HikariConfig - credentialsProviderClassName....none
05/08/2026 10:46:42.647 DEBUG com.zaxxer.hikari.HikariConfig - dataSource......................none
05/08/2026 10:46:42.648 DEBUG com.zaxxer.hikari.HikariConfig - dataSourceClassName.............none
05/08/2026 10:46:42.648 DEBUG com.zaxxer.hikari.HikariConfig - dataSourceJNDI..................none
05/08/2026 10:46:42.648 DEBUG com.zaxxer.hikari.HikariConfig - dataSourceProperties............{password=<masked>}
05/08/2026 10:46:42.648 DEBUG com.zaxxer.hikari.HikariConfig - driverClassName................."org.mariadb.jdbc.Driver"
05/08/2026 10:46:42.648 DEBUG com.zaxxer.hikari.HikariConfig - exceptionOverride...............none
05/08/2026 10:46:42.648 DEBUG com.zaxxer.hikari.HikariConfig - exceptionOverrideClassName......none
05/08/2026 10:46:42.648 DEBUG com.zaxxer.hikari.HikariConfig - healthCheckProperties...........{}
05/08/2026 10:46:42.648 DEBUG com.zaxxer.hikari.HikariConfig - healthCheckRegistry.............none
05/08/2026 10:46:42.648 DEBUG com.zaxxer.hikari.HikariConfig - idleTimeout.....................600000
05/08/2026 10:46:42.649 DEBUG com.zaxxer.hikari.HikariConfig - initializationFailTimeout.......1
05/08/2026 10:46:42.649 DEBUG com.zaxxer.hikari.HikariConfig - isolateInternalQueries..........false
05/08/2026 10:46:42.649 DEBUG com.zaxxer.hikari.HikariConfig - jdbcUrl.........................jdbc:mariadb://localhost:3306/AuthenticationService
05/08/2026 10:46:42.649 DEBUG com.zaxxer.hikari.HikariConfig - keepaliveTime...................120000
05/08/2026 10:46:42.649 DEBUG com.zaxxer.hikari.HikariConfig - leakDetectionThreshold..........0
05/08/2026 10:46:42.649 DEBUG com.zaxxer.hikari.HikariConfig - maxLifetime.....................1800000
05/08/2026 10:46:42.649 DEBUG com.zaxxer.hikari.HikariConfig - maximumPoolSize.................10
05/08/2026 10:46:42.649 DEBUG com.zaxxer.hikari.HikariConfig - metricRegistry..................none
05/08/2026 10:46:42.649 DEBUG com.zaxxer.hikari.HikariConfig - metricsTrackerFactory...........none
05/08/2026 10:46:42.649 DEBUG com.zaxxer.hikari.HikariConfig - minimumIdle.....................10
05/08/2026 10:46:42.649 DEBUG com.zaxxer.hikari.HikariConfig - password........................<masked>
05/08/2026 10:46:42.650 DEBUG com.zaxxer.hikari.HikariConfig - poolName........................"HikariPool-1"
05/08/2026 10:46:42.650 DEBUG com.zaxxer.hikari.HikariConfig - readOnly........................false
05/08/2026 10:46:42.650 DEBUG com.zaxxer.hikari.HikariConfig - registerMbeans..................false
05/08/2026 10:46:42.650 DEBUG com.zaxxer.hikari.HikariConfig - scheduledExecutor...............none
05/08/2026 10:46:42.650 DEBUG com.zaxxer.hikari.HikariConfig - schema..........................none
05/08/2026 10:46:42.650 DEBUG com.zaxxer.hikari.HikariConfig - threadFactory...................internal
05/08/2026 10:46:42.650 DEBUG com.zaxxer.hikari.HikariConfig - transactionIsolation............default
05/08/2026 10:46:42.650 DEBUG com.zaxxer.hikari.HikariConfig - username........................"root"
05/08/2026 10:46:42.650 DEBUG com.zaxxer.hikari.HikariConfig - validationTimeout...............5000
05/08/2026 10:46:42.650 INFO  com.zaxxer.hikari.HikariDataSource - HikariPool-1 - Starting...
05/08/2026 10:46:42.661 DEBUG com.zaxxer.hikari.pool.PoolBase - HikariPool-1 - Attempting to create/setup new connection (442eaa2f-fbff-48ce-9ac8-fa0c4f73e8b6)
05/08/2026 10:46:42.743 DEBUG o.m.jdbc.message.server.OkPacket - Database change: is 'authenticationservice'
05/08/2026 10:46:42.743 DEBUG o.m.jdbc.client.impl.StandardClient - execute query: set sql_mode=CONCAT(@@sql_mode,',STRICT_TRANS_TABLES'),session_track_system_variables = CONCAT(@@global.session_track_system_variables,',transaction_isolation'),NAMES utf8mb4
05/08/2026 10:46:42.750 DEBUG o.m.jdbc.message.server.OkPacket - System variable change:  character_set_client = utf8mb4
05/08/2026 10:46:42.750 DEBUG o.m.jdbc.message.server.OkPacket - System variable change:  character_set_connection = utf8mb4
05/08/2026 10:46:42.750 DEBUG o.m.jdbc.message.server.OkPacket - System variable change:  character_set_results = utf8mb4
05/08/2026 10:46:42.755 DEBUG o.m.jdbc.client.impl.StandardClient - execute query: SELECT @@session.transaction_isolation
05/08/2026 10:46:42.759 DEBUG com.zaxxer.hikari.pool.PoolBase - HikariPool-1 - Established new connection (442eaa2f-fbff-48ce-9ac8-fa0c4f73e8b6)
05/08/2026 10:46:42.759 INFO  com.zaxxer.hikari.pool.HikariPool - HikariPool-1 - Added connection org.mariadb.jdbc.Connection@3359c3f6
05/08/2026 10:46:42.761 INFO  com.zaxxer.hikari.HikariDataSource - HikariPool-1 - Start completed.
05/08/2026 10:46:42.768 DEBUG org.hibernate.orm.jdbc - HHH100017: Database:
	name: MariaDB
	version: 11.4.0-MariaDB
	major: 11
	minor: 4
05/08/2026 10:46:42.770 DEBUG org.hibernate.orm.jdbc - HHH100018: Driver:
	name: MariaDB Connector/J
	version: 3.5.6
	major: 3
	minor: 5
	JDBC version: 4.2
05/08/2026 10:46:42.794 DEBUG o.m.jdbc.client.impl.StandardClient - execute query: SELECT @@character_set_database, @@sql_mode
05/08/2026 10:46:42.806 DEBUG org.hibernate.orm.dialect - HHH035001: Using dialect: org.hibernate.dialect.MariaDBDialect, version: 11.4
05/08/2026 10:46:42.810 DEBUG o.m.jdbc.client.impl.StandardClient - execute query: select @@lower_case_table_names
05/08/2026 10:46:42.811 DEBUG o.h.e.j.e.s.IdentifierHelperBuilder - IdentifierCaseStrategy for both quoted and unquoted identifiers was set to the same strategy [LOWER]; that will likely lead to problems in schema update and validation if using quoted identifiers
05/08/2026 10:46:42.813 DEBUG o.m.jdbc.client.impl.StandardClient - execute query: SELECT @@session.transaction_isolation
05/08/2026 10:46:42.816 DEBUG org.hibernate.orm.jdbc - HHH100122: Using default JDBC fetch size: 0
05/08/2026 10:46:42.823 INFO  o.hibernate.orm.connections.pooling - HHH10001005: Database info:
	Database JDBC URL [jdbc:mariadb://localhost/AuthenticationService?user=root]
	Database driver: MariaDB Connector/J
	Database dialect: MariaDBDialect
	Database version: 11.4
	Default catalog/schema: authenticationservice/undefined
	Autocommit mode: undefined/unknown
	Isolation level: REPEATABLE_READ [default REPEATABLE_READ]
	JDBC fetch size: none
	Pool: DatasourceConnectionProviderImpl
	Minimum pool size: undefined/unknown
	Maximum pool size: undefined/unknown
05/08/2026 10:46:42.865 DEBUG com.zaxxer.hikari.pool.HikariPool - HikariPool-1 - Pool stats (total=1/10, idle=1/10, active=0, waiting=0)
05/08/2026 10:46:42.867 DEBUG com.zaxxer.hikari.pool.PoolBase - HikariPool-1 - Attempting to create/setup new connection (83d4f21e-11a4-40a4-942c-bd92369670c9)
05/08/2026 10:46:42.869 DEBUG o.m.jdbc.message.server.OkPacket - Database change: is 'authenticationservice'
05/08/2026 10:46:42.869 DEBUG o.m.jdbc.client.impl.StandardClient - execute query: set sql_mode=CONCAT(@@sql_mode,',STRICT_TRANS_TABLES'),session_track_system_variables = CONCAT(@@global.session_track_system_variables,',transaction_isolation'),NAMES utf8mb4
05/08/2026 10:46:42.871 DEBUG o.m.jdbc.message.server.OkPacket - System variable change:  character_set_client = utf8mb4
05/08/2026 10:46:42.871 DEBUG o.m.jdbc.message.server.OkPacket - System variable change:  character_set_connection = utf8mb4
05/08/2026 10:46:42.871 DEBUG o.m.jdbc.message.server.OkPacket - System variable change:  character_set_results = utf8mb4
05/08/2026 10:46:42.871 DEBUG com.zaxxer.hikari.pool.PoolBase - HikariPool-1 - Established new connection (83d4f21e-11a4-40a4-942c-bd92369670c9)
05/08/2026 10:46:42.871 DEBUG com.zaxxer.hikari.pool.HikariPool - HikariPool-1 - Added connection org.mariadb.jdbc.Connection@4d06f804
05/08/2026 10:46:42.911 DEBUG com.zaxxer.hikari.pool.HikariPool - HikariPool-1 - After adding stats (total=2/10, idle=2/10, active=0, waiting=0)
05/08/2026 10:46:42.911 DEBUG com.zaxxer.hikari.pool.PoolBase - HikariPool-1 - Attempting to create/setup new connection (a07f515b-c517-4682-8d98-9eb78f4247a4)
05/08/2026 10:46:42.915 DEBUG o.m.jdbc.message.server.OkPacket - Database change: is 'authenticationservice'
05/08/2026 10:46:42.915 DEBUG o.m.jdbc.client.impl.StandardClient - execute query: set sql_mode=CONCAT(@@sql_mode,',STRICT_TRANS_TABLES'),session_track_system_variables = CONCAT(@@global.session_track_system_variables,',transaction_isolation'),NAMES utf8mb4
05/08/2026 10:46:42.915 DEBUG o.m.jdbc.message.server.OkPacket - System variable change:  character_set_client = utf8mb4
05/08/2026 10:46:42.915 DEBUG o.m.jdbc.message.server.OkPacket - System variable change:  character_set_connection = utf8mb4
05/08/2026 10:46:42.915 DEBUG o.m.jdbc.message.server.OkPacket - System variable change:  character_set_results = utf8mb4
05/08/2026 10:46:42.915 DEBUG com.zaxxer.hikari.pool.PoolBase - HikariPool-1 - Established new connection (a07f515b-c517-4682-8d98-9eb78f4247a4)
05/08/2026 10:46:42.915 DEBUG com.zaxxer.hikari.pool.HikariPool - HikariPool-1 - Added connection org.mariadb.jdbc.Connection@2d29074b
05/08/2026 10:46:42.959 DEBUG com.zaxxer.hikari.pool.HikariPool - HikariPool-1 - After adding stats (total=3/10, idle=3/10, active=0, waiting=0)
05/08/2026 10:46:42.959 DEBUG com.zaxxer.hikari.pool.PoolBase - HikariPool-1 - Attempting to create/setup new connection (8d817d24-5072-4e2d-86b0-c74d724c7787)
05/08/2026 10:46:42.961 DEBUG o.m.jdbc.message.server.OkPacket - Database change: is 'authenticationservice'
05/08/2026 10:46:42.961 DEBUG o.m.jdbc.client.impl.StandardClient - execute query: set sql_mode=CONCAT(@@sql_mode,',STRICT_TRANS_TABLES'),session_track_system_variables = CONCAT(@@global.session_track_system_variables,',transaction_isolation'),NAMES utf8mb4
05/08/2026 10:46:42.961 DEBUG o.m.jdbc.message.server.OkPacket - System variable change:  character_set_client = utf8mb4
05/08/2026 10:46:42.961 DEBUG o.m.jdbc.message.server.OkPacket - System variable change:  character_set_connection = utf8mb4
05/08/2026 10:46:42.961 DEBUG o.m.jdbc.message.server.OkPacket - System variable change:  character_set_results = utf8mb4
05/08/2026 10:46:42.961 DEBUG com.zaxxer.hikari.pool.PoolBase - HikariPool-1 - Established new connection (8d817d24-5072-4e2d-86b0-c74d724c7787)
05/08/2026 10:46:42.961 DEBUG com.zaxxer.hikari.pool.HikariPool - HikariPool-1 - Added connection org.mariadb.jdbc.Connection@2967dec3
05/08/2026 10:46:43.000 DEBUG o.s.o.j.h.SpringBeanContainer - Falling back to Hibernate's default producer after bean creation failure for interface org.hibernate.context.spi.CurrentTenantIdentifierResolver: org.springframework.beans.factory.NoSuchBeanDefinitionException: No qualifying bean of type 'org.hibernate.context.spi.CurrentTenantIdentifierResolver<?>' available
05/08/2026 10:46:43.005 DEBUG com.zaxxer.hikari.pool.HikariPool - HikariPool-1 - After adding stats (total=4/10, idle=4/10, active=0, waiting=0)
05/08/2026 10:46:43.005 DEBUG com.zaxxer.hikari.pool.PoolBase - HikariPool-1 - Attempting to create/setup new connection (c4dc491b-20e5-4703-ab95-a8f4c8ea7ad7)
05/08/2026 10:46:43.007 DEBUG o.m.jdbc.message.server.OkPacket - Database change: is 'authenticationservice'
05/08/2026 10:46:43.009 DEBUG o.m.jdbc.client.impl.StandardClient - execute query: set sql_mode=CONCAT(@@sql_mode,',STRICT_TRANS_TABLES'),session_track_system_variables = CONCAT(@@global.session_track_system_variables,',transaction_isolation'),NAMES utf8mb4
05/08/2026 10:46:43.009 DEBUG o.m.jdbc.message.server.OkPacket - System variable change:  character_set_client = utf8mb4
05/08/2026 10:46:43.009 DEBUG o.m.jdbc.message.server.OkPacket - System variable change:  character_set_connection = utf8mb4
05/08/2026 10:46:43.009 DEBUG o.m.jdbc.message.server.OkPacket - System variable change:  character_set_results = utf8mb4
05/08/2026 10:46:43.009 DEBUG com.zaxxer.hikari.pool.PoolBase - HikariPool-1 - Established new connection (c4dc491b-20e5-4703-ab95-a8f4c8ea7ad7)
05/08/2026 10:46:43.009 DEBUG com.zaxxer.hikari.pool.HikariPool - HikariPool-1 - Added connection org.mariadb.jdbc.Connection@2b3f9f23
05/08/2026 10:46:43.052 DEBUG com.zaxxer.hikari.pool.HikariPool - HikariPool-1 - After adding stats (total=5/10, idle=5/10, active=0, waiting=0)
05/08/2026 10:46:43.052 DEBUG com.zaxxer.hikari.pool.PoolBase - HikariPool-1 - Attempting to create/setup new connection (14f63c39-5cec-49f4-9c88-38058ab1e8b1)
05/08/2026 10:46:43.054 DEBUG o.m.jdbc.message.server.OkPacket - Database change: is 'authenticationservice'
05/08/2026 10:46:43.055 DEBUG o.m.jdbc.client.impl.StandardClient - execute query: set sql_mode=CONCAT(@@sql_mode,',STRICT_TRANS_TABLES'),session_track_system_variables = CONCAT(@@global.session_track_system_variables,',transaction_isolation'),NAMES utf8mb4
05/08/2026 10:46:43.055 DEBUG o.m.jdbc.message.server.OkPacket - System variable change:  character_set_client = utf8mb4
05/08/2026 10:46:43.055 DEBUG o.m.jdbc.message.server.OkPacket - System variable change:  character_set_connection = utf8mb4
05/08/2026 10:46:43.055 DEBUG o.m.jdbc.message.server.OkPacket - System variable change:  character_set_results = utf8mb4
05/08/2026 10:46:43.055 DEBUG com.zaxxer.hikari.pool.PoolBase - HikariPool-1 - Established new connection (14f63c39-5cec-49f4-9c88-38058ab1e8b1)
05/08/2026 10:46:43.055 DEBUG com.zaxxer.hikari.pool.HikariPool - HikariPool-1 - Added connection org.mariadb.jdbc.Connection@31e33ffa
05/08/2026 10:46:43.069 DEBUG o.h.internal.SessionFactoryImpl - HHH000030: Instantiating factory [4aaad63f-d031-4592-99f4-00e3c85cbb24] with settings: {java.specification.version=21, sun.cpu.isalist=amd64, hibernate.resource.beans.container=org.springframework.orm.jpa.hibernate.SpringBeanContainer@18be3205, hibernate.connection.handling_mode=DELAYED_ACQUISITION_AND_HOLD, sun.jnu.encoding=Cp1252, hibernate.implicit_naming_strategy=org.hibernate.boot.model.naming.ImplicitNamingStrategyLegacyJpaImpl, java.class.path=C:\Users\termo\Desktop\workspace\TruckingConfiguration\Modules\NeptuneWebAutheticator\target\NeptuneWebAutheticator-0.0.1-SNAPSHOT.jar, java.vm.vendor=Oracle Corporation, sun.arch.data.model=64, user.variant=, java.vendor.url=https://java.oracle.com/, catalina.useNaming=false, user.timezone=Europe/Rome, jakarta.persistence.sharedCache.mode=UNSPECIFIED, org.jboss.logging.provider=slf4j, hibernate.jdbc.time_zone=UTC, java.vm.specification.version=21, os.name=Windows 11, APPLICATION_NAME=NeptuneWebAutheticator, jakarta.persistence.nonJtaDataSource=HikariDataSource (HikariPool-1), sun.java.launcher=SUN_STANDARD, user.country=IT, sun.boot.library.path=C:\Program Files\Java\jdk-21\bin, sun.java.command=C:\Users\termo\Desktop\workspace\TruckingConfiguration\Modules\NeptuneWebAutheticator\target\NeptuneWebAutheticator-0.0.1-SNAPSHOT.jar C:\Users\termo\Desktop\workspace\TruckingConfiguration\Modules\NeptuneWebAutheticator\src\main\java\com\NeptuneWebAutheticator\C:\Users\termo\Desktop\workspace\TruckingConfiguration\Modules\NeptuneWebAutheticator\src\main\resources\application.properties, javax.persistence.nonJtaDataSource=HikariDataSource (HikariPool-1), hibernate.transaction.jta.platform=org.hibernate.engine.transaction.jta.platform.internal.NoJtaPlatform@6fd97fd1, jdk.debug=release, sun.cpu.endian=little, hibernate.cdi.extensions=true, user.home=C:\Users\termo, user.language=it, sun.stderr.encoding=windows-1252, java.specification.vendor=Oracle Corporation, java.version.date=2023-10-17, java.home=C:\Program Files\Java\jdk-21, file.separator=\, java.vm.compressedOopsMode=Zero based, sun.stdout.encoding=windows-1252, line.separator=
, hibernate.persistenceUnitName=default, java.vm.specification.vendor=Oracle Corporation, java.specification.name=Java Platform API Specification, FILE_LOG_CHARSET=UTF-8, hibernate.transaction.coordinator_class=class org.hibernate.resource.transaction.backend.jdbc.internal.JdbcResourceLocalTransactionCoordinatorBuilderImpl, java.awt.headless=true, jakarta.persistence.validation.mode=AUTO, hibernate.hbm2ddl.auto=update, user.script=, java.protocol.handler.pkgs=org.springframework.boot.loader.net.protocol, sun.management.compiler=HotSpot 64-Bit Tiered Compilers, java.runtime.version=21.0.1+12-LTS-29, user.name=termo, stdout.encoding=windows-1252, path.separator=;, os.version=10.0, java.runtime.name=Java(TM) SE Runtime Environment, file.encoding=windows-1252, java.vm.name=Java HotSpot(TM) 64-Bit Server VM, java.vendor.url.bug=https://bugreport.java.com/bugreport/, java.io.tmpdir=C:\Users\termo\AppData\Local\Temp\, catalina.home=C:\Users\termo\AppData\Local\Temp\tomcat.8080.16535107200376300215, java.version=21.0.1, hibernate.physical_naming_strategy=org.hibernate.boot.model.naming.PhysicalNamingStrategyStandardImpl, user.dir=C:\Users\termo\Desktop\workspace\TruckingConfiguration\Modules\NeptuneWebAutheticator, os.arch=amd64, java.vm.specification.name=Java Virtual Machine Specification, PID=13860, sun.os.patch.level=, CONSOLE_LOG_CHARSET=windows-1252, catalina.base=C:\Users\termo\AppData\Local\Temp\tomcat.8080.16535107200376300215, hibernate.boot.CfgXmlAccessService.key=org.hibernate.boot.registry.StandardServiceRegistryBuilder$1@12c78f36, native.encoding=Cp1252, java.library.path=C:\Program Files\Java\jdk-21\bin;C:\WINDOWS\Sun\Java\bin;C:\WINDOWS\system32;C:\WINDOWS;C:\Program Files\apache-maven-3.9.9\bin;C:\Windows\System32;C:\Windows;C:\Windows\System32\wbem;C:\Windows\System32\WindowsPowerShell\v1.0\;C:\Windows\System32\OpenSSH\;C:\Program Files\PuTTY\;C:\Program Files\Git\cmd;C:\Program Files\TortoiseSVN\bin;C:\Program Files\Microsoft SQL Server\150\Tools\Binn\;C:\Users\termo\AppData\Roaming\nvm;C:\Program Files\nodejs;C:\xampp\php;C:\Program Files\WireGuard\;C:\Program Files (x86)\GnuPG\bin;C:\ProgramData\chocolatey\bin;C:\Program Files\Docker\Docker\resources\bin;C:\composer;C:\Program Files\PuTTY;C:\Program Files\dotnet\;C:\Program Files\Java\jdk-21\bin;C:\Windows\System32;C:\Program Files\MariaDB 11.4\bin;C:\Program Files\Microsoft Visual Studio\2022\Community\VC\Tools\MSVC\14.42.34433\bin\Hostx64\x64;C:\Python27;C:\src\flutter\bin;C:\Program Files (x86)\Windows Kits\10\Windows Performance Toolkit\;C:\Users\termo\AppData\Local\Programs\Python\Python313\Scripts\;C:\Users\termo\AppData\Local\Programs\Python\Python313\;C:\Users\termo\AppData\Local\Microsoft\WindowsApps;C:\Program Files\JetBrains\IntelliJ IDEA 2023.3.2\bin;;C:\Program Files\JetBrains\IntelliJ IDEA Community Edition 2023.3.2\bin;;C:\Users\termo\.dotnet\tools;C:\Users\termo\AppData\Roaming\npm;C:\Users\termo\AppData\Roaming\nvm;C:\Program Files\nodejs;C:\Users\termo\AppData\Local\GitHubDesktop\bin;C:\Users\termo\.jdks\temurin-1.8.0_392\bin;C:\Program Files\Java\jdk-21;C:\Program Files\apache-maven-3.9.9\bin;C:\Users\termo\AppData\Roaming\Composer\vendor\bin;C:\Users\termo\AppData\Local\Programs\Microsoft VS Code\bin;., stderr.encoding=windows-1252, java.vendor=Oracle Corporation, java.vm.info=mixed mode, sharing, java.vm.version=21.0.1+12-LTS-29, sun.io.unicode.encoding=UnicodeLittle, hibernate.archive.scanner=org.hibernate.boot.archive.scan.internal.DisabledScanner, hibernate.connection.datasource=HikariDataSource (HikariPool-1), java.class.version=65.0, LOGGED_APPLICATION_NAME=[NeptuneWebAutheticator] }
05/08/2026 10:46:43.100 DEBUG com.zaxxer.hikari.pool.HikariPool - HikariPool-1 - After adding stats (total=6/10, idle=6/10, active=0, waiting=0)
05/08/2026 10:46:43.100 DEBUG com.zaxxer.hikari.pool.PoolBase - HikariPool-1 - Attempting to create/setup new connection (8b282f4b-d2b5-41b2-9be1-310dfafdc3c9)
05/08/2026 10:46:43.103 DEBUG o.m.jdbc.message.server.OkPacket - Database change: is 'authenticationservice'
05/08/2026 10:46:43.103 DEBUG o.m.jdbc.client.impl.StandardClient - execute query: set sql_mode=CONCAT(@@sql_mode,',STRICT_TRANS_TABLES'),session_track_system_variables = CONCAT(@@global.session_track_system_variables,',transaction_isolation'),NAMES utf8mb4
05/08/2026 10:46:43.103 DEBUG o.m.jdbc.message.server.OkPacket - System variable change:  character_set_client = utf8mb4
05/08/2026 10:46:43.103 DEBUG o.m.jdbc.message.server.OkPacket - System variable change:  character_set_connection = utf8mb4
05/08/2026 10:46:43.103 DEBUG o.m.jdbc.message.server.OkPacket - System variable change:  character_set_results = utf8mb4
05/08/2026 10:46:43.103 DEBUG com.zaxxer.hikari.pool.PoolBase - HikariPool-1 - Established new connection (8b282f4b-d2b5-41b2-9be1-310dfafdc3c9)
05/08/2026 10:46:43.103 DEBUG com.zaxxer.hikari.pool.HikariPool - HikariPool-1 - Added connection org.mariadb.jdbc.Connection@6f801c7b
05/08/2026 10:46:43.146 DEBUG com.zaxxer.hikari.pool.HikariPool - HikariPool-1 - After adding stats (total=7/10, idle=7/10, active=0, waiting=0)
05/08/2026 10:46:43.146 DEBUG com.zaxxer.hikari.pool.PoolBase - HikariPool-1 - Attempting to create/setup new connection (ce4ecff9-63e2-4f1c-bedf-0f4eb4f72cdb)
05/08/2026 10:46:43.148 DEBUG o.m.jdbc.message.server.OkPacket - Database change: is 'authenticationservice'
05/08/2026 10:46:43.148 DEBUG o.m.jdbc.client.impl.StandardClient - execute query: set sql_mode=CONCAT(@@sql_mode,',STRICT_TRANS_TABLES'),session_track_system_variables = CONCAT(@@global.session_track_system_variables,',transaction_isolation'),NAMES utf8mb4
05/08/2026 10:46:43.148 DEBUG o.m.jdbc.message.server.OkPacket - System variable change:  character_set_client = utf8mb4
05/08/2026 10:46:43.148 DEBUG o.m.jdbc.message.server.OkPacket - System variable change:  character_set_connection = utf8mb4
05/08/2026 10:46:43.148 DEBUG o.m.jdbc.message.server.OkPacket - System variable change:  character_set_results = utf8mb4
05/08/2026 10:46:43.148 DEBUG com.zaxxer.hikari.pool.PoolBase - HikariPool-1 - Established new connection (ce4ecff9-63e2-4f1c-bedf-0f4eb4f72cdb)
05/08/2026 10:46:43.148 DEBUG com.zaxxer.hikari.pool.HikariPool - HikariPool-1 - Added connection org.mariadb.jdbc.Connection@113fc541
05/08/2026 10:46:43.157 DEBUG org.hibernate.HQL_FUNCTIONS - Available HQL Functions:
	abs(NUMERIC arg)
	Double acos(NUMERIC arg)
	adddate(DATE datetime, INTEGER days)
	addtime(TIME datetime, TIME time)
	Boolean any(BOOLEAN arg)
	Integer ascii(STRING arg)
	Double asin(NUMERIC arg)
	Double atan(NUMERIC arg)
	Double atan2(NUMERIC arg0, NUMERIC arg1)
	avg(arg)
	bit_and(arg)
	Integer bit_length(STRING_OR_CLOB arg)
	bit_or(arg)
	bitand(arg0, arg1)
	bitnot(arg)
	bitor(arg0, arg1)
	bitxor(arg0, arg1)
	cast(arg as Type)
	ceiling(NUMERIC arg)
	Character char(INTEGER arg)
	Integer character_length(STRING_OR_CLOB arg)
	Character chr(INTEGER arg)
	coalesce(arg0[, arg1[, ...]])
	String collate(STRING string as COLLATION collation)
	String concat(STRING string0[, STRING string1[, ...]])
	Double cos(NUMERIC arg)
	Double cosh(NUMERIC arg)
	Double cot(NUMERIC arg)
	Long count([distinct ]{arg|*})
	Integer crc32(arg)
	Double cume_dist([arg0[, ...]])
	Date curdate()
	Date current date
	Time current time
	Timestamp current timestamp
	Date current_date
	Instant current_instant
	Time current_time
	Timestamp current_timestamp
	Time curtime()
	Date date(arg)
	dateadd(TEMPORAL_UNIT field, INTEGER magnitude, TEMPORAL datetime)
	Integer datediff(DATE end, DATE start)
	Integer day(DATE arg)
	String dayname(DATE arg)
	Integer dayofmonth(DATE arg)
	Integer dayofweek(DATE arg)
	Integer dayofyear(DATE arg)
	Double degrees(NUMERIC arg)
	Long dense_rank([arg0[, ...]])
	Boolean every(BOOLEAN arg)
	Double exp(NUMERIC arg)
	extract(TEMPORAL_UNIT field from TEMPORAL arg)
	first_valueANY value
	floor(NUMERIC arg)
	String format(TEMPORAL datetime as STRING pattern)
	greatest(COMPARABLE arg0, COMPARABLE arg1[, arg2[, ...]])
	String hex(arg)
	Integer hour(TIME arg)
	ifnull(arg0, arg1)
	String insert(STRING string, INTEGER start, INTEGER length, STRING replacement)
	Instant instant
	Integer instr(STRING string, STRING pattern[, INTEGER start[, INTEGER occurrence]])
	String json_array([arg0[, ...]])
	String json_array_append(IMPLICIT_JSON arg0, STRING arg1, ANY arg2)
	String json_array_insert(IMPLICIT_JSON arg0, STRING arg1, ANY arg2)
	String json_arrayagg(arg0[, arg1])
	Boolean json_exists(IMPLICIT_JSON arg0, STRING arg1)
	String json_insert(IMPLICIT_JSON arg0, STRING arg1, ANY arg2)
	String json_mergepatch(IMPLICIT_JSON arg0, IMPLICIT_JSON arg1[, arg2[, ...]])
	String json_object( ... )
	String json_objectagg(arg0, arg1[, arg2, arg3])
	String json_query( ... )
	String json_remove(IMPLICIT_JSON arg0, STRING arg1)
	String json_replace(IMPLICIT_JSON arg0, STRING arg1, ANY arg2)
	String json_set(IMPLICIT_JSON arg0, STRING arg1, ANY arg2)
	Boolean json_valid([arg0[, ...]])
	json_value( ... )
	lagANY value[, INTEGER offset[, ANY default]]
	Date last_day(DATE arg)
	last_valueANY value
	leadANY value[, INTEGER offset[, ANY default]]
	least(COMPARABLE arg0, COMPARABLE arg1[, arg2[, ...]])
	String left(STRING string, INTEGER length)
	Integer length(STRING_OR_CLOB arg)
	String listagg(STRING arg0, STRING arg1)
	Double ln(NUMERIC arg)
	LocalDate local date
	LocalDateTime local datetime
	LocalTime local time
	LocalDate local_date
	LocalDateTime local_datetime
	LocalTime local_time
	Time localtime
	Timestamp localtimestamp
	Integer locate(STRING pattern, STRING string[, INTEGER start])
	Double log(NUMERIC arg0[, NUMERIC arg1])
	Double log10(NUMERIC arg)
	Double log2(NUMERIC arg)
	String lower(STRING string)
	String lpad(string, length[, padding])
	String ltrim(STRING string[, STRING characters])
	Date makedate(INTEGER year, INTEGER dayofyear)
	Time maketime(INTEGER hour, INTEGER min, INTEGER sec)
	max(COMPARABLE arg)
	byte[] md5(arg)
	Double median(NUMERIC arg)
	Integer microsecond(TIME arg)
	min(COMPARABLE arg)
	Integer minute(TIME arg)
	Integer mod(INTEGER arg0, INTEGER arg1)
	Integer month(DATE arg)
	String monthname(DATE arg)
	Timestamp now()
	nth_valueANY value, INTEGER nth
	nullif(arg0, arg1)
	Integer octet_length(STRING_OR_CLOB arg)
	OffsetDateTime offset datetime
	OffsetDateTime offset_datetime
	Integer ordinal(ENUM arg)
	String overlay(STRING string placing STRING replacement from INTEGER start[ for INTEGER length])
	String pad(STRING string with INTEGER length {leading|trailing}[ STRING character])
	Double percent_rank([arg0[, ...]])
	percentile_cont(NUMERIC arg)
	percentile_disc(NUMERIC arg)
	Double pi
	Integer position(STRING pattern in STRING string)
	Double power(NUMERIC arg0, NUMERIC arg1)
	Integer quarter(DATE arg)
	Double radians(NUMERIC arg)
	Double rand([INTEGER seed])
	Long rank([arg0[, ...]])
	String repeat(STRING string, INTEGER times)
	String replace(STRING string, STRING pattern, STRING replacement)
	String reverse(STRING arg)
	String right(STRING string, INTEGER length)
	round(NUMERIC number[, INTEGER places])
	Long row_number()
	String rpad(string, length[, padding])
	String rtrim(STRING string[, STRING characters])
	Integer second(TIME arg)
	byte[] sha(arg)
	String sha1(arg)
	String sha2(arg0, arg1)
	Integer sign(NUMERIC arg)
	Double sin(NUMERIC arg)
	Double sinh(NUMERIC arg)
	String soundex(arg)
	String space(INTEGER arg)
	sql
	Double sqrt(NUMERIC arg)
	Double stddev(NUMERIC arg)
	Double stddev_pop(NUMERIC arg)
	Double stddev_samp(NUMERIC arg)
	String str(arg)
	String string(ENUM arg)
	subdate(DATE datetime, INTEGER days)
	String substr(STRING string, INTEGER start[, INTEGER length])
	String substring(STRING string{ from|,} INTEGER start[{ for|,} INTEGER length])
	subtime(TIME datetime, TIME time)
	sum(arg)
	Timestamp sysdate()
	Double tan(NUMERIC arg)
	Double tanh(NUMERIC arg)
	String time(arg)
	Timestamp timestamp(arg0[, arg1])
	timestampadd(TEMPORAL_UNIT field, INTEGER magnitude, TEMPORAL datetime)
	Long|Double timestampdiff(TEMPORAL_UNIT field, TEMPORAL start, TEMPORAL end)
	String trim([[{leading|trailing|both} ][STRING arg0 ]from] STRING arg1)
	trunc( ... )
	truncate( ... )
	String upper(STRING string)
	Date utc_date
	Time utc_time
	Timestamp utc_timestamp
	Double var_pop(NUMERIC arg)
	Double var_samp(NUMERIC arg)
	Double variance(NUMERIC arg)
	Integer week(DATE arg)
	Integer year(DATE arg)

05/08/2026 10:46:43.193 DEBUG com.zaxxer.hikari.pool.HikariPool - HikariPool-1 - After adding stats (total=8/10, idle=8/10, active=0, waiting=0)
05/08/2026 10:46:43.193 DEBUG com.zaxxer.hikari.pool.PoolBase - HikariPool-1 - Attempting to create/setup new connection (0668638b-a85e-4844-90d6-8fb4a6898699)
05/08/2026 10:46:43.197 DEBUG o.m.jdbc.message.server.OkPacket - Database change: is 'authenticationservice'
05/08/2026 10:46:43.197 DEBUG o.m.jdbc.client.impl.StandardClient - execute query: set sql_mode=CONCAT(@@sql_mode,',STRICT_TRANS_TABLES'),session_track_system_variables = CONCAT(@@global.session_track_system_variables,',transaction_isolation'),NAMES utf8mb4
05/08/2026 10:46:43.197 DEBUG o.m.jdbc.message.server.OkPacket - System variable change:  character_set_client = utf8mb4
05/08/2026 10:46:43.197 DEBUG o.m.jdbc.message.server.OkPacket - System variable change:  character_set_connection = utf8mb4
05/08/2026 10:46:43.197 DEBUG o.m.jdbc.message.server.OkPacket - System variable change:  character_set_results = utf8mb4
05/08/2026 10:46:43.197 DEBUG com.zaxxer.hikari.pool.PoolBase - HikariPool-1 - Established new connection (0668638b-a85e-4844-90d6-8fb4a6898699)
05/08/2026 10:46:43.197 DEBUG com.zaxxer.hikari.pool.HikariPool - HikariPool-1 - Added connection org.mariadb.jdbc.Connection@2e023c9b
05/08/2026 10:46:43.239 DEBUG com.zaxxer.hikari.pool.HikariPool - HikariPool-1 - After adding stats (total=9/10, idle=9/10, active=0, waiting=0)
05/08/2026 10:46:43.239 DEBUG com.zaxxer.hikari.pool.PoolBase - HikariPool-1 - Attempting to create/setup new connection (1da4394d-e32c-4830-8efe-9986b6ba46b8)
05/08/2026 10:46:43.241 DEBUG o.m.jdbc.message.server.OkPacket - Database change: is 'authenticationservice'
05/08/2026 10:46:43.241 DEBUG o.m.jdbc.client.impl.StandardClient - execute query: set sql_mode=CONCAT(@@sql_mode,',STRICT_TRANS_TABLES'),session_track_system_variables = CONCAT(@@global.session_track_system_variables,',transaction_isolation'),NAMES utf8mb4
05/08/2026 10:46:43.242 DEBUG o.m.jdbc.message.server.OkPacket - System variable change:  character_set_client = utf8mb4
05/08/2026 10:46:43.242 DEBUG o.m.jdbc.message.server.OkPacket - System variable change:  character_set_connection = utf8mb4
05/08/2026 10:46:43.242 DEBUG o.m.jdbc.message.server.OkPacket - System variable change:  character_set_results = utf8mb4
05/08/2026 10:46:43.242 DEBUG com.zaxxer.hikari.pool.PoolBase - HikariPool-1 - Established new connection (1da4394d-e32c-4830-8efe-9986b6ba46b8)
05/08/2026 10:46:43.242 DEBUG com.zaxxer.hikari.pool.HikariPool - HikariPool-1 - Added connection org.mariadb.jdbc.Connection@5cfda763
05/08/2026 10:46:43.285 DEBUG com.zaxxer.hikari.pool.HikariPool - HikariPool-1 - After adding stats (total=10/10, idle=10/10, active=0, waiting=0)
05/08/2026 10:46:43.438 DEBUG o.h.b.i.b.BytecodeProviderImpl - HHH000513: Unable to create the ReflectionOptimizer for [com.NeptuneWebAutheticator.Entity.Tenant]: private accessor [password]
05/08/2026 10:46:43.455 DEBUG o.h.b.i.b.BytecodeProviderImpl - HHH000513: Unable to create the ReflectionOptimizer for [com.NeptuneWebAutheticator.Entity.Machine]: private accessor [ipAddress]
05/08/2026 10:46:43.464 DEBUG o.h.b.i.b.BytecodeProviderImpl - HHH000513: Unable to create the ReflectionOptimizer for [com.NeptuneWebAutheticator.Entity.Token]: private accessor [expirationDate]
05/08/2026 10:46:43.640 INFO  o.h.e.t.j.p.i.JtaPlatformInitiator - HHH000489: No JTA platform available (set 'hibernate.transaction.jta.platform' to enable JTA platform integration)
05/08/2026 10:46:43.644 DEBUG o.h.s.i.SessionFactoryServiceRegistryImpl - EventListenerRegistry access via ServiceRegistry is deprecated - use 'sessionFactory.getEventEngine().getListenerRegistry()' instead
05/08/2026 10:46:43.667 DEBUG o.m.jdbc.client.impl.StandardClient - execute query: select table_name from information_schema.TABLES where table_schema=database() and table_type='SEQUENCE'
05/08/2026 10:46:43.682 DEBUG o.m.jdbc.client.impl.StandardClient - execute query: SELECT TABLE_SCHEMA TABLE_CAT, NULL TABLE_SCHEM, TABLE_NAME,   IF(TABLE_SCHEMA IN ('mysql', 'performance_schema', 'sys'), IF(TABLE_TYPE='BASE TABLE', 'SYSTEM TABLE', IF(TABLE_TYPE='VIEW', 'SYSTEM VIEW', TABLE_TYPE)), IF(TABLE_TYPE='BASE TABLE' or TABLE_TYPE='SYSTEM VERSIONED', 'TABLE', IF(TABLE_TYPE='TEMPORARY', 'LOCAL TEMPORARY', TABLE_TYPE))) as TABLE_TYPE,  TABLE_COMMENT REMARKS, NULL TYPE_CAT, NULL TYPE_SCHEM, NULL TYPE_NAME, NULL SELF_REFERENCING_COL_NAME,  NULL REF_GENERATION FROM INFORMATION_SCHEMA.TABLES WHERE TABLE_SCHEMA='authenticationservice' AND  TABLE_TYPE IN ('BASE TABLE','SYSTEM VERSIONED','VIEW') ORDER BY TABLE_TYPE,TABLE_CAT,TABLE_SCHEMA,TABLE_NAME
05/08/2026 10:46:43.686 DEBUG o.m.jdbc.client.impl.StandardClient - execute query: SELECT TABLE_SCHEMA TABLE_CAT, NULL TABLE_SCHEM, TABLE_NAME, COLUMN_NAME, CASE data_type WHEN 'bit' THEN -7 WHEN 'tinyblob' THEN -3 WHEN 'mediumblob' THEN -4 WHEN 'longblob' THEN -4 WHEN 'blob' THEN -4 WHEN 'tinytext' THEN 12 WHEN 'mediumtext' THEN -1 WHEN 'longtext' THEN -1 WHEN 'text' THEN -1 WHEN 'date' THEN 91 WHEN 'datetime' THEN 93 WHEN 'decimal' THEN 3 WHEN 'double' THEN 8 WHEN 'enum' THEN 12 WHEN 'float' THEN 7 WHEN 'int' THEN IF( COLUMN_TYPE like '%unsigned%', 4,4) WHEN 'bigint' THEN -5 WHEN 'mediumint' THEN 4 WHEN 'null' THEN 0 WHEN 'set' THEN 12 WHEN 'smallint' THEN IF( COLUMN_TYPE like '%unsigned%', 5,5) WHEN 'varchar' THEN 12 WHEN 'varbinary' THEN -3 WHEN 'char' THEN 1 WHEN 'binary' THEN -2 WHEN 'time' THEN 92 WHEN 'timestamp' THEN 93 WHEN 'tinyint' THEN IF(COLUMN_TYPE like 'tinyint(1)%',16,-6)  WHEN 'year' THEN 91 ELSE 1111 END  DATA_TYPE, IF(COLUMN_TYPE like 'tinyint(1)%', 'BOOLEAN',  UCASE(IF( COLUMN_TYPE LIKE '%(%)%', CONCAT(SUBSTRING( COLUMN_TYPE,1, LOCATE('(',COLUMN_TYPE) - 1 ), SUBSTRING(COLUMN_TYPE ,1+locate(')', COLUMN_TYPE))), COLUMN_TYPE))) TYPE_NAME, CASE DATA_TYPE WHEN 'date' THEN 10  WHEN 'time' THEN IF(DATETIME_PRECISION = 0, 10, CAST(11 + DATETIME_PRECISION as signed integer))  WHEN 'datetime' THEN IF(DATETIME_PRECISION = 0, 19, CAST(20 + DATETIME_PRECISION as signed integer))  WHEN 'timestamp' THEN IF(DATETIME_PRECISION = 0, 19, CAST(20 + DATETIME_PRECISION as signed integer))  ELSE   IF(NUMERIC_PRECISION IS NULL, LEAST(CHARACTER_MAXIMUM_LENGTH,2147483647), NUMERIC_PRECISION)  END COLUMN_SIZE, 65535 BUFFER_LENGTH,  CONVERT (CASE DATA_TYPE WHEN 'year' THEN NUMERIC_SCALE WHEN 'tinyint' THEN 0 ELSE NUMERIC_SCALE END, UNSIGNED INTEGER) DECIMAL_DIGITS, 10 NUM_PREC_RADIX, IF(IS_NULLABLE = 'yes',1,0) NULLABLE,COLUMN_COMMENT REMARKS, COLUMN_DEFAULT COLUMN_DEF, 0 SQL_DATA_TYPE, 0 SQL_DATETIME_SUB,   LEAST(CHARACTER_OCTET_LENGTH,2147483647) CHAR_OCTET_LENGTH, ORDINAL_POSITION, IS_NULLABLE, NULL SCOPE_CATALOG, NULL SCOPE_SCHEMA, NULL SCOPE_TABLE, NULL SOURCE_DATA_TYPE, IF(EXTRA = 'auto_increment','YES','NO') IS_AUTOINCREMENT,  IF(EXTRA in ('VIRTUAL', 'PERSISTENT', 'VIRTUAL GENERATED', 'STORED GENERATED') ,'YES','NO') IS_GENERATEDCOLUMN  FROM INFORMATION_SCHEMA.COLUMNS WHERE TABLE_SCHEMA='authenticationservice' ORDER BY TABLE_CAT, TABLE_SCHEM, TABLE_NAME, ORDINAL_POSITION
05/08/2026 10:46:43.711 DEBUG org.hibernate.mapping.Table - No alter strings for table : Machines
05/08/2026 10:46:43.711 DEBUG org.hibernate.mapping.Table - No alter strings for table : Tenants
05/08/2026 10:46:43.711 DEBUG org.hibernate.mapping.Table - No alter strings for table : Token
05/08/2026 10:46:43.713 DEBUG o.m.jdbc.client.impl.StandardClient - execute query: SHOW CREATE TABLE `authenticationservice`.`machines`
05/08/2026 10:46:43.716 DEBUG o.m.jdbc.client.impl.StandardClient - execute query: SHOW CREATE TABLE `authenticationservice`.`tenants`
05/08/2026 10:46:43.718 DEBUG o.m.jdbc.client.impl.StandardClient - execute query: SELECT TABLE_SCHEMA TABLE_CAT, NULL TABLE_SCHEM, TABLE_NAME,   IF(TABLE_SCHEMA IN ('mysql', 'performance_schema', 'sys'), IF(TABLE_TYPE='BASE TABLE', 'SYSTEM TABLE', IF(TABLE_TYPE='VIEW', 'SYSTEM VIEW', TABLE_TYPE)), IF(TABLE_TYPE='BASE TABLE' or TABLE_TYPE='SYSTEM VERSIONED', 'TABLE', IF(TABLE_TYPE='TEMPORARY', 'LOCAL TEMPORARY', TABLE_TYPE))) as TABLE_TYPE,  TABLE_COMMENT REMARKS, NULL TYPE_CAT, NULL TYPE_SCHEM, NULL TYPE_NAME, NULL SELF_REFERENCING_COL_NAME,  NULL REF_GENERATION FROM INFORMATION_SCHEMA.TABLES WHERE TABLE_SCHEMA='authenticationservice' AND TABLE_NAME='tenants' AND  TABLE_TYPE IN ('BASE TABLE','SYSTEM VERSIONED','VIEW') ORDER BY TABLE_TYPE,TABLE_CAT,TABLE_SCHEMA,TABLE_NAME
05/08/2026 10:46:43.721 DEBUG o.m.jdbc.client.impl.StandardClient - execute query: select * from `authenticationservice`.`tenants` where 1=0
05/08/2026 10:46:43.725 DEBUG org.hibernate.orm.factoryRegistry - HHH020384: Registering SessionFactory: 4aaad63f-d031-4592-99f4-00e3c85cbb24 (default)
05/08/2026 10:46:43.726 INFO  o.s.o.j.LocalContainerEntityManagerFactoryBean - Initialized JPA EntityManagerFactory for persistence unit 'default'
05/08/2026 10:46:43.744 DEBUG o.s.b.f.s.DefaultListableBeanFactory - Creating shared instance of singleton bean 'neptuneWebAutheticatorApplication'
05/08/2026 10:46:43.745 DEBUG o.s.b.f.s.DefaultListableBeanFactory - Creating shared instance of singleton bean 'securityConfig'
05/08/2026 10:46:43.745 DEBUG o.s.b.f.s.DefaultListableBeanFactory - Creating shared instance of singleton bean 'authenticationController'
05/08/2026 10:46:43.750 DEBUG o.s.b.f.s.DefaultListableBeanFactory - Creating shared instance of singleton bean 'authenticationServiceImpl'
05/08/2026 10:46:43.751 DEBUG o.s.b.f.s.DefaultListableBeanFactory - Creating shared instance of singleton bean 'tenantRepository'
05/08/2026 10:46:43.757 DEBUG o.s.b.f.s.DefaultListableBeanFactory - Creating shared instance of singleton bean 'jpa.named-queries#2'
05/08/2026 10:46:43.759 DEBUG o.s.b.f.s.DefaultListableBeanFactory - Creating shared instance of singleton bean 'jpa.TenantRepository.fragments#0'
05/08/2026 10:46:43.761 DEBUG o.s.b.f.s.DefaultListableBeanFactory - Creating shared instance of singleton bean 'jpaSharedEM_entityManagerFactory'
05/08/2026 10:46:43.769 DEBUG o.s.b.f.s.DefaultListableBeanFactory - Creating shared instance of singleton bean 'jpaMappingContext'
05/08/2026 10:46:43.769 DEBUG o.s.d.j.r.c.JpaMetamodelMappingContextFactoryBean - Initializing JpaMetamodelMappingContext…
05/08/2026 10:46:43.787 DEBUG o.s.d.j.r.c.JpaMetamodelMappingContextFactoryBean - Finished initializing JpaMetamodelMappingContext
05/08/2026 10:46:43.810 INFO  o.s.d.j.r.q.QueryEnhancerFactories - Hibernate is in classpath; If applicable, HQL parser will be used.
05/08/2026 10:46:43.864 DEBUG o.s.d.r.c.s.RepositoryFactorySupport - Initializing repository instance for com.NeptuneWebAutheticator.Repository.TenantRepository…
05/08/2026 10:46:43.977 DEBUG org.hibernate.session.metrics - HHH000401: Logging session metrics:
	0 ns acquiring 0 JDBC connections
	0 ns releasing 0 JDBC connections
	0 ns preparing 0 JDBC statements
	0 ns executing 0 JDBC statements
	0 ns executing 0 JDBC batches
	0 ns performing 0 second-level cache puts
	0 ns performing 0 second-level cache hits
	0 ns performing 0 second-level cache misses
	0 ns executing 0 flushes (flushing a total of 0 entities and 0 collections)
	0 ns executing 0 pre-partial-flushes
	0 ns executing 0 partial-flushes (flushing a total of 0 entities and 0 collections)

05/08/2026 10:46:43.977 DEBUG o.s.d.j.repository.query.NamedQuery - Did not find named query Tenant.findByUsername.count
05/08/2026 10:46:44.504 DEBUG org.hibernate.session.metrics - HHH000401: Logging session metrics:
	0 ns acquiring 0 JDBC connections
	0 ns releasing 0 JDBC connections
	0 ns preparing 0 JDBC statements
	0 ns executing 0 JDBC statements
	0 ns executing 0 JDBC batches
	0 ns performing 0 second-level cache puts
	0 ns performing 0 second-level cache hits
	0 ns performing 0 second-level cache misses
	0 ns executing 0 flushes (flushing a total of 0 entities and 0 collections)
	0 ns executing 0 pre-partial-flushes
	0 ns executing 0 partial-flushes (flushing a total of 0 entities and 0 collections)

05/08/2026 10:46:44.505 DEBUG org.hibernate.session.metrics - HHH000401: Logging session metrics:
	0 ns acquiring 0 JDBC connections
	0 ns releasing 0 JDBC connections
	0 ns preparing 0 JDBC statements
	0 ns executing 0 JDBC statements
	0 ns executing 0 JDBC batches
	0 ns performing 0 second-level cache puts
	0 ns performing 0 second-level cache hits
	0 ns performing 0 second-level cache misses
	0 ns executing 0 flushes (flushing a total of 0 entities and 0 collections)
	0 ns executing 0 pre-partial-flushes
	0 ns executing 0 partial-flushes (flushing a total of 0 entities and 0 collections)

05/08/2026 10:46:44.505 DEBUG o.s.d.j.repository.query.NamedQuery - Did not find named query Tenant.findByUsernameAndPassword.count
05/08/2026 10:46:44.516 DEBUG org.hibernate.session.metrics - HHH000401: Logging session metrics:
	0 ns acquiring 0 JDBC connections
	0 ns releasing 0 JDBC connections
	0 ns preparing 0 JDBC statements
	0 ns executing 0 JDBC statements
	0 ns executing 0 JDBC batches
	0 ns performing 0 second-level cache puts
	0 ns performing 0 second-level cache hits
	0 ns performing 0 second-level cache misses
	0 ns executing 0 flushes (flushing a total of 0 entities and 0 collections)
	0 ns executing 0 pre-partial-flushes
	0 ns executing 0 partial-flushes (flushing a total of 0 entities and 0 collections)

05/08/2026 10:46:44.519 DEBUG o.s.d.r.c.s.RepositoryFactorySupport - Finished creation of repository instance for com.NeptuneWebAutheticator.Repository.TenantRepository.
05/08/2026 10:46:44.522 DEBUG o.s.b.f.s.DefaultListableBeanFactory - Creating shared instance of singleton bean 'tokenRepository'
05/08/2026 10:46:44.523 DEBUG o.s.b.f.s.DefaultListableBeanFactory - Creating shared instance of singleton bean 'jpa.named-queries#1'
05/08/2026 10:46:44.523 DEBUG o.s.b.f.s.DefaultListableBeanFactory - Creating shared instance of singleton bean 'jpa.TokenRepository.fragments#0'
05/08/2026 10:46:44.526 DEBUG o.s.d.r.c.s.RepositoryFactorySupport - Initializing repository instance for com.NeptuneWebAutheticator.Repository.TokenRepository…
05/08/2026 10:46:44.527 DEBUG org.hibernate.session.metrics - HHH000401: Logging session metrics:
	0 ns acquiring 0 JDBC connections
	0 ns releasing 0 JDBC connections
	0 ns preparing 0 JDBC statements
	0 ns executing 0 JDBC statements
	0 ns executing 0 JDBC batches
	0 ns performing 0 second-level cache puts
	0 ns performing 0 second-level cache hits
	0 ns performing 0 second-level cache misses
	0 ns executing 0 flushes (flushing a total of 0 entities and 0 collections)
	0 ns executing 0 pre-partial-flushes
	0 ns executing 0 partial-flushes (flushing a total of 0 entities and 0 collections)

05/08/2026 10:46:44.528 DEBUG o.s.d.j.repository.query.NamedQuery - Did not find named query Token.findByToken.count
05/08/2026 10:46:44.530 DEBUG org.hibernate.session.metrics - HHH000401: Logging session metrics:
	0 ns acquiring 0 JDBC connections
	0 ns releasing 0 JDBC connections
	0 ns preparing 0 JDBC statements
	0 ns executing 0 JDBC statements
	0 ns executing 0 JDBC batches
	0 ns performing 0 second-level cache puts
	0 ns performing 0 second-level cache hits
	0 ns performing 0 second-level cache misses
	0 ns executing 0 flushes (flushing a total of 0 entities and 0 collections)
	0 ns executing 0 pre-partial-flushes
	0 ns executing 0 partial-flushes (flushing a total of 0 entities and 0 collections)

05/08/2026 10:46:44.531 DEBUG org.hibernate.session.metrics - HHH000401: Logging session metrics:
	0 ns acquiring 0 JDBC connections
	0 ns releasing 0 JDBC connections
	0 ns preparing 0 JDBC statements
	0 ns executing 0 JDBC statements
	0 ns executing 0 JDBC batches
	0 ns performing 0 second-level cache puts
	0 ns performing 0 second-level cache hits
	0 ns performing 0 second-level cache misses
	0 ns executing 0 flushes (flushing a total of 0 entities and 0 collections)
	0 ns executing 0 pre-partial-flushes
	0 ns executing 0 partial-flushes (flushing a total of 0 entities and 0 collections)

05/08/2026 10:46:44.531 DEBUG o.s.d.j.repository.query.NamedQuery - Did not find named query Token.findByTenantId.count
05/08/2026 10:46:44.533 DEBUG org.hibernate.session.metrics - HHH000401: Logging session metrics:
	0 ns acquiring 0 JDBC connections
	0 ns releasing 0 JDBC connections
	0 ns preparing 0 JDBC statements
	0 ns executing 0 JDBC statements
	0 ns executing 0 JDBC batches
	0 ns performing 0 second-level cache puts
	0 ns performing 0 second-level cache hits
	0 ns performing 0 second-level cache misses
	0 ns executing 0 flushes (flushing a total of 0 entities and 0 collections)
	0 ns executing 0 pre-partial-flushes
	0 ns executing 0 partial-flushes (flushing a total of 0 entities and 0 collections)

05/08/2026 10:46:44.535 DEBUG o.s.d.r.c.s.RepositoryFactorySupport - Finished creation of repository instance for com.NeptuneWebAutheticator.Repository.TokenRepository.
05/08/2026 10:46:44.564 DEBUG o.s.b.f.s.DefaultListableBeanFactory - Creating shared instance of singleton bean 'machineController'
05/08/2026 10:46:44.567 DEBUG o.s.b.f.s.DefaultListableBeanFactory - Creating shared instance of singleton bean 'machineServiceImpl'
05/08/2026 10:46:44.568 DEBUG o.s.b.f.s.DefaultListableBeanFactory - Creating shared instance of singleton bean 'machineRepository'
05/08/2026 10:46:44.569 DEBUG o.s.b.f.s.DefaultListableBeanFactory - Creating shared instance of singleton bean 'jpa.named-queries#0'
05/08/2026 10:46:44.569 DEBUG o.s.b.f.s.DefaultListableBeanFactory - Creating shared instance of singleton bean 'jpa.MachineRepository.fragments#0'
05/08/2026 10:46:44.575 DEBUG o.s.d.r.c.s.RepositoryFactorySupport - Initializing repository instance for com.NeptuneWebAutheticator.Repository.MachineRepository…
05/08/2026 10:46:44.577 DEBUG org.hibernate.session.metrics - HHH000401: Logging session metrics:
	0 ns acquiring 0 JDBC connections
	0 ns releasing 0 JDBC connections
	0 ns preparing 0 JDBC statements
	0 ns executing 0 JDBC statements
	0 ns executing 0 JDBC batches
	0 ns performing 0 second-level cache puts
	0 ns performing 0 second-level cache hits
	0 ns performing 0 second-level cache misses
	0 ns executing 0 flushes (flushing a total of 0 entities and 0 collections)
	0 ns executing 0 pre-partial-flushes
	0 ns executing 0 partial-flushes (flushing a total of 0 entities and 0 collections)

05/08/2026 10:46:44.577 DEBUG o.s.d.j.repository.query.NamedQuery - Did not find named query Machine.findByMachineIdAndTenantId.count
05/08/2026 10:46:44.582 DEBUG org.hibernate.session.metrics - HHH000401: Logging session metrics:
	0 ns acquiring 0 JDBC connections
	0 ns releasing 0 JDBC connections
	0 ns preparing 0 JDBC statements
	0 ns executing 0 JDBC statements
	0 ns executing 0 JDBC batches
	0 ns performing 0 second-level cache puts
	0 ns performing 0 second-level cache hits
	0 ns performing 0 second-level cache misses
	0 ns executing 0 flushes (flushing a total of 0 entities and 0 collections)
	0 ns executing 0 pre-partial-flushes
	0 ns executing 0 partial-flushes (flushing a total of 0 entities and 0 collections)

05/08/2026 10:46:44.583 DEBUG org.hibernate.session.metrics - HHH000401: Logging session metrics:
	0 ns acquiring 0 JDBC connections
	0 ns releasing 0 JDBC connections
	0 ns preparing 0 JDBC statements
	0 ns executing 0 JDBC statements
	0 ns executing 0 JDBC batches
	0 ns performing 0 second-level cache puts
	0 ns performing 0 second-level cache hits
	0 ns performing 0 second-level cache misses
	0 ns executing 0 flushes (flushing a total of 0 entities and 0 collections)
	0 ns executing 0 pre-partial-flushes
	0 ns executing 0 partial-flushes (flushing a total of 0 entities and 0 collections)

05/08/2026 10:46:44.583 DEBUG o.s.d.j.repository.query.NamedQuery - Did not find named query Machine.findByTenantId.count
05/08/2026 10:46:44.585 DEBUG org.hibernate.session.metrics - HHH000401: Logging session metrics:
	0 ns acquiring 0 JDBC connections
	0 ns releasing 0 JDBC connections
	0 ns preparing 0 JDBC statements
	0 ns executing 0 JDBC statements
	0 ns executing 0 JDBC batches
	0 ns performing 0 second-level cache puts
	0 ns performing 0 second-level cache hits
	0 ns performing 0 second-level cache misses
	0 ns executing 0 flushes (flushing a total of 0 entities and 0 collections)
	0 ns executing 0 pre-partial-flushes
	0 ns executing 0 partial-flushes (flushing a total of 0 entities and 0 collections)

05/08/2026 10:46:44.587 DEBUG o.s.d.r.c.s.RepositoryFactorySupport - Finished creation of repository instance for com.NeptuneWebAutheticator.Repository.MachineRepository.
05/08/2026 10:46:44.598 DEBUG o.s.b.f.s.DefaultListableBeanFactory - Creating shared instance of singleton bean 'org.springframework.security.config.annotation.configuration.ObjectPostProcessorConfiguration'
05/08/2026 10:46:44.599 DEBUG o.s.b.f.s.DefaultListableBeanFactory - Creating shared instance of singleton bean 'objectPostProcessor'
05/08/2026 10:46:44.599 DEBUG o.s.b.f.s.DefaultListableBeanFactory - Autowiring by type from bean name 'objectPostProcessor' via factory method to bean named 'org.springframework.beans.factory.support.DefaultListableBeanFactory@372b0d86'
05/08/2026 10:46:44.600 DEBUG o.s.b.f.s.DefaultListableBeanFactory - Creating shared instance of singleton bean 'org.springframework.security.config.annotation.authentication.configuration.AuthenticationConfiguration'
05/08/2026 10:46:44.602 DEBUG o.s.b.f.s.DefaultListableBeanFactory - Creating shared instance of singleton bean 'enableGlobalAuthenticationAutowiredConfigurer'
05/08/2026 10:46:44.602 DEBUG o.s.b.f.s.DefaultListableBeanFactory - Autowiring by type from bean name 'enableGlobalAuthenticationAutowiredConfigurer' via factory method to bean named 'org.springframework.boot.web.server.servlet.context.AnnotationConfigServletWebServerApplicationContext@165b2f7f'
05/08/2026 10:46:44.603 DEBUG o.s.b.f.s.DefaultListableBeanFactory - Creating shared instance of singleton bean 'initializeUserDetailsBeanManagerConfigurer'
05/08/2026 10:46:44.603 DEBUG o.s.b.f.s.DefaultListableBeanFactory - Autowiring by type from bean name 'initializeUserDetailsBeanManagerConfigurer' via factory method to bean named 'org.springframework.boot.web.server.servlet.context.AnnotationConfigServletWebServerApplicationContext@165b2f7f'
05/08/2026 10:46:44.604 DEBUG o.s.b.f.s.DefaultListableBeanFactory - Creating shared instance of singleton bean 'initializeAuthenticationProviderBeanManagerConfigurer'
05/08/2026 10:46:44.604 DEBUG o.s.b.f.s.DefaultListableBeanFactory - Autowiring by type from bean name 'initializeAuthenticationProviderBeanManagerConfigurer' via factory method to bean named 'org.springframework.boot.web.server.servlet.context.AnnotationConfigServletWebServerApplicationContext@165b2f7f'
05/08/2026 10:46:44.605 DEBUG o.s.b.f.s.DefaultListableBeanFactory - Creating shared instance of singleton bean 'authenticationManagerBuilder'
05/08/2026 10:46:44.605 DEBUG o.s.b.f.s.DefaultListableBeanFactory - Autowiring by type from bean name 'authenticationManagerBuilder' via factory method to bean named 'objectPostProcessor'
05/08/2026 10:46:44.605 DEBUG o.s.b.f.s.DefaultListableBeanFactory - Autowiring by type from bean name 'authenticationManagerBuilder' via factory method to bean named 'org.springframework.boot.web.server.servlet.context.AnnotationConfigServletWebServerApplicationContext@165b2f7f'
05/08/2026 10:46:44.606 DEBUG o.s.b.f.s.DefaultListableBeanFactory - Creating shared instance of singleton bean 'authenticationEventPublisher'
05/08/2026 10:46:44.606 DEBUG o.s.b.f.s.DefaultListableBeanFactory - Creating shared instance of singleton bean 'org.springframework.boot.security.autoconfigure.SecurityAutoConfiguration'
05/08/2026 10:46:44.607 DEBUG o.s.b.f.s.DefaultListableBeanFactory - Autowiring by type from bean name 'authenticationEventPublisher' via factory method to bean named 'org.springframework.boot.web.server.servlet.context.AnnotationConfigServletWebServerApplicationContext@165b2f7f'
05/08/2026 10:46:44.617 DEBUG o.s.b.f.s.DefaultListableBeanFactory - Creating shared instance of singleton bean 'org.springframework.security.config.annotation.web.configuration.WebSecurityConfiguration'
05/08/2026 10:46:44.634 DEBUG o.s.b.f.s.DefaultListableBeanFactory - Creating shared instance of singleton bean 'filterChainDecoratorPostProcessor'
05/08/2026 10:46:44.642 DEBUG o.s.b.f.s.DefaultListableBeanFactory - Creating shared instance of singleton bean 'filterChain'
05/08/2026 10:46:44.642 DEBUG o.s.b.f.s.DefaultListableBeanFactory - Creating shared instance of singleton bean 'org.springframework.security.config.annotation.web.configuration.HttpSecurityConfiguration'
05/08/2026 10:46:44.647 DEBUG o.s.b.f.s.DefaultListableBeanFactory - Creating shared instance of singleton bean 'mvcContentNegotiationManager'
05/08/2026 10:46:44.648 DEBUG o.s.b.f.s.DefaultListableBeanFactory - Creating shared instance of singleton bean 'org.springframework.boot.webmvc.autoconfigure.WebMvcAutoConfiguration$EnableWebMvcConfiguration'
05/08/2026 10:46:44.648 DEBUG o.s.b.f.s.DefaultListableBeanFactory - Autowiring by type from bean name 'org.springframework.boot.webmvc.autoconfigure.WebMvcAutoConfiguration$EnableWebMvcConfiguration' via constructor to bean named 'spring.mvc-org.springframework.boot.webmvc.autoconfigure.WebMvcProperties'
05/08/2026 10:46:44.648 DEBUG o.s.b.f.s.DefaultListableBeanFactory - Autowiring by type from bean name 'org.springframework.boot.webmvc.autoconfigure.WebMvcAutoConfiguration$EnableWebMvcConfiguration' via constructor to bean named 'spring.web-org.springframework.boot.autoconfigure.web.WebProperties'
05/08/2026 10:46:44.648 DEBUG o.s.b.f.s.DefaultListableBeanFactory - Autowiring by type from bean name 'org.springframework.boot.webmvc.autoconfigure.WebMvcAutoConfiguration$EnableWebMvcConfiguration' via constructor to bean named 'org.springframework.beans.factory.support.DefaultListableBeanFactory@372b0d86'
05/08/2026 10:46:44.652 DEBUG o.s.b.f.s.DefaultListableBeanFactory - Creating shared instance of singleton bean 'org.springframework.security.config.annotation.web.configuration.WebMvcSecurityConfiguration'
05/08/2026 10:46:44.654 DEBUG o.s.b.f.s.DefaultListableBeanFactory - Creating shared instance of singleton bean 'org.springframework.boot.webmvc.autoconfigure.WebMvcAutoConfiguration$WebMvcAutoConfigurationAdapter'
05/08/2026 10:46:44.655 DEBUG o.s.b.f.s.DefaultListableBeanFactory - Autowiring by type from bean name 'org.springframework.boot.webmvc.autoconfigure.WebMvcAutoConfiguration$WebMvcAutoConfigurationAdapter' via constructor to bean named 'spring.web-org.springframework.boot.autoconfigure.web.WebProperties'
05/08/2026 10:46:44.655 DEBUG o.s.b.f.s.DefaultListableBeanFactory - Autowiring by type from bean name 'org.springframework.boot.webmvc.autoconfigure.WebMvcAutoConfiguration$WebMvcAutoConfigurationAdapter' via constructor to bean named 'spring.mvc-org.springframework.boot.webmvc.autoconfigure.WebMvcProperties'
05/08/2026 10:46:44.655 DEBUG o.s.b.f.s.DefaultListableBeanFactory - Autowiring by type from bean name 'org.springframework.boot.webmvc.autoconfigure.WebMvcAutoConfiguration$WebMvcAutoConfigurationAdapter' via constructor to bean named 'org.springframework.beans.factory.support.DefaultListableBeanFactory@372b0d86'
05/08/2026 10:46:44.658 DEBUG o.s.b.f.s.DefaultListableBeanFactory - Creating shared instance of singleton bean 'org.springframework.data.web.config.SpringDataWebConfiguration'
05/08/2026 10:46:44.659 DEBUG o.s.b.f.s.DefaultListableBeanFactory - Autowiring by type from bean name 'org.springframework.data.web.config.SpringDataWebConfiguration' via constructor to bean named 'org.springframework.boot.web.server.servlet.context.AnnotationConfigServletWebServerApplicationContext@165b2f7f'
05/08/2026 10:46:44.664 DEBUG o.s.b.f.s.DefaultListableBeanFactory - Creating shared instance of singleton bean 'serverConvertersCustomizer'
05/08/2026 10:46:44.665 DEBUG o.s.b.f.s.DefaultListableBeanFactory - Creating shared instance of singleton bean 'org.springframework.boot.http.converter.autoconfigure.HttpMessageConvertersAutoConfiguration'
05/08/2026 10:46:44.668 DEBUG o.s.b.f.s.DefaultListableBeanFactory - Creating shared instance of singleton bean 'stringHttpMessageConverter'
05/08/2026 10:46:44.668 DEBUG o.s.b.f.s.DefaultListableBeanFactory - Creating shared instance of singleton bean 'org.springframework.boot.http.converter.autoconfigure.HttpMessageConvertersAutoConfiguration$StringHttpMessageConverterConfiguration'
05/08/2026 10:46:44.669 DEBUG o.s.b.f.s.DefaultListableBeanFactory - Creating shared instance of singleton bean 'spring.http.converters-org.springframework.boot.http.converter.autoconfigure.HttpMessageConvertersProperties'
05/08/2026 10:46:44.670 DEBUG o.s.b.f.s.DefaultListableBeanFactory - Autowiring by type from bean name 'stringHttpMessageConverter' via factory method to bean named 'spring.http.converters-org.springframework.boot.http.converter.autoconfigure.HttpMessageConvertersProperties'
05/08/2026 10:46:44.673 DEBUG o.s.b.f.s.DefaultListableBeanFactory - Creating shared instance of singleton bean 'jacksonJsonHttpMessageConverter'
05/08/2026 10:46:44.673 DEBUG o.s.b.f.s.DefaultListableBeanFactory - Creating shared instance of singleton bean 'org.springframework.boot.http.converter.autoconfigure.JacksonHttpMessageConvertersConfiguration$JacksonJsonHttpMessageConverterConfiguration'
05/08/2026 10:46:44.674 DEBUG o.s.b.f.s.DefaultListableBeanFactory - Creating shared instance of singleton bean 'jacksonJsonMapper'
05/08/2026 10:46:44.674 DEBUG o.s.b.f.s.DefaultListableBeanFactory - Creating shared instance of singleton bean 'org.springframework.boot.jackson.autoconfigure.JacksonAutoConfiguration'
05/08/2026 10:46:44.675 DEBUG o.s.b.f.s.DefaultListableBeanFactory - Creating shared instance of singleton bean 'problemDetailJsonMapperBuilderCustomizer'
05/08/2026 10:46:44.675 DEBUG o.s.b.f.s.DefaultListableBeanFactory - Creating shared instance of singleton bean 'org.springframework.boot.jackson.autoconfigure.JacksonAutoConfiguration$JsonProblemDetailsConfiguration'
05/08/2026 10:46:44.676 DEBUG o.s.b.f.s.DefaultListableBeanFactory - Creating shared instance of singleton bean 'standardJsonMapperBuilderCustomizer'
05/08/2026 10:46:44.676 DEBUG o.s.b.f.s.DefaultListableBeanFactory - Creating shared instance of singleton bean 'org.springframework.boot.jackson.autoconfigure.JacksonAutoConfiguration$JacksonJsonMapperBuilderCustomizerConfiguration'
05/08/2026 10:46:44.676 DEBUG o.s.b.f.s.DefaultListableBeanFactory - Creating shared instance of singleton bean 'spring.jackson-org.springframework.boot.jackson.autoconfigure.JacksonProperties'
05/08/2026 10:46:44.679 DEBUG o.s.b.f.s.DefaultListableBeanFactory - Autowiring by type from bean name 'standardJsonMapperBuilderCustomizer' via factory method to bean named 'spring.jackson-org.springframework.boot.jackson.autoconfigure.JacksonProperties'
05/08/2026 10:46:44.680 DEBUG o.s.b.f.s.DefaultListableBeanFactory - Creating shared instance of singleton bean 'jackson3GeoModule'
05/08/2026 10:46:44.680 DEBUG o.s.b.f.s.DefaultListableBeanFactory - Creating shared instance of singleton bean 'org.springframework.data.web.config.SpringDataJackson3Configuration'
05/08/2026 10:46:44.681 DEBUG o.s.b.f.s.DefaultListableBeanFactory - Creating shared instance of singleton bean 'springDataWebSettings'
05/08/2026 10:46:44.681 DEBUG o.s.b.f.s.DefaultListableBeanFactory - Creating shared instance of singleton bean 'org.springframework.boot.data.autoconfigure.web.DataWebAutoConfiguration'
05/08/2026 10:46:44.681 DEBUG o.s.b.f.s.DefaultListableBeanFactory - Creating shared instance of singleton bean 'spring.data.web-org.springframework.boot.data.autoconfigure.web.DataWebProperties'
05/08/2026 10:46:44.682 DEBUG o.s.b.f.s.DefaultListableBeanFactory - Autowiring by type from bean name 'org.springframework.boot.data.autoconfigure.web.DataWebAutoConfiguration' via constructor to bean named 'spring.data.web-org.springframework.boot.data.autoconfigure.web.DataWebProperties'
05/08/2026 10:46:44.689 DEBUG o.s.b.f.s.DefaultListableBeanFactory - Creating shared instance of singleton bean 'jackson3pageModule'
05/08/2026 10:46:44.692 DEBUG o.s.b.f.s.DefaultListableBeanFactory - Creating shared instance of singleton bean 'jacksonMixinModule'
05/08/2026 10:46:44.692 DEBUG o.s.b.f.s.DefaultListableBeanFactory - Creating shared instance of singleton bean 'org.springframework.boot.jackson.autoconfigure.JacksonAutoConfiguration$JacksonMixinConfiguration'
05/08/2026 10:46:44.693 DEBUG o.s.b.f.s.DefaultListableBeanFactory - Creating shared instance of singleton bean 'jacksonMixinModuleEntries'
05/08/2026 10:46:44.693 DEBUG o.s.b.f.s.DefaultListableBeanFactory - Autowiring by type from bean name 'jacksonMixinModuleEntries' via factory method to bean named 'org.springframework.boot.web.server.servlet.context.AnnotationConfigServletWebServerApplicationContext@165b2f7f'
05/08/2026 10:46:44.695 DEBUG o.s.b.f.s.DefaultListableBeanFactory - Autowiring by type from bean name 'jacksonMixinModule' via factory method to bean named 'org.springframework.boot.web.server.servlet.context.AnnotationConfigServletWebServerApplicationContext@165b2f7f'
05/08/2026 10:46:44.695 DEBUG o.s.b.f.s.DefaultListableBeanFactory - Autowiring by type from bean name 'jacksonMixinModule' via factory method to bean named 'jacksonMixinModuleEntries'
05/08/2026 10:46:44.697 DEBUG o.s.b.f.s.DefaultListableBeanFactory - Creating shared instance of singleton bean 'jsonComponentModule'
05/08/2026 10:46:44.700 DEBUG o.s.b.f.s.DefaultListableBeanFactory - Autowiring by type from bean name 'jsonMapperBuilder' via factory method to bean named 'problemDetailJsonMapperBuilderCustomizer'
05/08/2026 10:46:44.701 DEBUG o.s.b.f.s.DefaultListableBeanFactory - Autowiring by type from bean name 'jsonMapperBuilder' via factory method to bean named 'standardJsonMapperBuilderCustomizer'
05/08/2026 10:46:44.710 DEBUG o.s.b.f.s.DefaultListableBeanFactory - Autowiring by type from bean name 'jacksonJsonMapper' via factory method to bean named 'jsonMapperBuilder'
05/08/2026 10:46:44.721 DEBUG o.s.b.f.s.DefaultListableBeanFactory - Autowiring by type from bean name 'jacksonJsonHttpMessageConverter' via factory method to bean named 'jacksonJsonMapper'
05/08/2026 10:46:44.736 DEBUG o.s.b.f.s.DefaultListableBeanFactory - Creating shared instance of singleton bean 'inMemoryUserDetailsManager'
05/08/2026 10:46:44.736 DEBUG o.s.b.f.s.DefaultListableBeanFactory - Creating shared instance of singleton bean 'org.springframework.boot.security.autoconfigure.UserDetailsServiceAutoConfiguration'
05/08/2026 10:46:44.737 DEBUG o.s.b.f.s.DefaultListableBeanFactory - Creating shared instance of singleton bean 'spring.security-org.springframework.boot.security.autoconfigure.SecurityProperties'
05/08/2026 10:46:44.738 DEBUG o.s.b.f.s.DefaultListableBeanFactory - Autowiring by type from bean name 'inMemoryUserDetailsManager' via factory method to bean named 'spring.security-org.springframework.boot.security.autoconfigure.SecurityProperties'
05/08/2026 10:46:44.741 DEBUG o.s.b.f.s.DefaultListableBeanFactory - Creating shared instance of singleton bean 'passwordEncoder'
05/08/2026 10:46:44.744 WARN  o.s.b.s.a.UserDetailsServiceAutoConfiguration - 

Using generated security password: 1a187805-e4ca-4a37-a773-71e27ffc3512

This generated password is for development use only. Your security configuration must be updated before running your application in production.

05/08/2026 10:46:44.754 INFO  o.s.s.c.a.a.c.InitializeUserDetailsBeanManagerConfigurer$InitializeUserDetailsManagerConfigurer - Global AuthenticationManager configured with UserDetailsService bean with name inMemoryUserDetailsManager
05/08/2026 10:46:44.775 DEBUG o.s.b.f.s.DefaultListableBeanFactory - Creating shared instance of singleton bean 'mvcPatternParser'
05/08/2026 10:46:44.869 DEBUG o.s.b.f.s.DefaultListableBeanFactory - Autowiring by type from bean name 'filterChain' via factory method to bean named 'org.springframework.security.config.annotation.web.configuration.HttpSecurityConfiguration.httpSecurity'
05/08/2026 10:46:44.877 DEBUG o.s.b.f.s.DefaultListableBeanFactory - Creating shared instance of singleton bean 'webAuthorizationManagerPostProcessor'
05/08/2026 10:46:44.878 DEBUG o.s.b.f.s.DefaultListableBeanFactory - Creating shared instance of singleton bean 'pathPatternRequestMatcherBuilder'
05/08/2026 10:46:44.878 DEBUG o.s.b.f.s.DefaultListableBeanFactory - Creating shared instance of singleton bean 'org.springframework.boot.security.autoconfigure.web.servlet.ServletWebSecurityAutoConfiguration$PathPatternRequestMatcherBuilderConfiguration'
05/08/2026 10:46:44.879 DEBUG o.s.b.f.s.DefaultListableBeanFactory - Autowiring by type from bean name 'pathPatternRequestMatcherBuilder' via factory method to bean named 'dispatcherServletRegistration'
05/08/2026 10:46:44.891 DEBUG o.s.b.f.s.DefaultListableBeanFactory - Creating shared instance of singleton bean 'authenticationManagerPostProcessor'
05/08/2026 10:46:44.907 DEBUG o.s.s.web.DefaultSecurityFilterChain - Will secure any request with filters: DisableEncodeUrlFilter, WebAsyncManagerIntegrationFilter, SecurityContextHolderFilter, HeaderWriterFilter, LogoutFilter, RequestCacheAwareFilter, SecurityContextHolderAwareRequestFilter, AnonymousAuthenticationFilter, ExceptionTranslationFilter, AuthorizationFilter
05/08/2026 10:46:44.909 DEBUG o.s.b.f.s.DefaultListableBeanFactory - Creating shared instance of singleton bean 'delegatingApplicationListener'
05/08/2026 10:46:44.909 DEBUG o.s.b.f.s.DefaultListableBeanFactory - Creating shared instance of singleton bean 'springSecurityFilterChain'
05/08/2026 10:46:44.933 DEBUG o.s.b.f.s.DefaultListableBeanFactory - Creating shared instance of singleton bean 'webSecurityExpressionHandler'
05/08/2026 10:46:44.934 DEBUG o.s.b.f.s.DefaultListableBeanFactory - Creating shared instance of singleton bean 'privilegeEvaluator'
05/08/2026 10:46:44.935 DEBUG o.s.b.f.s.DefaultListableBeanFactory - Creating shared instance of singleton bean 'requestDataValueProcessor'
05/08/2026 10:46:44.936 DEBUG o.s.b.f.s.DefaultListableBeanFactory - Creating shared instance of singleton bean 'org.springframework.security.config.annotation.web.configuration.ObservationConfiguration'
05/08/2026 10:46:44.936 DEBUG o.s.b.f.s.DefaultListableBeanFactory - Creating shared instance of singleton bean 'corsConfigurationSource'
05/08/2026 10:46:44.940 DEBUG o.s.b.f.s.DefaultListableBeanFactory - Creating shared instance of singleton bean 'passwordEncoderCustom'
05/08/2026 10:46:44.940 DEBUG o.s.b.f.s.DefaultListableBeanFactory - Creating shared instance of singleton bean 'org.springframework.boot.autoconfigure.context.PropertyPlaceholderAutoConfiguration'
05/08/2026 10:46:44.941 DEBUG o.s.b.f.s.DefaultListableBeanFactory - Creating shared instance of singleton bean 'org.springframework.boot.context.properties.EnableConfigurationPropertiesRegistrar.methodValidationExcludeFilter'
05/08/2026 10:46:44.942 DEBUG o.s.b.f.s.DefaultListableBeanFactory - Creating shared instance of singleton bean 'org.springframework.boot.webmvc.autoconfigure.DispatcherServletAutoConfiguration'
05/08/2026 10:46:44.942 DEBUG o.s.b.f.s.DefaultListableBeanFactory - Creating shared instance of singleton bean 'org.springframework.boot.autoconfigure.task.TaskExecutorConfigurations$SimpleAsyncTaskExecutorBuilderConfiguration'
05/08/2026 10:46:44.943 DEBUG o.s.b.f.s.DefaultListableBeanFactory - Autowiring by type from bean name 'org.springframework.boot.autoconfigure.task.TaskExecutorConfigurations$SimpleAsyncTaskExecutorBuilderConfiguration' via constructor to bean named 'spring.task.execution-org.springframework.boot.autoconfigure.task.TaskExecutionProperties'
05/08/2026 10:46:44.944 DEBUG o.s.b.f.s.DefaultListableBeanFactory - Creating shared instance of singleton bean 'simpleAsyncTaskExecutorBuilder'
05/08/2026 10:46:44.946 DEBUG o.s.b.f.s.DefaultListableBeanFactory - Creating shared instance of singleton bean 'org.springframework.boot.autoconfigure.task.TaskExecutorConfigurations$AsyncConfigurerConfiguration'
05/08/2026 10:46:44.947 DEBUG o.s.b.f.s.DefaultListableBeanFactory - Creating shared instance of singleton bean 'applicationTaskExecutorAsyncConfigurer'
05/08/2026 10:46:44.948 DEBUG o.s.b.f.s.DefaultListableBeanFactory - Autowiring by type from bean name 'applicationTaskExecutorAsyncConfigurer' via factory method to bean named 'org.springframework.beans.factory.support.DefaultListableBeanFactory@372b0d86'
05/08/2026 10:46:44.949 DEBUG o.s.b.f.s.DefaultListableBeanFactory - Creating shared instance of singleton bean 'org.springframework.boot.autoconfigure.task.TaskExecutorConfigurations$BootstrapExecutorConfiguration'
05/08/2026 10:46:44.949 DEBUG o.s.b.f.s.DefaultListableBeanFactory - Creating shared instance of singleton bean 'org.springframework.boot.autoconfigure.task.TaskExecutionAutoConfiguration'
05/08/2026 10:46:44.950 DEBUG o.s.b.f.s.DefaultListableBeanFactory - Creating shared instance of singleton bean 'org.springframework.boot.webmvc.autoconfigure.error.ErrorMvcAutoConfiguration$WhitelabelErrorViewConfiguration'
05/08/2026 10:46:44.951 DEBUG o.s.b.f.s.DefaultListableBeanFactory - Creating shared instance of singleton bean 'error'
05/08/2026 10:46:44.951 DEBUG o.s.b.f.s.DefaultListableBeanFactory - Creating shared instance of singleton bean 'beanNameViewResolver'
05/08/2026 10:46:44.952 DEBUG o.s.b.f.s.DefaultListableBeanFactory - Creating shared instance of singleton bean 'org.springframework.boot.webmvc.autoconfigure.error.ErrorMvcAutoConfiguration$DefaultErrorViewResolverConfiguration'
05/08/2026 10:46:44.952 DEBUG o.s.b.f.s.DefaultListableBeanFactory - Autowiring by type from bean name 'org.springframework.boot.webmvc.autoconfigure.error.ErrorMvcAutoConfiguration$DefaultErrorViewResolverConfiguration' via constructor to bean named 'org.springframework.boot.web.server.servlet.context.AnnotationConfigServletWebServerApplicationContext@165b2f7f'
05/08/2026 10:46:44.952 DEBUG o.s.b.f.s.DefaultListableBeanFactory - Autowiring by type from bean name 'org.springframework.boot.webmvc.autoconfigure.error.ErrorMvcAutoConfiguration$DefaultErrorViewResolverConfiguration' via constructor to bean named 'spring.web-org.springframework.boot.autoconfigure.web.WebProperties'
05/08/2026 10:46:44.952 DEBUG o.s.b.f.s.DefaultListableBeanFactory - Creating shared instance of singleton bean 'conventionErrorViewResolver'
05/08/2026 10:46:44.953 DEBUG o.s.b.f.s.DefaultListableBeanFactory - Creating shared instance of singleton bean 'errorAttributes'
05/08/2026 10:46:44.956 DEBUG o.s.b.f.s.DefaultListableBeanFactory - Creating shared instance of singleton bean 'basicErrorController'
05/08/2026 10:46:44.958 DEBUG o.s.b.f.s.DefaultListableBeanFactory - Autowiring by type from bean name 'basicErrorController' via factory method to bean named 'errorAttributes'
05/08/2026 10:46:44.962 DEBUG o.s.b.f.s.DefaultListableBeanFactory - Creating shared instance of singleton bean 'welcomePageHandlerMapping'
05/08/2026 10:46:44.963 DEBUG o.s.b.f.s.DefaultListableBeanFactory - Creating shared instance of singleton bean 'mvcConversionService'
05/08/2026 10:46:44.972 DEBUG o.s.b.f.s.DefaultListableBeanFactory - Creating shared instance of singleton bean 'mvcResourceUrlProvider'
05/08/2026 10:46:44.975 DEBUG o.s.b.f.s.DefaultListableBeanFactory - Autowiring by type from bean name 'welcomePageHandlerMapping' via factory method to bean named 'org.springframework.boot.web.server.servlet.context.AnnotationConfigServletWebServerApplicationContext@165b2f7f'
05/08/2026 10:46:44.975 DEBUG o.s.b.f.s.DefaultListableBeanFactory - Autowiring by type from bean name 'welcomePageHandlerMapping' via factory method to bean named 'mvcConversionService'
05/08/2026 10:46:44.975 DEBUG o.s.b.f.s.DefaultListableBeanFactory - Autowiring by type from bean name 'welcomePageHandlerMapping' via factory method to bean named 'mvcResourceUrlProvider'
05/08/2026 10:46:44.990 DEBUG o.s.b.f.s.DefaultListableBeanFactory - Creating shared instance of singleton bean 'welcomePageNotAcceptableHandlerMapping'
05/08/2026 10:46:44.990 DEBUG o.s.b.f.s.DefaultListableBeanFactory - Autowiring by type from bean name 'welcomePageNotAcceptableHandlerMapping' via factory method to bean named 'org.springframework.boot.web.server.servlet.context.AnnotationConfigServletWebServerApplicationContext@165b2f7f'
05/08/2026 10:46:44.990 DEBUG o.s.b.f.s.DefaultListableBeanFactory - Autowiring by type from bean name 'welcomePageNotAcceptableHandlerMapping' via factory method to bean named 'mvcConversionService'
05/08/2026 10:46:44.990 DEBUG o.s.b.f.s.DefaultListableBeanFactory - Autowiring by type from bean name 'welcomePageNotAcceptableHandlerMapping' via factory method to bean named 'mvcResourceUrlProvider'
05/08/2026 10:46:44.993 DEBUG o.s.b.f.s.DefaultListableBeanFactory - Creating shared instance of singleton bean 'localeResolver'
05/08/2026 10:46:44.994 DEBUG o.s.b.f.s.DefaultListableBeanFactory - Creating shared instance of singleton bean 'flashMapManager'
05/08/2026 10:46:44.997 DEBUG o.s.b.f.s.DefaultListableBeanFactory - Creating shared instance of singleton bean 'viewNameTranslator'
05/08/2026 10:46:44.998 DEBUG o.s.b.f.s.DefaultListableBeanFactory - Creating shared instance of singleton bean 'mvcValidator'
05/08/2026 10:46:44.999 DEBUG o.s.b.f.s.DefaultListableBeanFactory - Creating shared instance of singleton bean 'requestMappingHandlerMapping'
05/08/2026 10:46:45.001 DEBUG o.s.b.f.s.DefaultListableBeanFactory - Creating shared instance of singleton bean 'mvcApiVersionStrategy'
05/08/2026 10:46:45.008 DEBUG o.s.b.f.s.DefaultListableBeanFactory - Autowiring by type from bean name 'requestMappingHandlerMapping' via factory method to bean named 'mvcContentNegotiationManager'
05/08/2026 10:46:45.008 DEBUG o.s.b.f.s.DefaultListableBeanFactory - Autowiring by type from bean name 'requestMappingHandlerMapping' via factory method to bean named 'mvcApiVersionStrategy'
05/08/2026 10:46:45.008 DEBUG o.s.b.f.s.DefaultListableBeanFactory - Autowiring by type from bean name 'requestMappingHandlerMapping' via factory method to bean named 'mvcConversionService'
05/08/2026 10:46:45.008 DEBUG o.s.b.f.s.DefaultListableBeanFactory - Autowiring by type from bean name 'requestMappingHandlerMapping' via factory method to bean named 'mvcResourceUrlProvider'
05/08/2026 10:46:45.036 DEBUG _.s.w.s.HandlerMapping.Mappings - 
	c.N.C.AuthenticationController:
	{GET [/api/getUserRoleAuthenticated]}: getUserRoleAuthenticated(HttpServletRequest)
	{GET [/api/isUserAuthenticate]}: isUserAuthenticate(HttpServletRequest)
	{POST [/api/logout]}: logout(HttpServletRequest)
	{POST [/api/login]}: login(HttpServletRequest,Map)
05/08/2026 10:46:45.041 DEBUG _.s.w.s.HandlerMapping.Mappings - 
	c.N.C.MachineController:
	{GET [/Machine]}: getMachines(HttpServletRequest)
	{DELETE [/Machine]}: deleteMachine(HttpServletRequest,Map)
	{PUT [/api/Tenant]}: updateTenant(HttpServletRequest,Map)
	{POST [/api/Tenant]}: addTenant(HttpServletRequest,Map)
	{POST [/Machine]}: addMachine(HttpServletRequest,Map)
05/08/2026 10:46:45.044 DEBUG _.s.w.s.HandlerMapping.Mappings - 
	o.s.b.w.a.e.BasicErrorController:
	{ [/error]}: error(HttpServletRequest)
	{ [/error], produces [text/html]}: errorHtml(HttpServletRequest,HttpServletResponse)
05/08/2026 10:46:45.047 DEBUG o.s.w.s.m.m.a.RequestMappingHandlerMapping - 11 mappings in 'requestMappingHandlerMapping'
05/08/2026 10:46:45.049 DEBUG o.s.b.f.s.DefaultListableBeanFactory - Creating shared instance of singleton bean 'mvcUrlPathHelper'
05/08/2026 10:46:45.049 DEBUG o.s.b.f.s.DefaultListableBeanFactory - Creating shared instance of singleton bean 'mvcPathMatcher'
05/08/2026 10:46:45.051 DEBUG o.s.b.f.s.DefaultListableBeanFactory - Creating shared instance of singleton bean 'viewControllerHandlerMapping'
05/08/2026 10:46:45.051 DEBUG o.s.b.f.s.DefaultListableBeanFactory - Autowiring by type from bean name 'viewControllerHandlerMapping' via factory method to bean named 'mvcConversionService'
05/08/2026 10:46:45.051 DEBUG o.s.b.f.s.DefaultListableBeanFactory - Autowiring by type from bean name 'viewControllerHandlerMapping' via factory method to bean named 'mvcResourceUrlProvider'
05/08/2026 10:46:45.052 DEBUG o.s.b.f.s.DefaultListableBeanFactory - Creating shared instance of singleton bean 'beanNameHandlerMapping'
05/08/2026 10:46:45.052 DEBUG o.s.b.f.s.DefaultListableBeanFactory - Autowiring by type from bean name 'beanNameHandlerMapping' via factory method to bean named 'mvcConversionService'
05/08/2026 10:46:45.052 DEBUG o.s.b.f.s.DefaultListableBeanFactory - Autowiring by type from bean name 'beanNameHandlerMapping' via factory method to bean named 'mvcResourceUrlProvider'
05/08/2026 10:46:45.053 DEBUG _.s.w.s.HandlerMapping.Mappings - 'beanNameHandlerMapping' {}
05/08/2026 10:46:45.054 DEBUG o.s.b.f.s.DefaultListableBeanFactory - Creating shared instance of singleton bean 'routerFunctionMapping'
05/08/2026 10:46:45.055 DEBUG o.s.b.f.s.DefaultListableBeanFactory - Autowiring by type from bean name 'routerFunctionMapping' via factory method to bean named 'mvcConversionService'
05/08/2026 10:46:45.055 DEBUG o.s.b.f.s.DefaultListableBeanFactory - Autowiring by type from bean name 'routerFunctionMapping' via factory method to bean named 'mvcResourceUrlProvider'
05/08/2026 10:46:45.055 DEBUG o.s.b.f.s.DefaultListableBeanFactory - Autowiring by type from bean name 'routerFunctionMapping' via factory method to bean named 'mvcApiVersionStrategy'
05/08/2026 10:46:45.060 DEBUG o.s.b.f.s.DefaultListableBeanFactory - Creating shared instance of singleton bean 'resourceHandlerMapping'
05/08/2026 10:46:45.060 DEBUG o.s.b.f.s.DefaultListableBeanFactory - Autowiring by type from bean name 'resourceHandlerMapping' via factory method to bean named 'mvcContentNegotiationManager'
05/08/2026 10:46:45.060 DEBUG o.s.b.f.s.DefaultListableBeanFactory - Autowiring by type from bean name 'resourceHandlerMapping' via factory method to bean named 'mvcConversionService'
05/08/2026 10:46:45.060 DEBUG o.s.b.f.s.DefaultListableBeanFactory - Autowiring by type from bean name 'resourceHandlerMapping' via factory method to bean named 'mvcResourceUrlProvider'
05/08/2026 10:46:45.075 DEBUG _.s.w.s.HandlerMapping.Mappings - 'resourceHandlerMapping' {/webjars/**=ResourceHttpRequestHandler [classpath [META-INF/resources/webjars/]], /**=ResourceHttpRequestHandler [classpath [META-INF/resources/], classpath [resources/], classpath [static/], classpath [public/], ServletContext [/]]}
05/08/2026 10:46:45.075 DEBUG o.s.b.f.s.DefaultListableBeanFactory - Creating shared instance of singleton bean 'defaultServletHandlerMapping'
05/08/2026 10:46:45.076 DEBUG o.s.b.f.s.DefaultListableBeanFactory - Creating shared instance of singleton bean 'requestMappingHandlerAdapter'
05/08/2026 10:46:45.076 DEBUG o.s.b.f.s.DefaultListableBeanFactory - Autowiring by type from bean name 'requestMappingHandlerAdapter' via factory method to bean named 'mvcContentNegotiationManager'
05/08/2026 10:46:45.076 DEBUG o.s.b.f.s.DefaultListableBeanFactory - Autowiring by type from bean name 'requestMappingHandlerAdapter' via factory method to bean named 'mvcConversionService'
05/08/2026 10:46:45.076 DEBUG o.s.b.f.s.DefaultListableBeanFactory - Autowiring by type from bean name 'requestMappingHandlerAdapter' via factory method to bean named 'mvcValidator'
05/08/2026 10:46:45.096 DEBUG o.s.b.f.s.DefaultListableBeanFactory - Creating shared instance of singleton bean 'sortResolver'
05/08/2026 10:46:45.098 DEBUG o.s.b.f.s.DefaultListableBeanFactory - Creating shared instance of singleton bean 'sortCustomizer'
05/08/2026 10:46:45.099 DEBUG o.s.b.f.s.DefaultListableBeanFactory - Creating shared instance of singleton bean 'pageableResolver'
05/08/2026 10:46:45.102 DEBUG o.s.b.f.s.DefaultListableBeanFactory - Creating shared instance of singleton bean 'pageableCustomizer'
05/08/2026 10:46:45.117 DEBUG o.s.w.s.m.m.a.RequestMappingHandlerAdapter - ControllerAdvice beans: 0 @ModelAttribute, 0 @InitBinder, 1 RequestBodyAdvice, 1 ResponseBodyAdvice
05/08/2026 10:46:45.153 DEBUG o.s.b.f.s.DefaultListableBeanFactory - Creating shared instance of singleton bean 'mvcViewResolver'
05/08/2026 10:46:45.154 DEBUG o.s.b.f.s.DefaultListableBeanFactory - Autowiring by type from bean name 'mvcViewResolver' via factory method to bean named 'mvcContentNegotiationManager'
05/08/2026 10:46:45.157 DEBUG o.s.b.f.s.DefaultListableBeanFactory - Creating shared instance of singleton bean 'defaultViewResolver'
05/08/2026 10:46:45.162 DEBUG o.s.b.f.s.DefaultListableBeanFactory - Creating shared instance of singleton bean 'viewResolver'
05/08/2026 10:46:45.162 DEBUG o.s.b.f.s.DefaultListableBeanFactory - Autowiring by type from bean name 'viewResolver' via factory method to bean named 'org.springframework.beans.factory.support.DefaultListableBeanFactory@372b0d86'
05/08/2026 10:46:45.164 DEBUG o.s.b.f.s.DefaultListableBeanFactory - Creating shared instance of singleton bean 'viewResolver'
05/08/2026 10:46:45.171 DEBUG o.s.b.f.s.DefaultListableBeanFactory - Creating shared instance of singleton bean 'handlerFunctionAdapter'
05/08/2026 10:46:45.173 DEBUG o.s.b.f.s.DefaultListableBeanFactory - Creating shared instance of singleton bean 'mvcUriComponentsContributor'
05/08/2026 10:46:45.174 DEBUG o.s.b.f.s.DefaultListableBeanFactory - Autowiring by type from bean name 'mvcUriComponentsContributor' via factory method to bean named 'mvcConversionService'
05/08/2026 10:46:45.174 DEBUG o.s.b.f.s.DefaultListableBeanFactory - Autowiring by type from bean name 'mvcUriComponentsContributor' via factory method to bean named 'requestMappingHandlerAdapter'
05/08/2026 10:46:45.177 DEBUG o.s.b.f.s.DefaultListableBeanFactory - Creating shared instance of singleton bean 'httpRequestHandlerAdapter'
05/08/2026 10:46:45.177 DEBUG o.s.b.f.s.DefaultListableBeanFactory - Creating shared instance of singleton bean 'simpleControllerHandlerAdapter'
05/08/2026 10:46:45.178 DEBUG o.s.b.f.s.DefaultListableBeanFactory - Creating shared instance of singleton bean 'handlerExceptionResolver'
05/08/2026 10:46:45.178 DEBUG o.s.b.f.s.DefaultListableBeanFactory - Autowiring by type from bean name 'handlerExceptionResolver' via factory method to bean named 'mvcContentNegotiationManager'
05/08/2026 10:46:45.184 DEBUG o.s.w.s.m.m.a.ExceptionHandlerExceptionResolver - ControllerAdvice beans: 0 @ExceptionHandler, 1 ResponseBodyAdvice
05/08/2026 10:46:45.187 DEBUG o.s.b.f.s.DefaultListableBeanFactory - Creating shared instance of singleton bean 'org.springframework.boot.autoconfigure.aop.AopAutoConfiguration$AspectJAutoProxyingConfiguration$CglibAutoProxyConfiguration'
05/08/2026 10:46:45.187 DEBUG o.s.b.f.s.DefaultListableBeanFactory - Creating shared instance of singleton bean 'org.springframework.boot.autoconfigure.aop.AopAutoConfiguration$AspectJAutoProxyingConfiguration'
05/08/2026 10:46:45.187 DEBUG o.s.b.f.s.DefaultListableBeanFactory - Creating shared instance of singleton bean 'org.springframework.boot.autoconfigure.aop.AopAutoConfiguration'
05/08/2026 10:46:45.188 DEBUG o.s.b.f.s.DefaultListableBeanFactory - Creating shared instance of singleton bean 'org.springframework.boot.autoconfigure.availability.ApplicationAvailabilityAutoConfiguration'
05/08/2026 10:46:45.188 DEBUG o.s.b.f.s.DefaultListableBeanFactory - Creating shared instance of singleton bean 'applicationAvailability'
05/08/2026 10:46:45.190 DEBUG o.s.b.f.s.DefaultListableBeanFactory - Creating shared instance of singleton bean 'org.springframework.boot.autoconfigure.context.ConfigurationPropertiesAutoConfiguration'
05/08/2026 10:46:45.190 DEBUG o.s.b.f.s.DefaultListableBeanFactory - Creating shared instance of singleton bean 'org.springframework.boot.autoconfigure.context.LifecycleAutoConfiguration'
05/08/2026 10:46:45.190 DEBUG o.s.b.f.s.DefaultListableBeanFactory - Creating shared instance of singleton bean 'lifecycleProcessor'
05/08/2026 10:46:45.191 DEBUG o.s.b.f.s.DefaultListableBeanFactory - Creating shared instance of singleton bean 'spring.lifecycle-org.springframework.boot.autoconfigure.context.LifecycleProperties'
05/08/2026 10:46:45.192 DEBUG o.s.b.f.s.DefaultListableBeanFactory - Autowiring by type from bean name 'lifecycleProcessor' via factory method to bean named 'spring.lifecycle-org.springframework.boot.autoconfigure.context.LifecycleProperties'
05/08/2026 10:46:45.194 DEBUG o.s.b.f.s.DefaultListableBeanFactory - Creating shared instance of singleton bean 'org.springframework.boot.autoconfigure.info.ProjectInfoAutoConfiguration'
05/08/2026 10:46:45.198 DEBUG o.s.b.f.s.DefaultListableBeanFactory - Creating shared instance of singleton bean 'spring.info-org.springframework.boot.autoconfigure.info.ProjectInfoProperties'
05/08/2026 10:46:45.199 DEBUG o.s.b.f.s.DefaultListableBeanFactory - Autowiring by type from bean name 'org.springframework.boot.autoconfigure.info.ProjectInfoAutoConfiguration' via constructor to bean named 'spring.info-org.springframework.boot.autoconfigure.info.ProjectInfoProperties'
05/08/2026 10:46:45.200 DEBUG o.s.b.f.s.DefaultListableBeanFactory - Creating shared instance of singleton bean 'org.springframework.boot.autoconfigure.task.TaskSchedulingConfigurations$ThreadPoolTaskSchedulerBuilderConfiguration'
05/08/2026 10:46:45.200 DEBUG o.s.b.f.s.DefaultListableBeanFactory - Creating shared instance of singleton bean 'threadPoolTaskSchedulerBuilder'
05/08/2026 10:46:45.201 DEBUG o.s.b.f.s.DefaultListableBeanFactory - Creating shared instance of singleton bean 'spring.task.scheduling-org.springframework.boot.autoconfigure.task.TaskSchedulingProperties'
05/08/2026 10:46:45.202 DEBUG o.s.b.f.s.DefaultListableBeanFactory - Autowiring by type from bean name 'threadPoolTaskSchedulerBuilder' via factory method to bean named 'spring.task.scheduling-org.springframework.boot.autoconfigure.task.TaskSchedulingProperties'
05/08/2026 10:46:45.203 DEBUG o.s.b.f.s.DefaultListableBeanFactory - Creating shared instance of singleton bean 'org.springframework.boot.autoconfigure.task.TaskSchedulingConfigurations$SimpleAsyncTaskSchedulerBuilderConfiguration'
05/08/2026 10:46:45.204 DEBUG o.s.b.f.s.DefaultListableBeanFactory - Autowiring by type from bean name 'org.springframework.boot.autoconfigure.task.TaskSchedulingConfigurations$SimpleAsyncTaskSchedulerBuilderConfiguration' via constructor to bean named 'spring.task.scheduling-org.springframework.boot.autoconfigure.task.TaskSchedulingProperties'
05/08/2026 10:46:45.205 DEBUG o.s.b.f.s.DefaultListableBeanFactory - Creating shared instance of singleton bean 'simpleAsyncTaskSchedulerBuilder'
05/08/2026 10:46:45.209 DEBUG o.s.b.f.s.DefaultListableBeanFactory - Creating shared instance of singleton bean 'org.springframework.boot.autoconfigure.task.TaskSchedulingAutoConfiguration'
05/08/2026 10:46:45.209 DEBUG o.s.b.f.s.DefaultListableBeanFactory - Creating shared instance of singleton bean 'org.springframework.data.web.config.ProjectingArgumentResolverRegistrar'
05/08/2026 10:46:45.209 DEBUG o.s.b.f.s.DefaultListableBeanFactory - Creating shared instance of singleton bean 'offsetResolver'
05/08/2026 10:46:45.211 DEBUG o.s.b.f.s.DefaultListableBeanFactory - Creating shared instance of singleton bean 'org.springframework.boot.transaction.jta.autoconfigure.JtaAutoConfiguration'
05/08/2026 10:46:45.212 DEBUG o.s.b.f.s.DefaultListableBeanFactory - Creating shared instance of singleton bean 'org.springframework.boot.jdbc.autoconfigure.DataSourcePoolMetadataProvidersConfiguration'
05/08/2026 10:46:45.212 DEBUG o.s.b.f.s.DefaultListableBeanFactory - Creating shared instance of singleton bean 'org.springframework.boot.jdbc.autoconfigure.DataSourceAutoConfiguration'
05/08/2026 10:46:45.212 DEBUG o.s.b.f.s.DefaultListableBeanFactory - Creating shared instance of singleton bean 'org.springframework.boot.transaction.autoconfigure.TransactionManagerCustomizationAutoConfiguration'
05/08/2026 10:46:45.212 DEBUG o.s.b.f.s.DefaultListableBeanFactory - Creating shared instance of singleton bean 'platformTransactionManagerCustomizers'
05/08/2026 10:46:45.214 DEBUG o.s.b.f.s.DefaultListableBeanFactory - Creating shared instance of singleton bean 'transactionExecutionListeners'
05/08/2026 10:46:45.215 DEBUG o.s.b.f.s.DefaultListableBeanFactory - Creating shared instance of singleton bean 'spring.transaction-org.springframework.boot.transaction.autoconfigure.TransactionProperties'
05/08/2026 10:46:45.217 DEBUG o.s.b.f.s.DefaultListableBeanFactory - Creating shared instance of singleton bean 'org.springframework.boot.jpa.autoconfigure.JpaBaseConfiguration$PersistenceManagedTypesConfiguration'
05/08/2026 10:46:45.218 DEBUG o.s.b.f.s.DefaultListableBeanFactory - Creating shared instance of singleton bean 'transactionManager'
05/08/2026 10:46:45.229 DEBUG o.s.b.f.s.DefaultListableBeanFactory - Creating shared instance of singleton bean 'org.springframework.boot.hibernate.autoconfigure.HibernateJpaAutoConfiguration'
05/08/2026 10:46:45.229 DEBUG o.s.b.f.s.DefaultListableBeanFactory - Creating shared instance of singleton bean 'org.springframework.boot.data.jpa.autoconfigure.DataJpaRepositoriesAutoConfiguration'
05/08/2026 10:46:45.230 DEBUG o.s.b.f.s.DefaultListableBeanFactory - Creating shared instance of singleton bean 'eagerJpaMetamodelCacheCleanup'
05/08/2026 10:46:45.231 DEBUG o.s.b.f.s.DefaultListableBeanFactory - Creating shared instance of singleton bean 'org.springframework.data.jpa.util.JpaMetamodelCacheCleanup'
05/08/2026 10:46:45.231 DEBUG o.s.b.f.s.DefaultListableBeanFactory - Creating shared instance of singleton bean 'org.springframework.data.jpa.repository.support.JpaEvaluationContextExtension'
05/08/2026 10:46:45.233 DEBUG o.s.b.f.s.DefaultListableBeanFactory - Creating shared instance of singleton bean 'data-jpa.repository-aot-processor#0'
05/08/2026 10:46:45.243 DEBUG o.s.b.f.s.DefaultListableBeanFactory - Creating shared instance of singleton bean 'org.springframework.boot.http.converter.autoconfigure.JacksonHttpMessageConvertersConfiguration'
05/08/2026 10:46:45.244 DEBUG o.s.b.f.s.DefaultListableBeanFactory - Creating shared instance of singleton bean 'org.springframework.boot.http.converter.autoconfigure.Jackson2HttpMessageConvertersConfiguration'
05/08/2026 10:46:45.244 DEBUG o.s.b.f.s.DefaultListableBeanFactory - Creating shared instance of singleton bean 'clientConvertersCustomizer'
05/08/2026 10:46:45.246 DEBUG o.s.b.f.s.DefaultListableBeanFactory - Creating shared instance of singleton bean 'org.springframework.boot.jdbc.autoconfigure.JdbcTemplateConfiguration'
05/08/2026 10:46:45.246 DEBUG o.s.b.f.s.DefaultListableBeanFactory - Creating shared instance of singleton bean 'jdbcTemplate'
05/08/2026 10:46:45.247 DEBUG o.s.b.f.s.DefaultListableBeanFactory - Creating shared instance of singleton bean 'spring.jdbc-org.springframework.boot.jdbc.autoconfigure.JdbcProperties'
05/08/2026 10:46:45.248 DEBUG o.s.b.f.s.DefaultListableBeanFactory - Autowiring by type from bean name 'jdbcTemplate' via factory method to bean named 'dataSource'
05/08/2026 10:46:45.248 DEBUG o.s.b.f.s.DefaultListableBeanFactory - Autowiring by type from bean name 'jdbcTemplate' via factory method to bean named 'spring.jdbc-org.springframework.boot.jdbc.autoconfigure.JdbcProperties'
05/08/2026 10:46:45.257 DEBUG o.s.b.f.s.DefaultListableBeanFactory - Creating shared instance of singleton bean 'org.springframework.boot.jdbc.autoconfigure.NamedParameterJdbcTemplateConfiguration'
05/08/2026 10:46:45.258 DEBUG o.s.b.f.s.DefaultListableBeanFactory - Creating shared instance of singleton bean 'namedParameterJdbcTemplate'
05/08/2026 10:46:45.258 DEBUG o.s.b.f.s.DefaultListableBeanFactory - Autowiring by type from bean name 'namedParameterJdbcTemplate' via factory method to bean named 'jdbcTemplate'
05/08/2026 10:46:45.261 DEBUG o.s.b.f.s.DefaultListableBeanFactory - Creating shared instance of singleton bean 'org.springframework.boot.jdbc.autoconfigure.JdbcTemplateAutoConfiguration'
05/08/2026 10:46:45.262 DEBUG o.s.b.f.s.DefaultListableBeanFactory - Creating shared instance of singleton bean 'org.springframework.boot.jdbc.autoconfigure.JdbcClientAutoConfiguration'
05/08/2026 10:46:45.262 DEBUG o.s.b.f.s.DefaultListableBeanFactory - Creating shared instance of singleton bean 'jdbcClient'
05/08/2026 10:46:45.262 DEBUG o.s.b.f.s.DefaultListableBeanFactory - Autowiring by type from bean name 'jdbcClient' via factory method to bean named 'namedParameterJdbcTemplate'
05/08/2026 10:46:45.264 DEBUG o.s.b.f.s.DefaultListableBeanFactory - Creating shared instance of singleton bean 'org.springframework.boot.persistence.autoconfigure.PersistenceExceptionTranslationAutoConfiguration'
05/08/2026 10:46:45.264 DEBUG o.s.b.f.s.DefaultListableBeanFactory - Creating shared instance of singleton bean 'org.springframework.boot.security.autoconfigure.web.servlet.ServletWebSecurityAutoConfiguration'
05/08/2026 10:46:45.264 DEBUG o.s.b.f.s.DefaultListableBeanFactory - Creating shared instance of singleton bean 'multipartResolver'
05/08/2026 10:46:45.266 DEBUG o.s.b.f.s.DefaultListableBeanFactory - Creating shared instance of singleton bean 'org.springframework.boot.jdbc.autoconfigure.DataSourceTransactionManagerAutoConfiguration$JdbcTransactionManagerConfiguration'
05/08/2026 10:46:45.267 DEBUG o.s.b.f.s.DefaultListableBeanFactory - Creating shared instance of singleton bean 'org.springframework.boot.jdbc.autoconfigure.DataSourceTransactionManagerAutoConfiguration'
05/08/2026 10:46:45.267 DEBUG o.s.b.f.s.DefaultListableBeanFactory - Creating shared instance of singleton bean 'org.springframework.boot.transaction.autoconfigure.TransactionAutoConfiguration$EnableTransactionManagementConfiguration$CglibAutoProxyConfiguration'
05/08/2026 10:46:45.268 DEBUG o.s.b.f.s.DefaultListableBeanFactory - Creating shared instance of singleton bean 'org.springframework.boot.transaction.autoconfigure.TransactionAutoConfiguration$EnableTransactionManagementConfiguration'
05/08/2026 10:46:45.268 DEBUG o.s.b.f.s.DefaultListableBeanFactory - Creating shared instance of singleton bean 'org.springframework.boot.transaction.autoconfigure.TransactionAutoConfiguration$TransactionTemplateConfiguration'
05/08/2026 10:46:45.268 DEBUG o.s.b.f.s.DefaultListableBeanFactory - Creating shared instance of singleton bean 'transactionTemplate'
05/08/2026 10:46:45.268 DEBUG o.s.b.f.s.DefaultListableBeanFactory - Autowiring by type from bean name 'transactionTemplate' via factory method to bean named 'transactionManager'
05/08/2026 10:46:45.269 DEBUG o.s.b.f.s.DefaultListableBeanFactory - Creating shared instance of singleton bean 'org.springframework.boot.transaction.autoconfigure.TransactionAutoConfiguration'
05/08/2026 10:46:45.282 DEBUG o.s.c.s.DefaultLifecycleProcessor - Starting beans in phase -2147483647
05/08/2026 10:46:45.282 DEBUG o.s.c.s.DefaultLifecycleProcessor - Successfully started bean 'springBootLoggingLifecycle'
05/08/2026 10:46:45.282 DEBUG o.s.c.s.DefaultLifecycleProcessor - Starting beans in phase 1073741823
05/08/2026 10:46:45.282 DEBUG o.s.c.s.DefaultLifecycleProcessor - Starting beans in phase 2147481599
05/08/2026 10:46:45.283 INFO  o.a.coyote.http11.Http11NioProtocol - Starting ProtocolHandler ["http-nio-8080"]
05/08/2026 10:46:45.292 DEBUG o.s.c.s.DefaultLifecycleProcessor - Stopping beans in phase 2147482623
05/08/2026 10:46:45.292 DEBUG o.s.c.s.DefaultLifecycleProcessor - Stopping beans in phase 2147481599
05/08/2026 10:46:45.292 DEBUG o.s.c.s.DefaultLifecycleProcessor - Stopping beans in phase 1073741823
05/08/2026 10:46:45.293 DEBUG o.s.c.s.DefaultLifecycleProcessor - Bean 'applicationTaskExecutor' completed its stop procedure
05/08/2026 10:46:45.293 DEBUG o.s.c.s.DefaultLifecycleProcessor - Stopping beans in phase -2147483647
05/08/2026 10:46:45.293 DEBUG o.s.c.s.DefaultLifecycleProcessor - Bean 'springBootLoggingLifecycle' completed its stop procedure
05/08/2026 10:46:45.293 WARN  o.s.b.w.s.s.c.AnnotationConfigServletWebServerApplicationContext - Exception encountered during context initialization - cancelling refresh attempt: org.springframework.context.ApplicationContextException: Failed to start bean 'webServerStartStop'
05/08/2026 10:46:45.294 INFO  o.s.o.j.LocalContainerEntityManagerFactoryBean - Closing JPA EntityManagerFactory for persistence unit 'default'
05/08/2026 10:46:45.294 DEBUG o.h.internal.SessionFactoryImpl - HHH000031: Closing factory [4aaad63f-d031-4592-99f4-00e3c85cbb24]
05/08/2026 10:46:45.296 INFO  com.zaxxer.hikari.HikariDataSource - HikariPool-1 - Shutdown initiated...
05/08/2026 10:46:45.296 DEBUG com.zaxxer.hikari.pool.HikariPool - HikariPool-1 - Before shutdown stats (total=10/10, idle=10/10, active=0, waiting=0)
05/08/2026 10:46:45.297 DEBUG com.zaxxer.hikari.pool.PoolBase - HikariPool-1 - Closing connection org.mariadb.jdbc.Connection@3359c3f6: (connection evicted)
05/08/2026 10:46:45.298 DEBUG com.zaxxer.hikari.pool.PoolBase - HikariPool-1 - Closing connection org.mariadb.jdbc.Connection@4d06f804: (connection evicted)
05/08/2026 10:46:45.299 DEBUG com.zaxxer.hikari.pool.PoolBase - HikariPool-1 - Closing connection org.mariadb.jdbc.Connection@2d29074b: (connection evicted)
05/08/2026 10:46:45.299 DEBUG com.zaxxer.hikari.pool.PoolBase - HikariPool-1 - Closing connection org.mariadb.jdbc.Connection@2967dec3: (connection evicted)
05/08/2026 10:46:45.299 DEBUG com.zaxxer.hikari.pool.PoolBase - HikariPool-1 - Closing connection org.mariadb.jdbc.Connection@2b3f9f23: (connection evicted)
05/08/2026 10:46:45.299 DEBUG com.zaxxer.hikari.pool.PoolBase - HikariPool-1 - Closing connection org.mariadb.jdbc.Connection@31e33ffa: (connection evicted)
05/08/2026 10:46:45.299 DEBUG com.zaxxer.hikari.pool.PoolBase - HikariPool-1 - Closing connection org.mariadb.jdbc.Connection@6f801c7b: (connection evicted)
05/08/2026 10:46:45.299 DEBUG com.zaxxer.hikari.pool.PoolBase - HikariPool-1 - Closing connection org.mariadb.jdbc.Connection@113fc541: (connection evicted)
05/08/2026 10:46:45.300 DEBUG com.zaxxer.hikari.pool.PoolBase - HikariPool-1 - Closing connection org.mariadb.jdbc.Connection@2e023c9b: (connection evicted)
05/08/2026 10:46:45.300 DEBUG com.zaxxer.hikari.pool.PoolBase - HikariPool-1 - Closing connection org.mariadb.jdbc.Connection@5cfda763: (connection evicted)
05/08/2026 10:46:45.300 DEBUG com.zaxxer.hikari.pool.HikariPool - HikariPool-1 - After  shutdown stats (total=0/10, idle=0/10, active=0, waiting=0)
05/08/2026 10:46:45.300 INFO  com.zaxxer.hikari.HikariDataSource - HikariPool-1 - Shutdown completed.
05/08/2026 10:46:45.300 DEBUG o.s.s.c.ThreadPoolTaskExecutor - Shutting down ExecutorService 'applicationTaskExecutor'
05/08/2026 10:46:45.315 DEBUG o.s.b.a.l.ConditionEvaluationReportLogger - 


============================
CONDITIONS EVALUATION REPORT
============================


Positive matches:
-----------------

   AopAutoConfiguration matched:
      - @ConditionalOnBooleanProperty (spring.aop.auto=true) matched (OnPropertyCondition)

   AopAutoConfiguration.AspectJAutoProxyingConfiguration matched:
      - @ConditionalOnClass found required class 'org.aspectj.weaver.Advice' (OnClassCondition)

   AopAutoConfiguration.AspectJAutoProxyingConfiguration.CglibAutoProxyConfiguration matched:
      - @ConditionalOnBooleanProperty (spring.aop.proxy-target-class=true) matched (OnPropertyCondition)

   ApplicationAvailabilityAutoConfiguration#applicationAvailability matched:
      - @ConditionalOnMissingBean (types: org.springframework.boot.availability.ApplicationAvailability; SearchStrategy: all) did not find any beans (OnBeanCondition)

   DataJpaRepositoriesAutoConfiguration matched:
      - @ConditionalOnClass found required class 'org.springframework.data.jpa.repository.JpaRepository' (OnClassCondition)
      - @ConditionalOnBooleanProperty (spring.data.jpa.repositories.enabled=true) matched (OnPropertyCondition)
      - @ConditionalOnBean (types: javax.sql.DataSource; SearchStrategy: all) found bean 'dataSource'; @ConditionalOnMissingBean (types: org.springframework.data.jpa.repository.support.JpaRepositoryFactoryBean,org.springframework.data.jpa.repository.config.JpaRepositoryConfigExtension; SearchStrategy: all) did not find any beans (OnBeanCondition)

   DataSourceAutoConfiguration matched:
      - @ConditionalOnClass found required classes 'javax.sql.DataSource', 'org.springframework.jdbc.datasource.embedded.EmbeddedDatabaseType' (OnClassCondition)
      - @ConditionalOnMissingBean (types: ?; SearchStrategy: all) did not find any beans (OnBeanCondition)

   DataSourceAutoConfiguration.PooledDataSourceConfiguration matched:
      - AnyNestedCondition 1 matched 1 did not; NestedCondition on DataSourceAutoConfiguration.PooledDataSourceCondition.PooledDataSourceAvailable PooledDataSource found supported DataSource; NestedCondition on DataSourceAutoConfiguration.PooledDataSourceCondition.ExplicitType @ConditionalOnProperty (spring.datasource.type) did not find property 'spring.datasource.type' (DataSourceAutoConfiguration.PooledDataSourceCondition)
      - @ConditionalOnMissingBean (types: javax.sql.DataSource,javax.sql.XADataSource; SearchStrategy: all) did not find any beans (OnBeanCondition)

   DataSourceAutoConfiguration.PooledDataSourceConfiguration#jdbcConnectionDetails matched:
      - @ConditionalOnMissingBean (types: org.springframework.boot.jdbc.autoconfigure.JdbcConnectionDetails; SearchStrategy: all) did not find any beans (OnBeanCondition)

   DataSourceConfiguration.Hikari matched:
      - @ConditionalOnClass found required class 'com.zaxxer.hikari.HikariDataSource' (OnClassCondition)
      - @ConditionalOnProperty (spring.datasource.type=com.zaxxer.hikari.HikariDataSource) matched (OnPropertyCondition)
      - @ConditionalOnMissingBean (types: javax.sql.DataSource; SearchStrategy: all) did not find any beans (OnBeanCondition)

   DataSourceInitializationAutoConfiguration matched:
      - @ConditionalOnClass found required class 'org.springframework.jdbc.datasource.init.DatabasePopulator' (OnClassCondition)
      - SQL InitializationDatabase Initialization default value is EMBEDDED (OnSqlInitializationCondition)
      - @ConditionalOnSingleCandidate (types: javax.sql.DataSource; SearchStrategy: all) found a single bean 'dataSource'; @ConditionalOnMissingBean (types: org.springframework.boot.sql.autoconfigure.init.ApplicationScriptDatabaseInitializer; SearchStrategy: all) did not find any beans (OnBeanCondition)

   DataSourcePoolMetadataProvidersConfiguration.HikariPoolDataSourceMetadataProviderConfiguration matched:
      - @ConditionalOnClass found required class 'com.zaxxer.hikari.HikariDataSource' (OnClassCondition)

   DataSourceTransactionManagerAutoConfiguration matched:
      - @ConditionalOnClass found required classes 'javax.sql.DataSource', 'org.springframework.jdbc.core.JdbcTemplate', 'org.springframework.transaction.TransactionManager' (OnClassCondition)

   DataSourceTransactionManagerAutoConfiguration.JdbcTransactionManagerConfiguration matched:
      - @ConditionalOnSingleCandidate (types: javax.sql.DataSource; SearchStrategy: all) found a single bean 'dataSource' (OnBeanCondition)

   DataWebAutoConfiguration matched:
      - @ConditionalOnClass found required classes 'org.springframework.data.web.PageableHandlerMethodArgumentResolver', 'org.springframework.web.servlet.config.annotation.WebMvcConfigurer' (OnClassCondition)
      - found 'session' scope (OnWebApplicationCondition)
      - @ConditionalOnMissingBean (types: org.springframework.data.web.PageableHandlerMethodArgumentResolver; SearchStrategy: all) did not find any beans (OnBeanCondition)

   DataWebAutoConfiguration#pageableCustomizer matched:
      - @ConditionalOnMissingBean (types: org.springframework.data.web.config.PageableHandlerMethodArgumentResolverCustomizer; SearchStrategy: all) did not find any beans (OnBeanCondition)

   DataWebAutoConfiguration#sortCustomizer matched:
      - @ConditionalOnMissingBean (types: org.springframework.data.web.config.SortHandlerMethodArgumentResolverCustomizer; SearchStrategy: all) did not find any beans (OnBeanCondition)

   DataWebAutoConfiguration#springDataWebSettings matched:
      - @ConditionalOnMissingBean (types: org.springframework.data.web.config.SpringDataWebSettings; SearchStrategy: all) did not find any beans (OnBeanCondition)

   DispatcherServletAutoConfiguration matched:
      - @ConditionalOnClass found required class 'org.springframework.web.servlet.DispatcherServlet' (OnClassCondition)
      - found 'session' scope (OnWebApplicationCondition)

   DispatcherServletAutoConfiguration.DispatcherServletConfiguration matched:
      - @ConditionalOnClass found required class 'jakarta.servlet.ServletRegistration' (OnClassCondition)
      - Default DispatcherServlet did not find dispatcher servlet beans (DispatcherServletAutoConfiguration.DefaultDispatcherServletCondition)

   DispatcherServletAutoConfiguration.DispatcherServletRegistrationConfiguration matched:
      - @ConditionalOnClass found required class 'jakarta.servlet.ServletRegistration' (OnClassCondition)
      - DispatcherServlet Registration did not find servlet registration bean (DispatcherServletAutoConfiguration.DispatcherServletRegistrationCondition)

   DispatcherServletAutoConfiguration.DispatcherServletRegistrationConfiguration#dispatcherServletRegistration matched:
      - @ConditionalOnBean (names: dispatcherServlet types: org.springframework.web.servlet.DispatcherServlet; SearchStrategy: all) found bean 'dispatcherServlet' (OnBeanCondition)

   ErrorMvcAutoConfiguration matched:
      - @ConditionalOnClass found required classes 'jakarta.servlet.Servlet', 'org.springframework.web.servlet.DispatcherServlet' (OnClassCondition)
      - found 'session' scope (OnWebApplicationCondition)

   ErrorMvcAutoConfiguration#basicErrorController matched:
      - @ConditionalOnMissingBean (types: org.springframework.boot.webmvc.error.ErrorController; SearchStrategy: current) did not find any beans (OnBeanCondition)

   ErrorMvcAutoConfiguration#errorAttributes matched:
      - @ConditionalOnMissingBean (types: org.springframework.boot.webmvc.error.ErrorAttributes; SearchStrategy: current) did not find any beans (OnBeanCondition)

   ErrorMvcAutoConfiguration.DefaultErrorViewResolverConfiguration#conventionErrorViewResolver matched:
      - @ConditionalOnBean (types: org.springframework.web.servlet.DispatcherServlet; SearchStrategy: all) found bean 'dispatcherServlet'; @ConditionalOnMissingBean (types: org.springframework.boot.webmvc.autoconfigure.error.ErrorViewResolver; SearchStrategy: all) did not find any beans (OnBeanCondition)

   ErrorMvcAutoConfiguration.WhitelabelErrorViewConfiguration matched:
      - @ConditionalOnBooleanProperty (spring.web.error.whitelabel.enabled=true) matched (OnPropertyCondition)
      - ErrorTemplate Missing did not find error template view (ErrorMvcAutoConfiguration.ErrorTemplateMissingCondition)

   ErrorMvcAutoConfiguration.WhitelabelErrorViewConfiguration#beanNameViewResolver matched:
      - @ConditionalOnMissingBean (types: org.springframework.web.servlet.view.BeanNameViewResolver; SearchStrategy: all) did not find any beans (OnBeanCondition)

   ErrorMvcAutoConfiguration.WhitelabelErrorViewConfiguration#defaultErrorView matched:
      - @ConditionalOnMissingBean (names: error; SearchStrategy: all) did not find any beans (OnBeanCondition)

   HibernateJpaAutoConfiguration matched:
      - @ConditionalOnClass found required classes 'org.springframework.orm.jpa.LocalContainerEntityManagerFactoryBean', 'jakarta.persistence.EntityManager', 'org.hibernate.engine.spi.SessionImplementor' (OnClassCondition)

   HibernateJpaConfiguration matched:
      - @ConditionalOnSingleCandidate (types: javax.sql.DataSource; SearchStrategy: all) found a single bean 'dataSource' (OnBeanCondition)

   HttpEncodingAutoConfiguration matched:
      - @ConditionalOnClass found required class 'org.springframework.web.filter.CharacterEncodingFilter' (OnClassCondition)
      - found 'session' scope (OnWebApplicationCondition)
      - @ConditionalOnBooleanProperty (spring.servlet.encoding.enabled=true) matched (OnPropertyCondition)

   HttpEncodingAutoConfiguration#characterEncodingFilter matched:
      - @ConditionalOnMissingBean (types: org.springframework.web.filter.CharacterEncodingFilter; SearchStrategy: all) did not find any beans (OnBeanCondition)

   HttpMessageConvertersAutoConfiguration matched:
      - @ConditionalOnClass found required class 'org.springframework.http.converter.HttpMessageConverter' (OnClassCondition)
      - NoneNestedConditions 0 matched 1 did not; NestedCondition on HttpMessageConvertersAutoConfiguration.NotReactiveWebApplicationCondition.ReactiveWebApplication did not find reactive web application classes (HttpMessageConvertersAutoConfiguration.NotReactiveWebApplicationCondition)

   HttpMessageConvertersAutoConfiguration.StringHttpMessageConverterConfiguration matched:
      - @ConditionalOnClass found required class 'org.springframework.http.converter.StringHttpMessageConverter' (OnClassCondition)

   HttpMessageConvertersAutoConfiguration.StringHttpMessageConverterConfiguration#stringHttpMessageConverter matched:
      - @ConditionalOnMissingBean (types: org.springframework.http.converter.StringHttpMessageConverter; SearchStrategy: all) did not find any beans (OnBeanCondition)

   JacksonAutoConfiguration matched:
      - @ConditionalOnClass found required class 'tools.jackson.databind.json.JsonMapper' (OnClassCondition)

   JacksonAutoConfiguration#jacksonJsonMapper matched:
      - @ConditionalOnMissingBean (types: tools.jackson.databind.json.JsonMapper; SearchStrategy: all) did not find any beans (OnBeanCondition)

   JacksonAutoConfiguration#jsonMapperBuilder matched:
      - @ConditionalOnMissingBean (types: tools.jackson.databind.json.JsonMapper$Builder; SearchStrategy: all) did not find any beans (OnBeanCondition)

   JacksonAutoConfiguration.JsonProblemDetailsConfiguration matched:
      - @ConditionalOnClass found required class 'org.springframework.http.ProblemDetail' (OnClassCondition)

   JacksonHttpMessageConvertersConfiguration.JacksonJsonHttpMessageConverterConfiguration matched:
      - @ConditionalOnClass found required class 'tools.jackson.databind.json.JsonMapper' (OnClassCondition)
      - @ConditionalOnProperty (spring.http.converters.preferred-json-mapper=jackson) matched (OnPropertyCondition)
      - @ConditionalOnBean (types: tools.jackson.databind.json.JsonMapper; SearchStrategy: all) found bean 'jacksonJsonMapper' (OnBeanCondition)

   JacksonHttpMessageConvertersConfiguration.JacksonJsonHttpMessageConverterConfiguration#jacksonJsonHttpMessageConverter matched:
      - @ConditionalOnMissingBean (types: org.springframework.http.converter.json.JacksonJsonHttpMessageConverter ignored: ?; SearchStrategy: all) did not find any beans (OnBeanCondition)

   JdbcClientAutoConfiguration matched:
      - @ConditionalOnSingleCandidate (types: org.springframework.jdbc.core.namedparam.NamedParameterJdbcTemplate; SearchStrategy: all) found a single bean 'namedParameterJdbcTemplate'; @ConditionalOnMissingBean (types: org.springframework.jdbc.core.simple.JdbcClient; SearchStrategy: all) did not find any beans (OnBeanCondition)

   JdbcTemplateAutoConfiguration matched:
      - @ConditionalOnClass found required classes 'javax.sql.DataSource', 'org.springframework.jdbc.core.JdbcTemplate' (OnClassCondition)
      - @ConditionalOnSingleCandidate (types: javax.sql.DataSource; SearchStrategy: all) found a single bean 'dataSource' (OnBeanCondition)

   JdbcTemplateConfiguration matched:
      - @ConditionalOnMissingBean (types: org.springframework.jdbc.core.JdbcOperations; SearchStrategy: all) did not find any beans (OnBeanCondition)

   JpaBaseConfiguration#entityManagerFactory matched:
      - @ConditionalOnMissingBean (types: org.springframework.orm.jpa.LocalContainerEntityManagerFactoryBean,jakarta.persistence.EntityManagerFactory; SearchStrategy: all) did not find any beans (OnBeanCondition)

   JpaBaseConfiguration#entityManagerFactoryBuilder matched:
      - @ConditionalOnMissingBean (types: org.springframework.boot.jpa.EntityManagerFactoryBuilder; SearchStrategy: all) did not find any beans (OnBeanCondition)

   JpaBaseConfiguration#jpaVendorAdapter matched:
      - @ConditionalOnMissingBean (types: org.springframework.orm.jpa.JpaVendorAdapter; SearchStrategy: all) did not find any beans (OnBeanCondition)

   JpaBaseConfiguration#transactionManager matched:
      - @ConditionalOnMissingBean (types: org.springframework.transaction.TransactionManager; SearchStrategy: all) did not find any beans (OnBeanCondition)

   JpaBaseConfiguration.PersistenceManagedTypesConfiguration matched:
      - @ConditionalOnMissingBean (types: org.springframework.orm.jpa.LocalContainerEntityManagerFactoryBean,jakarta.persistence.EntityManagerFactory; SearchStrategy: all) did not find any beans (OnBeanCondition)

   JpaBaseConfiguration.PersistenceManagedTypesConfiguration#persistenceManagedTypes matched:
      - @ConditionalOnMissingBean (types: org.springframework.orm.jpa.persistenceunit.PersistenceManagedTypes; SearchStrategy: all) did not find any beans (OnBeanCondition)

   JtaAutoConfiguration matched:
      - @ConditionalOnClass found required class 'jakarta.transaction.Transaction' (OnClassCondition)
      - @ConditionalOnBooleanProperty (spring.jta.enabled=true) matched (OnPropertyCondition)

   LifecycleAutoConfiguration#defaultLifecycleProcessor matched:
      - @ConditionalOnMissingBean (names: lifecycleProcessor; SearchStrategy: current) did not find any beans (OnBeanCondition)

   MultipartAutoConfiguration matched:
      - @ConditionalOnClass found required classes 'jakarta.servlet.Servlet', 'org.springframework.web.multipart.support.StandardServletMultipartResolver', 'jakarta.servlet.MultipartConfigElement' (OnClassCondition)
      - found 'session' scope (OnWebApplicationCondition)
      - @ConditionalOnBooleanProperty (spring.servlet.multipart.enabled=true) matched (OnPropertyCondition)

   MultipartAutoConfiguration#multipartConfigElement matched:
      - @ConditionalOnMissingBean (types: jakarta.servlet.MultipartConfigElement; SearchStrategy: all) did not find any beans (OnBeanCondition)

   MultipartAutoConfiguration#multipartResolver matched:
      - @ConditionalOnMissingBean (types: org.springframework.web.multipart.MultipartResolver; SearchStrategy: all) did not find any beans (OnBeanCondition)

   NamedParameterJdbcTemplateConfiguration matched:
      - @ConditionalOnSingleCandidate (types: org.springframework.jdbc.core.JdbcTemplate; SearchStrategy: all) found a single bean 'jdbcTemplate'; @ConditionalOnMissingBean (types: org.springframework.jdbc.core.namedparam.NamedParameterJdbcOperations; SearchStrategy: all) did not find any beans (OnBeanCondition)

   PersistenceExceptionTranslationAutoConfiguration matched:
      - @ConditionalOnClass found required class 'org.springframework.dao.annotation.PersistenceExceptionTranslationPostProcessor' (OnClassCondition)

   PersistenceExceptionTranslationAutoConfiguration#persistenceExceptionTranslationPostProcessor matched:
      - @ConditionalOnBooleanProperty (spring.persistence.exceptiontranslation.enabled=true) matched (OnPropertyCondition)
      - @ConditionalOnMissingBean (types: org.springframework.dao.annotation.PersistenceExceptionTranslationPostProcessor; SearchStrategy: all) did not find any beans (OnBeanCondition)

   PropertyPlaceholderAutoConfiguration#propertySourcesPlaceholderConfigurer matched:
      - @ConditionalOnMissingBean (types: org.springframework.context.support.PropertySourcesPlaceholderConfigurer; SearchStrategy: current) did not find any beans (OnBeanCondition)

   SecurityAutoConfiguration matched:
      - @ConditionalOnClass found required class 'org.springframework.security.authentication.DefaultAuthenticationEventPublisher' (OnClassCondition)

   SecurityAutoConfiguration#authenticationEventPublisher matched:
      - @ConditionalOnMissingBean (types: org.springframework.security.authentication.AuthenticationEventPublisher; SearchStrategy: all) did not find any beans (OnBeanCondition)

   SecurityFilterAutoConfiguration matched:
      - @ConditionalOnClass found required classes 'org.springframework.security.web.context.AbstractSecurityWebApplicationInitializer', 'org.springframework.security.config.http.SessionCreationPolicy' (OnClassCondition)
      - found 'session' scope (OnWebApplicationCondition)

   SecurityFilterAutoConfiguration#securityFilterChainRegistration matched:
      - @ConditionalOnBean (names: springSecurityFilterChain; SearchStrategy: all) found bean 'springSecurityFilterChain' (OnBeanCondition)

   ServletWebSecurityAutoConfiguration matched:
      - @ConditionalOnClass found required class 'org.springframework.security.config.annotation.web.configuration.EnableWebSecurity' (OnClassCondition)
      - found 'session' scope (OnWebApplicationCondition)

   ServletWebSecurityAutoConfiguration.PathPatternRequestMatcherBuilderConfiguration matched:
      - @ConditionalOnClass found required class 'org.springframework.boot.webmvc.autoconfigure.DispatcherServletPath' (OnClassCondition)
      - @ConditionalOnBean (types: org.springframework.boot.webmvc.autoconfigure.DispatcherServletPath; SearchStrategy: all) found bean 'dispatcherServletRegistration' (OnBeanCondition)

   ServletWebSecurityAutoConfiguration.PathPatternRequestMatcherBuilderConfiguration#pathPatternRequestMatcherBuilder matched:
      - @ConditionalOnMissingBean (types: org.springframework.security.web.servlet.util.matcher.PathPatternRequestMatcher$Builder; SearchStrategy: all) did not find any beans (OnBeanCondition)

   SslAutoConfiguration#sslBundleRegistry matched:
      - @ConditionalOnMissingBean (types: org.springframework.boot.ssl.SslBundleRegistry,org.springframework.boot.ssl.SslBundles; SearchStrategy: all) did not find any beans (OnBeanCondition)

   TaskExecutionAutoConfiguration matched:
      - @ConditionalOnClass found required class 'org.springframework.scheduling.concurrent.ThreadPoolTaskExecutor' (OnClassCondition)

   TaskExecutorConfigurations.AsyncConfigurerConfiguration matched:
      - @ConditionalOnMissingBean (types: org.springframework.scheduling.annotation.AsyncConfigurer; SearchStrategy: all) did not find any beans (OnBeanCondition)

   TaskExecutorConfigurations.SimpleAsyncTaskExecutorBuilderConfiguration#simpleAsyncTaskExecutorBuilder matched:
      - @ConditionalOnMissingBean (types: org.springframework.boot.task.SimpleAsyncTaskExecutorBuilder; SearchStrategy: all) did not find any beans (OnBeanCondition)
      - @ConditionalOnThreading found PLATFORM (OnThreadingCondition)

   TaskExecutorConfigurations.TaskExecutorConfiguration matched:
      - AnyNestedCondition 1 matched 1 did not; NestedCondition on TaskExecutorConfigurations.OnExecutorCondition.ModelCondition @ConditionalOnProperty (spring.task.execution.mode=force) did not find property 'spring.task.execution.mode'; NestedCondition on TaskExecutorConfigurations.OnExecutorCondition.ExecutorBeanCondition @ConditionalOnMissingBean (types: java.util.concurrent.Executor; SearchStrategy: all) did not find any beans (TaskExecutorConfigurations.OnExecutorCondition)

   TaskExecutorConfigurations.TaskExecutorConfiguration#applicationTaskExecutor matched:
      - @ConditionalOnThreading found PLATFORM (OnThreadingCondition)

   TaskExecutorConfigurations.ThreadPoolTaskExecutorBuilderConfiguration#threadPoolTaskExecutorBuilder matched:
      - @ConditionalOnMissingBean (types: org.springframework.boot.task.ThreadPoolTaskExecutorBuilder; SearchStrategy: all) did not find any beans (OnBeanCondition)

   TaskSchedulingAutoConfiguration matched:
      - @ConditionalOnClass found required class 'org.springframework.scheduling.concurrent.ThreadPoolTaskScheduler' (OnClassCondition)

   TaskSchedulingConfigurations.SimpleAsyncTaskSchedulerBuilderConfiguration#simpleAsyncTaskSchedulerBuilder matched:
      - @ConditionalOnMissingBean (types: org.springframework.boot.task.SimpleAsyncTaskSchedulerBuilder; SearchStrategy: all) did not find any beans (OnBeanCondition)
      - @ConditionalOnThreading found PLATFORM (OnThreadingCondition)

   TaskSchedulingConfigurations.ThreadPoolTaskSchedulerBuilderConfiguration#threadPoolTaskSchedulerBuilder matched:
      - @ConditionalOnMissingBean (types: org.springframework.boot.task.ThreadPoolTaskSchedulerBuilder; SearchStrategy: all) did not find any beans (OnBeanCondition)

   TomcatServletWebServerAutoConfiguration matched:
      - @ConditionalOnClass found required classes 'jakarta.servlet.ServletRequest', 'org.apache.catalina.startup.Tomcat', 'org.apache.coyote.UpgradeProtocol', 'org.springframework.boot.tomcat.servlet.TomcatServletWebServerFactory' (OnClassCondition)
      - found 'session' scope (OnWebApplicationCondition)

   TomcatServletWebServerAutoConfiguration#tomcatServletWebServerFactory matched:
      - @ConditionalOnMissingBean (types: org.springframework.boot.web.server.servlet.ServletWebServerFactory; SearchStrategy: current) did not find any beans (OnBeanCondition)

   TomcatWebServerConfiguration matched:
      - @ConditionalOnWarDeployment the application is not deployed as a WAR file. (OnWarDeploymentCondition)

   TomcatWebServerConfiguration.TomcatWebSocketConfiguration matched:
      - @ConditionalOnClass found required class 'org.apache.tomcat.websocket.server.WsSci' (OnClassCondition)

   TransactionAutoConfiguration matched:
      - @ConditionalOnClass found required class 'org.springframework.transaction.PlatformTransactionManager' (OnClassCondition)

   TransactionAutoConfiguration.EnableTransactionManagementConfiguration matched:
      - @ConditionalOnBean (types: org.springframework.transaction.TransactionManager; SearchStrategy: all) found bean 'transactionManager'; @ConditionalOnMissingBean (types: org.springframework.transaction.annotation.AbstractTransactionManagementConfiguration; SearchStrategy: all) did not find any beans (OnBeanCondition)

   TransactionAutoConfiguration.EnableTransactionManagementConfiguration.CglibAutoProxyConfiguration matched:
      - @ConditionalOnBooleanProperty (spring.aop.proxy-target-class=true) matched (OnPropertyCondition)

   TransactionAutoConfiguration.TransactionTemplateConfiguration matched:
      - @ConditionalOnSingleCandidate (types: org.springframework.transaction.PlatformTransactionManager; SearchStrategy: all) found a single bean 'transactionManager' (OnBeanCondition)

   TransactionAutoConfiguration.TransactionTemplateConfiguration#transactionTemplate matched:
      - @ConditionalOnMissingBean (types: org.springframework.transaction.support.TransactionOperations; SearchStrategy: all) did not find any beans (OnBeanCondition)

   TransactionManagerCustomizationAutoConfiguration matched:
      - @ConditionalOnClass found required class 'org.springframework.transaction.PlatformTransactionManager' (OnClassCondition)

   TransactionManagerCustomizationAutoConfiguration#platformTransactionManagerCustomizers matched:
      - @ConditionalOnMissingBean (types: org.springframework.boot.transaction.autoconfigure.TransactionManagerCustomizers; SearchStrategy: all) did not find any beans (OnBeanCondition)

   UserDetailsServiceAutoConfiguration matched:
      - @ConditionalOnClass found required class 'org.springframework.security.authentication.AuthenticationManager' (OnClassCondition)
      - found 'session' scope (OnWebApplicationCondition)
      - AnyNestedCondition 1 matched 2 did not; NestedCondition on MissingAlternativeUserDetailsManagerOrUserPropertiesConfigured.PasswordConfigured @ConditionalOnProperty (spring.security.user.password) did not find property 'spring.security.user.password'; NestedCondition on MissingAlternativeUserDetailsManagerOrUserPropertiesConfigured.NameConfigured @ConditionalOnProperty (spring.security.user.name) did not find property 'spring.security.user.name'; NestedCondition on MissingAlternativeUserDetailsManagerOrUserPropertiesConfigured.MissingAlternative @ConditionalOnMissingClass did not find unwanted classes 'org.springframework.security.oauth2.client.registration.ClientRegistrationRepository', 'org.springframework.security.oauth2.server.resource.introspection.OpaqueTokenIntrospector', 'org.springframework.security.saml2.provider.service.registration.RelyingPartyRegistrationRepository' (MissingAlternativeUserDetailsManagerOrUserPropertiesConfigured)
      - @ConditionalOnMissingBean (types: org.springframework.security.authentication.AuthenticationManager,org.springframework.security.authentication.AuthenticationProvider,org.springframework.security.core.userdetails.UserDetailsService,org.springframework.security.authentication.AuthenticationManagerResolver,?; SearchStrategy: all) did not find any beans (OnBeanCondition)

   WebMvcAutoConfiguration matched:
      - @ConditionalOnClass found required classes 'jakarta.servlet.Servlet', 'org.springframework.web.servlet.DispatcherServlet', 'org.springframework.web.servlet.config.annotation.WebMvcConfigurer' (OnClassCondition)
      - found 'session' scope (OnWebApplicationCondition)
      - @ConditionalOnMissingBean (types: org.springframework.web.servlet.config.annotation.WebMvcConfigurationSupport; SearchStrategy: all) did not find any beans (OnBeanCondition)

   WebMvcAutoConfiguration#formContentFilter matched:
      - @ConditionalOnBooleanProperty (spring.mvc.formcontent.filter.enabled=true) matched (OnPropertyCondition)
      - @ConditionalOnMissingBean (types: org.springframework.web.filter.FormContentFilter; SearchStrategy: all) did not find any beans (OnBeanCondition)

   WebMvcAutoConfiguration.EnableWebMvcConfiguration#flashMapManager matched:
      - @ConditionalOnMissingBean (names: flashMapManager; SearchStrategy: all) did not find any beans (OnBeanCondition)

   WebMvcAutoConfiguration.EnableWebMvcConfiguration#localeResolver matched:
      - @ConditionalOnMissingBean (names: localeResolver; SearchStrategy: all) did not find any beans (OnBeanCondition)

   WebMvcAutoConfiguration.EnableWebMvcConfiguration#viewNameTranslator matched:
      - @ConditionalOnMissingBean (names: viewNameTranslator; SearchStrategy: all) did not find any beans (OnBeanCondition)

   WebMvcAutoConfiguration.WebMvcAutoConfigurationAdapter#defaultViewResolver matched:
      - @ConditionalOnMissingBean (types: org.springframework.web.servlet.view.InternalResourceViewResolver; SearchStrategy: all) did not find any beans (OnBeanCondition)

   WebMvcAutoConfiguration.WebMvcAutoConfigurationAdapter#requestContextFilter matched:
      - @ConditionalOnMissingBean (types: org.springframework.web.context.request.RequestContextListener,org.springframework.web.filter.RequestContextFilter; SearchStrategy: all) did not find any beans (OnBeanCondition)

   WebMvcAutoConfiguration.WebMvcAutoConfigurationAdapter#viewResolver matched:
      - @ConditionalOnBean (types: org.springframework.web.servlet.ViewResolver; SearchStrategy: all) found beans 'defaultViewResolver', 'beanNameViewResolver', 'mvcViewResolver'; @ConditionalOnMissingBean (names: viewResolver types: org.springframework.web.servlet.view.ContentNegotiatingViewResolver; SearchStrategy: all) did not find any beans (OnBeanCondition)


Negative matches:
-----------------

   AopAutoConfiguration.AspectJAutoProxyingConfiguration.JdkDynamicAutoProxyConfiguration:
      Did not match:
         - @ConditionalOnBooleanProperty (spring.aop.proxy-target-class=false) did not find property 'spring.aop.proxy-target-class' (OnPropertyCondition)

   AopAutoConfiguration.ClassProxyingConfiguration:
      Did not match:
         - @ConditionalOnMissingClass found unwanted class 'org.aspectj.weaver.Advice' (OnClassCondition)

   DataJpaRepositoriesAutoConfiguration#entityManagerFactoryBootstrapExecutorCustomizer:
      Did not match:
         - AnyNestedCondition 0 matched 2 did not; NestedCondition on DataJpaRepositoriesAutoConfiguration.BootstrapExecutorCondition.LazyBootstrapMode @ConditionalOnProperty (spring.data.jpa.repositories.bootstrap-mode=lazy) did not find property 'spring.data.jpa.repositories.bootstrap-mode'; NestedCondition on DataJpaRepositoriesAutoConfiguration.BootstrapExecutorCondition.DeferredBootstrapMode @ConditionalOnProperty (spring.data.jpa.repositories.bootstrap-mode=deferred) did not find property 'spring.data.jpa.repositories.bootstrap-mode' (DataJpaRepositoriesAutoConfiguration.BootstrapExecutorCondition)

   DataRepositoryMetricsAutoConfiguration:
      Did not match:
         - @ConditionalOnBean did not find required type 'io.micrometer.core.instrument.MeterRegistry' (OnBeanCondition)

   DataSourceAutoConfiguration.EmbeddedDatabaseConfiguration:
      Did not match:
         - EmbeddedDataSource spring.datasource.url is set (DataSourceAutoConfiguration.EmbeddedDatabaseCondition)

   DataSourceCheckpointRestoreConfiguration:
      Did not match:
         - @ConditionalOnClass did not find required class 'org.crac.Resource' (OnClassCondition)

   DataSourceConfiguration.Dbcp2:
      Did not match:
         - @ConditionalOnClass did not find required class 'org.apache.commons.dbcp2.BasicDataSource' (OnClassCondition)

   DataSourceConfiguration.Generic:
      Did not match:
         - @ConditionalOnProperty (spring.datasource.type) did not find property 'spring.datasource.type' (OnPropertyCondition)

   DataSourceConfiguration.OracleUcp:
      Did not match:
         - @ConditionalOnClass did not find required classes 'oracle.ucp.jdbc.PoolDataSourceImpl', 'oracle.jdbc.OracleConnection' (OnClassCondition)

   DataSourceConfiguration.Tomcat:
      Did not match:
         - @ConditionalOnClass did not find required class 'org.apache.tomcat.jdbc.pool.DataSource' (OnClassCondition)

   DataSourceHealthContributorAutoConfiguration:
      Did not match:
         - @ConditionalOnClass did not find required class 'org.springframework.boot.health.autoconfigure.contributor.ConditionalOnEnabledHealthIndicator' (OnClassCondition)

   DataSourceJmxConfiguration:
      Did not match:
         - @ConditionalOnBooleanProperty (spring.jmx.enabled=true) did not find property 'spring.jmx.enabled' (OnPropertyCondition)

   DataSourcePoolMetadataProvidersConfiguration.CommonsDbcp2PoolDataSourceMetadataProviderConfiguration:
      Did not match:
         - @ConditionalOnClass did not find required class 'org.apache.commons.dbcp2.BasicDataSource' (OnClassCondition)

   DataSourcePoolMetadataProvidersConfiguration.OracleUcpPoolDataSourceMetadataProviderConfiguration:
      Did not match:
         - @ConditionalOnClass did not find required classes 'oracle.ucp.jdbc.PoolDataSource', 'oracle.jdbc.OracleConnection' (OnClassCondition)

   DataSourcePoolMetadataProvidersConfiguration.TomcatDataSourcePoolMetadataProviderConfiguration:
      Did not match:
         - @ConditionalOnClass did not find required class 'org.apache.tomcat.jdbc.pool.DataSource' (OnClassCondition)

   DataSourcePoolMetricsAutoConfiguration:
      Did not match:
         - @ConditionalOnClass did not find required class 'io.micrometer.core.instrument.MeterRegistry' (OnClassCondition)

   DataSourceTransactionManagerAutoConfiguration.JdbcTransactionManagerConfiguration#transactionManager:
      Did not match:
         - @ConditionalOnMissingBean (types: org.springframework.transaction.TransactionManager; SearchStrategy: all) found beans of type 'org.springframework.transaction.TransactionManager' transactionManager (OnBeanCondition)

   DispatcherServletAutoConfiguration.DispatcherServletConfiguration#multipartResolver:
      Did not match:
         - @ConditionalOnBean (types: org.springframework.web.multipart.MultipartResolver; SearchStrategy: all) did not find any beans of type org.springframework.web.multipart.MultipartResolver (OnBeanCondition)

   GsonHttpMessageConvertersConfiguration:
      Did not match:
         - @ConditionalOnClass did not find required class 'com.google.gson.Gson' (OnClassCondition)

   HibernateMetricsAutoConfiguration:
      Did not match:
         - @ConditionalOnClass did not find required class 'io.micrometer.core.instrument.MeterRegistry' (OnClassCondition)

   Jackson2HttpMessageConvertersConfiguration.MappingJackson2HttpMessageConverterConfiguration:
      Did not match:
         - @ConditionalOnClass did not find required class 'com.fasterxml.jackson.databind.ObjectMapper' (OnClassCondition)

   Jackson2HttpMessageConvertersConfiguration.MappingJackson2XmlHttpMessageConverterConfiguration:
      Did not match:
         - @ConditionalOnClass did not find required class 'tools.jackson.dataformat.xml.XmlMapper' (OnClassCondition)

   JacksonAutoConfiguration.CborConfiguration:
      Did not match:
         - @ConditionalOnClass did not find required class 'tools.jackson.dataformat.cbor.CBORMapper' (OnClassCondition)

   JacksonAutoConfiguration.XmlConfiguration:
      Did not match:
         - @ConditionalOnClass did not find required class 'tools.jackson.dataformat.xml.XmlMapper' (OnClassCondition)

   JacksonHttpMessageConvertersConfiguration.JacksonXmlHttpMessageConverterConfiguration:
      Did not match:
         - @ConditionalOnClass did not find required class 'tools.jackson.dataformat.xml.XmlMapper' (OnClassCondition)

   JmxAutoConfiguration:
      Did not match:
         - @ConditionalOnBooleanProperty (spring.jmx.enabled=true) did not find property 'spring.jmx.enabled' (OnPropertyCondition)
      Matched:
         - @ConditionalOnClass found required class 'org.springframework.jmx.export.MBeanExporter' (OnClassCondition)

   JndiDataSourceAutoConfiguration:
      Did not match:
         - @ConditionalOnProperty (spring.datasource.jndi-name) did not find property 'spring.datasource.jndi-name' (OnPropertyCondition)
      Matched:
         - @ConditionalOnClass found required classes 'javax.sql.DataSource', 'org.springframework.jdbc.datasource.embedded.EmbeddedDatabaseType' (OnClassCondition)

   JndiJtaConfiguration:
      Did not match:
         - @ConditionalOnJndi JNDI environment is not available (OnJndiCondition)
      Matched:
         - @ConditionalOnClass found required class 'org.springframework.transaction.jta.JtaTransactionManager' (OnClassCondition)

   JpaBaseConfiguration.JpaWebConfiguration:
      Did not match:
         - @ConditionalOnBooleanProperty (spring.jpa.open-in-view=true) found different value in property 'spring.jpa.open-in-view' (OnPropertyCondition)
      Matched:
         - @ConditionalOnClass found required class 'org.springframework.web.servlet.config.annotation.WebMvcConfigurer' (OnClassCondition)
         - found 'session' scope (OnWebApplicationCondition)

   JsonbHttpMessageConvertersConfiguration:
      Did not match:
         - @ConditionalOnClass did not find required class 'jakarta.json.bind.Jsonb' (OnClassCondition)

   KotlinSerializationHttpMessageConvertersConfiguration:
      Did not match:
         - @ConditionalOnClass did not find required classes 'kotlinx.serialization.Serializable', 'kotlinx.serialization.json.Json' (OnClassCondition)

   ManagementWebSecurityAutoConfiguration:
      Did not match:
         - @ConditionalOnClass did not find required class 'org.springframework.boot.actuate.autoconfigure.endpoint.web.WebEndpointAutoConfiguration' (OnClassCondition)

   MessageSourceAutoConfiguration:
      Did not match:
         - ResourceBundle did not find bundle with basename messages (MessageSourceAutoConfiguration.ResourceBundleCondition)

   ProjectInfoAutoConfiguration#buildProperties:
      Did not match:
         - @ConditionalOnResource did not find resource '${spring.info.build.location:classpath:META-INF/build-info.properties}' (OnResourceCondition)

   ProjectInfoAutoConfiguration#gitProperties:
      Did not match:
         - GitResource did not find git info at classpath:git.properties (ProjectInfoAutoConfiguration.GitResourceAvailableCondition)

   RSocketSecurityAutoConfiguration:
      Did not match:
         - @ConditionalOnClass did not find required class 'org.springframework.boot.rsocket.server.RSocketServerCustomizer' (OnClassCondition)

   ReactiveManagementWebSecurityAutoConfiguration:
      Did not match:
         - @ConditionalOnClass did not find required class 'org.springframework.boot.actuate.autoconfigure.endpoint.web.WebEndpointAutoConfiguration' (OnClassCondition)

   ReactiveUserDetailsServiceAutoConfiguration:
      Did not match:
         - AnyNestedCondition 0 matched 2 did not; NestedCondition on ReactiveUserDetailsServiceAutoConfiguration.RSocketEnabledOrReactiveWebApplication.ReactiveWebApplicationCondition did not find reactive web application classes; NestedCondition on ReactiveUserDetailsServiceAutoConfiguration.RSocketEnabledOrReactiveWebApplication.RSocketSecurityEnabledCondition @ConditionalOnBean (types: ?; SearchStrategy: all) did not find any beans of type ? (ReactiveUserDetailsServiceAutoConfiguration.RSocketEnabledOrReactiveWebApplication)
      Matched:
         - @ConditionalOnClass found required class 'org.springframework.security.authentication.ReactiveAuthenticationManager' (OnClassCondition)
         - AnyNestedCondition 1 matched 2 did not; NestedCondition on MissingAlternativeUserDetailsManagerOrUserPropertiesConfigured.PasswordConfigured @ConditionalOnProperty (spring.security.user.password) did not find property 'spring.security.user.password'; NestedCondition on MissingAlternativeUserDetailsManagerOrUserPropertiesConfigured.NameConfigured @ConditionalOnProperty (spring.security.user.name) did not find property 'spring.security.user.name'; NestedCondition on MissingAlternativeUserDetailsManagerOrUserPropertiesConfigured.MissingAlternative @ConditionalOnMissingClass did not find unwanted classes 'org.springframework.security.oauth2.client.registration.ClientRegistrationRepository', 'org.springframework.security.oauth2.server.resource.introspection.OpaqueTokenIntrospector', 'org.springframework.security.saml2.provider.service.registration.RelyingPartyRegistrationRepository' (MissingAlternativeUserDetailsManagerOrUserPropertiesConfigured)

   ReactiveWebSecurityAutoConfiguration:
      Did not match:
         - @ConditionalOnClass did not find required class 'reactor.core.publisher.Flux' (OnClassCondition)

   SecurityAutoConfiguration.SecurityDataConfiguration:
      Did not match:
         - @ConditionalOnClass did not find required class 'org.springframework.security.data.repository.query.SecurityEvaluationContextExtension' (OnClassCondition)

   ServletHttpExchangesAutoConfiguration:
      Did not match:
         - @ConditionalOnBean did not find required type 'org.springframework.boot.actuate.web.exchanges.HttpExchangeRepository' (OnBeanCondition)

   ServletManagementContextAutoConfiguration:
      Did not match:
         - @ConditionalOnClass did not find required class 'org.springframework.boot.actuate.autoconfigure.endpoint.web.WebEndpointProperties' (OnClassCondition)

   ServletMappingsAutoConfiguration:
      Did not match:
         - @ConditionalOnClass did not find required class 'org.springframework.boot.actuate.autoconfigure.endpoint.condition.ConditionalOnAvailableEndpoint' (OnClassCondition)

   ServletWebSecurityAutoConfiguration.EnableWebSecurityConfiguration:
      Did not match:
         - @ConditionalOnMissingBean (names: springSecurityFilterChain; SearchStrategy: all) found beans named springSecurityFilterChain (OnBeanCondition)
      Matched:
         - @ConditionalOnClass found required class 'org.springframework.security.config.annotation.web.configuration.EnableWebSecurity' (OnClassCondition)

   ServletWebSecurityAutoConfiguration.SecurityFilterChainConfiguration:
      Did not match:
         - AllNestedConditions 1 matched 1 did not; NestedCondition on DefaultWebSecurityCondition.Beans @ConditionalOnMissingBean (types: org.springframework.security.web.SecurityFilterChain; SearchStrategy: all) found beans of type 'org.springframework.security.web.SecurityFilterChain' filterChain; NestedCondition on DefaultWebSecurityCondition.Classes @ConditionalOnClass found required classes 'org.springframework.security.web.SecurityFilterChain', 'org.springframework.security.config.annotation.web.builders.HttpSecurity' (DefaultWebSecurityCondition)

   ServletWebServerConfiguration#forwardedHeaderFilter:
      Did not match:
         - @ConditionalOnProperty (server.forward-headers-strategy=framework) did not find property 'server.forward-headers-strategy' (OnPropertyCondition)

   SpringApplicationAdminJmxAutoConfiguration:
      Did not match:
         - @ConditionalOnBooleanProperty (spring.application.admin.enabled=true) did not find property 'spring.application.admin.enabled' (OnPropertyCondition)

   TaskExecutorConfigurations.AsyncConfigurerWrapperConfiguration:
      Did not match:
         - @ConditionalOnBean (types: org.springframework.scheduling.annotation.AsyncConfigurer; SearchStrategy: all) did not find any beans of type org.springframework.scheduling.annotation.AsyncConfigurer (OnBeanCondition)

   TaskExecutorConfigurations.SimpleAsyncTaskExecutorBuilderConfiguration#simpleAsyncTaskExecutorBuilderVirtualThreads:
      Did not match:
         - @ConditionalOnMissingBean (types: org.springframework.boot.task.SimpleAsyncTaskExecutorBuilder; SearchStrategy: all) found beans of type 'org.springframework.boot.task.SimpleAsyncTaskExecutorBuilder' simpleAsyncTaskExecutorBuilder (OnBeanCondition)

   TaskExecutorConfigurations.TaskExecutorConfiguration#applicationTaskExecutorVirtualThreads:
      Did not match:
         - @ConditionalOnThreading did not find VIRTUAL (OnThreadingCondition)

   TaskSchedulingAutoConfiguration#scheduledBeanLazyInitializationExcludeFilter:
      Did not match:
         - @ConditionalOnBean (names: org.springframework.scheduling.config.internalScheduledAnnotationProcessor; SearchStrategy: all) did not find any beans named org.springframework.scheduling.config.internalScheduledAnnotationProcessor (OnBeanCondition)

   TaskSchedulingConfigurations.SimpleAsyncTaskSchedulerBuilderConfiguration#simpleAsyncTaskSchedulerBuilderVirtualThreads:
      Did not match:
         - @ConditionalOnMissingBean (types: org.springframework.boot.task.SimpleAsyncTaskSchedulerBuilder; SearchStrategy: all) found beans of type 'org.springframework.boot.task.SimpleAsyncTaskSchedulerBuilder' simpleAsyncTaskSchedulerBuilder (OnBeanCondition)

   TaskSchedulingConfigurations.TaskSchedulerConfiguration:
      Did not match:
         - @ConditionalOnBean (names: org.springframework.scheduling.config.internalScheduledAnnotationProcessor; SearchStrategy: all) did not find any beans named org.springframework.scheduling.config.internalScheduledAnnotationProcessor (OnBeanCondition)

   TomcatMetricsAutoConfiguration:
      Did not match:
         - @ConditionalOnClass did not find required class 'io.micrometer.core.instrument.binder.tomcat.TomcatMetrics' (OnClassCondition)

   TomcatReactiveManagementContextAutoConfiguration:
      Did not match:
         - @ConditionalOnClass did not find required class 'org.springframework.boot.actuate.autoconfigure.web.server.ManagementContextFactory' (OnClassCondition)

   TomcatReactiveWebServerAutoConfiguration:
      Did not match:
         - @ConditionalOnWebApplication did not find reactive web application classes (OnWebApplicationCondition)

   TomcatServletManagementContextAutoConfiguration:
      Did not match:
         - @ConditionalOnClass did not find required class 'org.springframework.boot.actuate.autoconfigure.web.server.ManagementContextFactory' (OnClassCondition)

   TomcatServletWebServerAutoConfiguration#tomcatForwardedHeaderFilterCustomizer:
      Did not match:
         - @ConditionalOnProperty (server.forward-headers-strategy=framework) did not find property 'server.forward-headers-strategy' (OnPropertyCondition)

   TomcatWebServerConfiguration#tomcatVirtualThreadsProtocolHandlerCustomizer:
      Did not match:
         - @ConditionalOnThreading did not find VIRTUAL (OnThreadingCondition)

   TransactionAutoConfiguration#transactionalOperator:
      Did not match:
         - @ConditionalOnSingleCandidate (types: org.springframework.transaction.ReactiveTransactionManager; SearchStrategy: all) did not find any beans (OnBeanCondition)

   TransactionAutoConfiguration.AspectJTransactionManagementConfiguration:
      Did not match:
         - @ConditionalOnBean (types: org.springframework.transaction.aspectj.AbstractTransactionAspect; SearchStrategy: all) did not find any beans of type org.springframework.transaction.aspectj.AbstractTransactionAspect (OnBeanCondition)

   TransactionAutoConfiguration.EnableTransactionManagementConfiguration.JdkDynamicAutoProxyConfiguration:
      Did not match:
         - @ConditionalOnBooleanProperty (spring.aop.proxy-target-class=false) did not find property 'spring.aop.proxy-target-class' (OnPropertyCondition)

   WebMvcAutoConfiguration#hiddenHttpMethodFilter:
      Did not match:
         - @ConditionalOnBooleanProperty (spring.mvc.hiddenmethod.filter.enabled=true) did not find property 'spring.mvc.hiddenmethod.filter.enabled' (OnPropertyCondition)

   WebMvcAutoConfiguration.ProblemDetailsErrorHandlingConfiguration:
      Did not match:
         - @ConditionalOnBooleanProperty (spring.mvc.problemdetails.enabled=true) did not find property 'spring.mvc.problemdetails.enabled' (OnPropertyCondition)

   WebMvcAutoConfiguration.ResourceChainCustomizerConfiguration:
      Did not match:
         - @ConditionalOnEnabledResourceChain did not find class org.webjars.WebJarVersionLocator (OnEnabledResourceChainCondition)

   WebMvcAutoConfiguration.WebMvcAutoConfigurationAdapter#beanNameViewResolver:
      Did not match:
         - @ConditionalOnMissingBean (types: org.springframework.web.servlet.view.BeanNameViewResolver; SearchStrategy: all) found beans of type 'org.springframework.web.servlet.view.BeanNameViewResolver' beanNameViewResolver (OnBeanCondition)

   WebMvcHealthEndpointExtensionAutoConfiguration:
      Did not match:
         - @ConditionalOnClass did not find required class 'org.springframework.boot.health.actuate.endpoint.HealthEndpoint' (OnClassCondition)

   WebMvcMappingsAutoConfiguration:
      Did not match:
         - @ConditionalOnClass did not find required class 'org.springframework.boot.actuate.autoconfigure.endpoint.condition.ConditionalOnAvailableEndpoint' (OnClassCondition)

   WebMvcObservationAutoConfiguration:
      Did not match:
         - @ConditionalOnBean (types: io.micrometer.observation.ObservationRegistry; SearchStrategy: all) did not find any beans of type io.micrometer.observation.ObservationRegistry (OnBeanCondition)
      Matched:
         - @ConditionalOnClass found required classes 'org.springframework.web.servlet.DispatcherServlet', 'io.micrometer.observation.Observation' (OnClassCondition)
         - found 'session' scope (OnWebApplicationCondition)

   WebMvcObservationAutoConfiguration.MeterFilterConfiguration:
      Did not match:
         - @ConditionalOnClass did not find required class 'io.micrometer.core.instrument.MeterRegistry' (OnClassCondition)
         - Ancestor org.springframework.boot.webmvc.autoconfigure.WebMvcObservationAutoConfiguration did not match (ConditionEvaluationReport.AncestorsMatchedCondition)

   XADataSourceAutoConfiguration:
      Did not match:
         - @ConditionalOnBean (types: org.springframework.boot.jdbc.XADataSourceWrapper; SearchStrategy: all) did not find any beans of type org.springframework.boot.jdbc.XADataSourceWrapper (OnBeanCondition)
      Matched:
         - @ConditionalOnClass found required classes 'javax.sql.DataSource', 'jakarta.transaction.TransactionManager', 'org.springframework.jdbc.datasource.embedded.EmbeddedDatabaseType' (OnClassCondition)


Exclusions:
-----------

    None


Unconditional classes:
----------------------

    org.springframework.boot.autoconfigure.context.ConfigurationPropertiesAutoConfiguration

    org.springframework.boot.autoconfigure.ssl.SslAutoConfiguration

    org.springframework.boot.autoconfigure.context.LifecycleAutoConfiguration

    org.springframework.boot.autoconfigure.context.PropertyPlaceholderAutoConfiguration

    org.springframework.boot.autoconfigure.availability.ApplicationAvailabilityAutoConfiguration

    org.springframework.boot.autoconfigure.info.ProjectInfoAutoConfiguration



05/08/2026 10:46:45.340 DEBUG o.s.b.d.LoggingFailureAnalysisReporter - Application failed to start due to an exception
org.springframework.boot.web.server.PortInUseException: Port 8080 is already in use
	at org.springframework.boot.web.server.PortInUseException.lambda$throwIfPortBindingException$0(PortInUseException.java:73)
	at org.springframework.boot.web.server.PortInUseException.lambda$ifPortBindingException$0(PortInUseException.java:89)
	at org.springframework.boot.web.server.PortInUseException.ifCausedBy(PortInUseException.java:107)
	at org.springframework.boot.web.server.PortInUseException.ifPortBindingException(PortInUseException.java:85)
	at org.springframework.boot.web.server.PortInUseException.throwIfPortBindingException(PortInUseException.java:72)
	at org.springframework.boot.tomcat.TomcatWebServer.start(TomcatWebServer.java:247)
	at org.springframework.boot.web.server.servlet.context.WebServerStartStopLifecycle.start(WebServerStartStopLifecycle.java:44)
	at org.springframework.context.support.DefaultLifecycleProcessor.doStart(DefaultLifecycleProcessor.java:420)
	at org.springframework.context.support.DefaultLifecycleProcessor.doStart(DefaultLifecycleProcessor.java:409)
	at org.springframework.context.support.DefaultLifecycleProcessor$LifecycleGroup.start(DefaultLifecycleProcessor.java:613)
	at java.base/java.lang.Iterable.forEach(Iterable.java:75)
	at org.springframework.context.support.DefaultLifecycleProcessor.startBeans(DefaultLifecycleProcessor.java:379)
	at org.springframework.context.support.DefaultLifecycleProcessor.onRefresh(DefaultLifecycleProcessor.java:306)
	at org.springframework.context.support.AbstractApplicationContext.finishRefresh(AbstractApplicationContext.java:1002)
	at org.springframework.context.support.AbstractApplicationContext.refresh(AbstractApplicationContext.java:623)
	at org.springframework.boot.web.server.servlet.context.ServletWebServerApplicationContext.refresh(ServletWebServerApplicationContext.java:143)
	at org.springframework.boot.SpringApplication.refresh(SpringApplication.java:765)
	at org.springframework.boot.SpringApplication.refreshContext(SpringApplication.java:454)
	at org.springframework.boot.SpringApplication.run(SpringApplication.java:321)
	at org.springframework.boot.SpringApplication.run(SpringApplication.java:1374)
	at org.springframework.boot.SpringApplication.run(SpringApplication.java:1363)
	at com.NeptuneWebAutheticator.NeptuneWebAutheticatorApplication.main(NeptuneWebAutheticatorApplication.java:11)
	at java.base/jdk.internal.reflect.DirectMethodHandleAccessor.invoke(DirectMethodHandleAccessor.java:103)
	at java.base/java.lang.reflect.Method.invoke(Method.java:580)
	at org.springframework.boot.loader.launch.Launcher.launch(Launcher.java:106)
	at org.springframework.boot.loader.launch.Launcher.launch(Launcher.java:64)
	at org.springframework.boot.loader.launch.JarLauncher.main(JarLauncher.java:40)
Caused by: java.lang.IllegalArgumentException: standardService.connector.startFailed
	at org.apache.catalina.core.StandardService.addConnector(StandardService.java:220)
	at org.springframework.boot.tomcat.TomcatWebServer.addPreviouslyRemovedConnectors(TomcatWebServer.java:307)
	at org.springframework.boot.tomcat.TomcatWebServer.start(TomcatWebServer.java:233)
	... 21 common frames omitted
Caused by: org.apache.catalina.LifecycleException: Protocol handler start failed
	at org.apache.catalina.connector.Connector.startInternal(Connector.java:1107)
	at org.apache.catalina.util.LifecycleBase.start(LifecycleBase.java:164)
	at org.apache.catalina.core.StandardService.addConnector(StandardService.java:217)
	... 23 common frames omitted
Caused by: java.net.BindException: Address already in use: bind
	at java.base/sun.nio.ch.Net.bind0(Native Method)
	at java.base/sun.nio.ch.Net.bind(Net.java:565)
	at java.base/sun.nio.ch.ServerSocketChannelImpl.netBind(ServerSocketChannelImpl.java:344)
	at java.base/sun.nio.ch.ServerSocketChannelImpl.bind(ServerSocketChannelImpl.java:301)
	at org.apache.tomcat.util.net.NioEndpoint.initServerSocket(NioEndpoint.java:265)
	at org.apache.tomcat.util.net.NioEndpoint.bind(NioEndpoint.java:220)
	at org.apache.tomcat.util.net.AbstractEndpoint.bindWithCleanup(AbstractEndpoint.java:1600)
	at org.apache.tomcat.util.net.AbstractEndpoint.start(AbstractEndpoint.java:1683)
	at org.apache.coyote.AbstractProtocol.start(AbstractProtocol.java:644)
	at org.apache.catalina.connector.Connector.startInternal(Connector.java:1104)
	... 25 common frames omitted
05/08/2026 10:46:45.342 ERROR o.s.b.d.LoggingFailureAnalysisReporter - 

***************************
APPLICATION FAILED TO START
***************************

Description:

Web server failed to start. Port 8080 was already in use.

Action:

Identify and stop the process that's listening on port 8080 or configure this application to listen on another port.

05/08/2026 10:47:50.286 DEBUG o.s.b.t.c.SpringBootTestContextBootstrapper - Neither @ContextConfiguration nor @ContextHierarchy found for test class [NeptuneWebAutheticatorApplicationTests]: using SpringBootContextLoader
05/08/2026 10:47:50.289 DEBUG o.s.t.c.s.AbstractContextLoader - Could not detect default resource locations for test class [com.NeptuneWebAutheticator.NeptuneWebAutheticatorApplicationTests]: no resource found for suffixes {-context.xml, Context.groovy}.
05/08/2026 10:47:50.290 INFO  o.s.t.c.s.AnnotationConfigContextLoaderUtils - Could not detect default configuration classes for test class [com.NeptuneWebAutheticator.NeptuneWebAutheticatorApplicationTests]: NeptuneWebAutheticatorApplicationTests does not declare any static, non-private, non-final, nested classes annotated with @Configuration.
05/08/2026 10:47:50.301 DEBUG o.s.b.t.c.SpringBootTestContextBootstrapper - Using ContextCustomizerFactory implementations for test class [NeptuneWebAutheticatorApplicationTests]: [SpringBootTestRandomPortContextCustomizerFactory, ImportsContextCustomizerFactory, PropertyMappingContextCustomizerFactory, ExcludeFilterContextCustomizerFactory, TypeExcludeFiltersContextCustomizerFactory, DisableReactorResourceFactoryGlobalResourcesContextCustomizerFactory, DuplicateJsonObjectContextCustomizerFactory, OnFailureConditionReportContextCustomizerFactory, OverrideAutoConfigurationContextCustomizerFactory, BeanOverrideContextCustomizerFactory, MockServerContainerContextCustomizerFactory, DynamicPropertiesContextCustomizerFactory]
05/08/2026 10:47:50.315 DEBUG o.s.b.t.c.SpringBootTestContextBootstrapper - Using ContextCustomizers for test class [NeptuneWebAutheticatorApplicationTests]: [Customizer, PropertyMappingContextCustomizer, ExcludeFilterContextCustomizer, DuplicateJsonObjectContextCustomizer, OnFailureConditionReportContextCustomizer, DynamicPropertiesContextCustomizer]
05/08/2026 10:47:50.383 DEBUG o.s.c.a.ClassPathScanningCandidateComponentProvider - Identified candidate component class: file [C:\Users\termo\Desktop\workspace\TruckingConfiguration\Modules\NeptuneWebAutheticator\target\classes\com\NeptuneWebAutheticator\NeptuneWebAutheticatorApplication.class]
05/08/2026 10:47:50.385 INFO  o.s.b.t.c.SpringBootTestContextBootstrapper - Found @SpringBootConfiguration com.NeptuneWebAutheticator.NeptuneWebAutheticatorApplication for test class com.NeptuneWebAutheticator.NeptuneWebAutheticatorApplicationTests
05/08/2026 10:47:50.476 DEBUG o.s.t.c.u.TestContextSpringFactoriesUtils - Skipping candidate TestExecutionListener [org.springframework.test.context.observation.MicrometerObservationRegistryTestExecutionListener] due to a missing dependency. Specify custom TestExecutionListener classes or make the default TestExecutionListener classes and their required dependencies available. Offending class: io.micrometer.context.ThreadLocalAccessor. MicrometerObservationRegistryTestExecutionListener requires io.micrometer:micrometer-observation:1.10.8 or higher and io.micrometer:context-propagation:1.0.3 or higher.
05/08/2026 10:47:50.485 DEBUG o.s.b.t.c.SpringBootTestContextBootstrapper - Using TestExecutionListeners for test class [NeptuneWebAutheticatorApplicationTests]: [ServletTestExecutionListener, DirtiesContextBeforeModesTestExecutionListener, ApplicationEventsTestExecutionListener, BeanOverrideTestExecutionListener, DependencyInjectionTestExecutionListener, DirtiesContextTestExecutionListener, CommonCachesTestExecutionListener, TransactionalTestExecutionListener, SqlScriptsTestExecutionListener, EventPublishingTestExecutionListener, MockitoResetTestExecutionListener]
05/08/2026 10:47:50.487 DEBUG o.s.t.c.s.DirtiesContextBeforeModesTestExecutionListener - Before test class: class [NeptuneWebAutheticatorApplicationTests], class annotated with @DirtiesContext [false] with mode [null]
05/08/2026 10:47:50.734 INFO  c.N.NeptuneWebAutheticatorApplicationTests - Starting NeptuneWebAutheticatorApplicationTests using Java 21.0.1 with PID 42832 (started by termo in C:\Users\termo\Desktop\workspace\TruckingConfiguration\Modules\NeptuneWebAutheticator)
05/08/2026 10:47:50.735 DEBUG c.N.NeptuneWebAutheticatorApplicationTests - Running with Spring Boot v4.0.0, Spring v7.0.1
05/08/2026 10:47:50.736 INFO  c.N.NeptuneWebAutheticatorApplicationTests - No active profile set, falling back to 1 default profile: "default"
05/08/2026 10:47:50.736 DEBUG o.s.boot.SpringApplication - Loading source class com.NeptuneWebAutheticator.NeptuneWebAutheticatorApplication
05/08/2026 10:47:50.787 DEBUG o.s.w.c.s.GenericWebApplicationContext - Refreshing org.springframework.web.context.support.GenericWebApplicationContext@76889e60
05/08/2026 10:47:50.809 DEBUG o.s.b.f.s.DefaultListableBeanFactory - Creating shared instance of singleton bean 'org.springframework.context.annotation.internalConfigurationAnnotationProcessor'
05/08/2026 10:47:50.829 DEBUG o.s.b.f.s.DefaultListableBeanFactory - Creating shared instance of singleton bean 'org.springframework.boot.autoconfigure.internalCachingMetadataReaderFactory'
05/08/2026 10:47:50.875 DEBUG o.s.c.a.ClassPathBeanDefinitionScanner - Identified candidate component class: file [C:\Users\termo\Desktop\workspace\TruckingConfiguration\Modules\NeptuneWebAutheticator\target\classes\com\NeptuneWebAutheticator\Configuration\SecurityConfig.class]
05/08/2026 10:47:50.888 DEBUG o.s.c.a.ClassPathBeanDefinitionScanner - Identified candidate component class: file [C:\Users\termo\Desktop\workspace\TruckingConfiguration\Modules\NeptuneWebAutheticator\target\classes\com\NeptuneWebAutheticator\Controller\AuthenticationController.class]
05/08/2026 10:47:50.893 DEBUG o.s.c.a.ClassPathBeanDefinitionScanner - Identified candidate component class: file [C:\Users\termo\Desktop\workspace\TruckingConfiguration\Modules\NeptuneWebAutheticator\target\classes\com\NeptuneWebAutheticator\Controller\MachineController.class]
05/08/2026 10:47:50.902 DEBUG o.s.c.a.ClassPathBeanDefinitionScanner - Ignored because not a concrete top-level class: file [C:\Users\termo\Desktop\workspace\TruckingConfiguration\Modules\NeptuneWebAutheticator\target\classes\com\NeptuneWebAutheticator\Repository\MachineRepository.class]
05/08/2026 10:47:50.903 DEBUG o.s.c.a.ClassPathBeanDefinitionScanner - Ignored because not a concrete top-level class: file [C:\Users\termo\Desktop\workspace\TruckingConfiguration\Modules\NeptuneWebAutheticator\target\classes\com\NeptuneWebAutheticator\Repository\TenantRepository.class]
05/08/2026 10:47:50.904 DEBUG o.s.c.a.ClassPathBeanDefinitionScanner - Ignored because not a concrete top-level class: file [C:\Users\termo\Desktop\workspace\TruckingConfiguration\Modules\NeptuneWebAutheticator\target\classes\com\NeptuneWebAutheticator\Repository\TokenRepository.class]
05/08/2026 10:47:50.906 DEBUG o.s.c.a.ClassPathBeanDefinitionScanner - Ignored because not a concrete top-level class: file [C:\Users\termo\Desktop\workspace\TruckingConfiguration\Modules\NeptuneWebAutheticator\target\classes\com\NeptuneWebAutheticator\Service\AuthenticationService.class]
05/08/2026 10:47:50.909 DEBUG o.s.c.a.ClassPathBeanDefinitionScanner - Identified candidate component class: file [C:\Users\termo\Desktop\workspace\TruckingConfiguration\Modules\NeptuneWebAutheticator\target\classes\com\NeptuneWebAutheticator\Service\AuthenticationServiceImpl.class]
05/08/2026 10:47:50.910 DEBUG o.s.c.a.ClassPathBeanDefinitionScanner - Ignored because not a concrete top-level class: file [C:\Users\termo\Desktop\workspace\TruckingConfiguration\Modules\NeptuneWebAutheticator\target\classes\com\NeptuneWebAutheticator\Service\MachineService.class]
05/08/2026 10:47:50.911 DEBUG o.s.c.a.ClassPathBeanDefinitionScanner - Identified candidate component class: file [C:\Users\termo\Desktop\workspace\TruckingConfiguration\Modules\NeptuneWebAutheticator\target\classes\com\NeptuneWebAutheticator\Service\MachineServiceImpl.class]
05/08/2026 10:47:51.389 INFO  o.s.d.r.c.RepositoryConfigurationDelegate - Bootstrapping Spring Data JPA repositories in DEFAULT mode.
05/08/2026 10:47:51.399 DEBUG o.s.b.f.s.DefaultListableBeanFactory - Creating shared instance of singleton bean 'org.springframework.boot.autoconfigure.AutoConfigurationPackages'
05/08/2026 10:47:51.416 DEBUG o.s.b.a.AutoConfigurationPackages - @EnableAutoConfiguration was declared on a class in the package 'com.NeptuneWebAutheticator'. Automatic @Repository and @Entity scanning is enabled.
05/08/2026 10:47:51.418 DEBUG o.s.d.r.c.RepositoryConfigurationDelegate - Scanning for JPA repositories in packages com.NeptuneWebAutheticator.
05/08/2026 10:47:51.427 DEBUG o.s.d.r.c.RepositoryComponentProvider - Identified candidate component class: file [C:\Users\termo\Desktop\workspace\TruckingConfiguration\Modules\NeptuneWebAutheticator\target\classes\com\NeptuneWebAutheticator\Repository\MachineRepository.class]
05/08/2026 10:47:51.428 DEBUG o.s.d.r.c.RepositoryComponentProvider - Identified candidate component class: file [C:\Users\termo\Desktop\workspace\TruckingConfiguration\Modules\NeptuneWebAutheticator\target\classes\com\NeptuneWebAutheticator\Repository\TenantRepository.class]
05/08/2026 10:47:51.428 DEBUG o.s.d.r.c.RepositoryComponentProvider - Identified candidate component class: file [C:\Users\termo\Desktop\workspace\TruckingConfiguration\Modules\NeptuneWebAutheticator\target\classes\com\NeptuneWebAutheticator\Repository\TokenRepository.class]
05/08/2026 10:47:51.449 DEBUG o.s.c.a.ClassPathScanningCandidateComponentProvider - Identified candidate component class: file [C:\Users\termo\Desktop\workspace\TruckingConfiguration\Modules\NeptuneWebAutheticator\target\classes\com\NeptuneWebAutheticator\Service\AuthenticationServiceImpl.class]
05/08/2026 10:47:51.450 DEBUG o.s.c.a.ClassPathScanningCandidateComponentProvider - Identified candidate component class: file [C:\Users\termo\Desktop\workspace\TruckingConfiguration\Modules\NeptuneWebAutheticator\target\classes\com\NeptuneWebAutheticator\Service\MachineServiceImpl.class]
05/08/2026 10:47:51.463 INFO  o.s.d.r.c.RepositoryConfigurationDelegate - Finished Spring Data repository scanning in 43 ms. Found 3 JPA repository interfaces.
05/08/2026 10:47:51.549 DEBUG o.s.b.f.s.DefaultListableBeanFactory - Creating shared instance of singleton bean 'springSecurityPathPatternParserBeanDefinitionRegistryPostProcessor'
05/08/2026 10:47:51.609 DEBUG o.s.b.f.s.DefaultListableBeanFactory - Creating shared instance of singleton bean 'propertySourcesPlaceholderConfigurer'
05/08/2026 10:47:51.612 DEBUG o.s.b.f.s.DefaultListableBeanFactory - Creating shared instance of singleton bean 'org.springframework.boot.sql.init.dependency.DatabaseInitializationDependencyConfigurer$DependsOnDatabaseInitializationPostProcessor'
05/08/2026 10:47:51.632 DEBUG o.s.b.f.s.DefaultListableBeanFactory - Creating shared instance of singleton bean 'org.springframework.context.event.internalEventListenerProcessor'
05/08/2026 10:47:51.633 DEBUG o.s.b.f.s.DefaultListableBeanFactory - Creating shared instance of singleton bean 'conversionServicePostProcessor'
05/08/2026 10:47:51.639 DEBUG o.s.b.f.s.DefaultListableBeanFactory - Creating shared instance of singleton bean 'bootstrapExecutorAliasPostProcessor'
05/08/2026 10:47:51.640 DEBUG o.s.b.f.s.DefaultListableBeanFactory - Creating shared instance of singleton bean 'preserveErrorControllerTargetClassPostProcessor'
05/08/2026 10:47:51.641 DEBUG o.s.b.f.s.DefaultListableBeanFactory - Creating shared instance of singleton bean 'org.springframework.context.event.internalEventListenerFactory'
05/08/2026 10:47:51.641 DEBUG o.s.b.f.s.DefaultListableBeanFactory - Creating shared instance of singleton bean 'org.springframework.transaction.config.internalTransactionalEventListenerFactory'
05/08/2026 10:47:51.643 DEBUG o.s.b.f.s.DefaultListableBeanFactory - Creating shared instance of singleton bean 'org.springframework.context.annotation.internalAutowiredAnnotationProcessor'
05/08/2026 10:47:51.645 DEBUG o.s.b.f.s.DefaultListableBeanFactory - Creating shared instance of singleton bean 'org.springframework.context.annotation.internalCommonAnnotationProcessor'
05/08/2026 10:47:51.648 DEBUG o.s.b.f.s.DefaultListableBeanFactory - Creating shared instance of singleton bean 'org.springframework.context.annotation.internalPersistenceAnnotationProcessor'
05/08/2026 10:47:51.648 DEBUG o.s.b.f.s.DefaultListableBeanFactory - Creating shared instance of singleton bean 'org.springframework.boot.context.properties.ConfigurationPropertiesBindingPostProcessor'
05/08/2026 10:47:51.649 DEBUG o.s.b.f.s.DefaultListableBeanFactory - Creating shared instance of singleton bean 'org.springframework.boot.context.internalConfigurationPropertiesBinder'
05/08/2026 10:47:51.651 DEBUG o.s.b.f.s.DefaultListableBeanFactory - Creating shared instance of singleton bean 'jdbcConnectionDetailsHikariBeanPostProcessor'
05/08/2026 10:47:51.653 DEBUG o.s.b.f.s.DefaultListableBeanFactory - Creating shared instance of singleton bean 'org.springframework.aop.config.internalAutoProxyCreator'
05/08/2026 10:47:51.661 DEBUG o.s.b.f.s.DefaultListableBeanFactory - Creating shared instance of singleton bean 'org.springframework.aop.framework.autoproxy.defaultProxyConfig'
05/08/2026 10:47:51.668 DEBUG o.s.b.f.s.DefaultListableBeanFactory - Creating shared instance of singleton bean 'persistenceExceptionTranslationPostProcessor'
05/08/2026 10:47:51.670 DEBUG o.s.b.f.s.DefaultListableBeanFactory - Autowiring by type from bean name 'persistenceExceptionTranslationPostProcessor' via factory method to bean named 'environment'
05/08/2026 10:47:51.673 DEBUG o.s.b.f.s.DefaultListableBeanFactory - Creating shared instance of singleton bean 'projectingArgumentResolverBeanPostProcessor'
05/08/2026 10:47:51.676 DEBUG o.s.b.f.s.DefaultListableBeanFactory - Creating shared instance of singleton bean 'org.springframework.transaction.config.internalTransactionAdvisor'
05/08/2026 10:47:51.676 DEBUG o.s.b.f.s.DefaultListableBeanFactory - Creating shared instance of singleton bean 'org.springframework.transaction.annotation.ProxyTransactionManagementConfiguration'
05/08/2026 10:47:51.700 DEBUG o.s.b.f.s.DefaultListableBeanFactory - Creating shared instance of singleton bean 'transactionAttributeSource'
05/08/2026 10:47:51.702 DEBUG o.s.b.f.s.DefaultListableBeanFactory - Creating shared instance of singleton bean 'transactionInterceptor'
05/08/2026 10:47:51.702 DEBUG o.s.b.f.s.DefaultListableBeanFactory - Autowiring by type from bean name 'transactionInterceptor' via factory method to bean named 'transactionAttributeSource'
05/08/2026 10:47:51.707 DEBUG o.s.b.f.s.DefaultListableBeanFactory - Autowiring by type from bean name 'org.springframework.transaction.config.internalTransactionAdvisor' via factory method to bean named 'transactionAttributeSource'
05/08/2026 10:47:51.707 DEBUG o.s.b.f.s.DefaultListableBeanFactory - Autowiring by type from bean name 'org.springframework.transaction.config.internalTransactionAdvisor' via factory method to bean named 'transactionInterceptor'
05/08/2026 10:47:51.728 DEBUG o.s.b.f.s.DefaultListableBeanFactory - Creating shared instance of singleton bean 'webServerFactoryCustomizerBeanPostProcessor'
05/08/2026 10:47:51.728 DEBUG o.s.b.f.s.DefaultListableBeanFactory - Creating shared instance of singleton bean 'errorPageRegistrarBeanPostProcessor'
05/08/2026 10:47:51.731 DEBUG o.s.b.f.s.DefaultListableBeanFactory - Creating shared instance of singleton bean 'applicationTaskExecutor'
05/08/2026 10:47:51.731 DEBUG o.s.b.f.s.DefaultListableBeanFactory - Creating shared instance of singleton bean 'org.springframework.boot.autoconfigure.task.TaskExecutorConfigurations$TaskExecutorConfiguration'
05/08/2026 10:47:51.733 DEBUG o.s.b.f.s.DefaultListableBeanFactory - Creating shared instance of singleton bean 'threadPoolTaskExecutorBuilder'
05/08/2026 10:47:51.733 DEBUG o.s.b.f.s.DefaultListableBeanFactory - Creating shared instance of singleton bean 'org.springframework.boot.autoconfigure.task.TaskExecutorConfigurations$ThreadPoolTaskExecutorBuilderConfiguration'
05/08/2026 10:47:51.734 DEBUG o.s.b.f.s.DefaultListableBeanFactory - Creating shared instance of singleton bean 'spring.task.execution-org.springframework.boot.autoconfigure.task.TaskExecutionProperties'
05/08/2026 10:47:51.735 DEBUG o.s.b.f.s.DefaultListableBeanFactory - Creating shared instance of singleton bean 'org.springframework.boot.context.properties.BoundConfigurationProperties'
05/08/2026 10:47:51.744 DEBUG o.s.b.f.s.DefaultListableBeanFactory - Autowiring by type from bean name 'threadPoolTaskExecutorBuilder' via factory method to bean named 'spring.task.execution-org.springframework.boot.autoconfigure.task.TaskExecutionProperties'
05/08/2026 10:47:51.749 DEBUG o.s.b.f.s.DefaultListableBeanFactory - Autowiring by type from bean name 'applicationTaskExecutor' via factory method to bean named 'threadPoolTaskExecutorBuilder'
05/08/2026 10:47:51.758 DEBUG o.s.s.c.ThreadPoolTaskExecutor - Initializing ExecutorService 'applicationTaskExecutor'
05/08/2026 10:47:51.763 DEBUG o.s.b.f.s.DefaultListableBeanFactory - Creating shared instance of singleton bean 'org.springframework.test.context.support.internalDynamicPropertyRegistrarBeanInitializer'
05/08/2026 10:47:51.764 DEBUG o.s.b.f.s.DefaultListableBeanFactory - Creating shared instance of singleton bean 'dataSourceScriptDatabaseInitializer'
05/08/2026 10:47:51.764 DEBUG o.s.b.f.s.DefaultListableBeanFactory - Creating shared instance of singleton bean 'org.springframework.boot.jdbc.autoconfigure.DataSourceInitializationAutoConfiguration'
05/08/2026 10:47:51.765 DEBUG o.s.b.f.s.DefaultListableBeanFactory - Creating shared instance of singleton bean 'dataSource'
05/08/2026 10:47:51.765 DEBUG o.s.b.f.s.DefaultListableBeanFactory - Creating shared instance of singleton bean 'org.springframework.boot.jdbc.autoconfigure.DataSourceConfiguration$Hikari'
05/08/2026 10:47:51.766 DEBUG o.s.b.f.s.DefaultListableBeanFactory - Creating shared instance of singleton bean 'spring.datasource-org.springframework.boot.jdbc.autoconfigure.DataSourceProperties'
05/08/2026 10:47:51.774 DEBUG o.s.b.f.s.DefaultListableBeanFactory - Creating shared instance of singleton bean 'jdbcConnectionDetails'
05/08/2026 10:47:51.775 DEBUG o.s.b.f.s.DefaultListableBeanFactory - Creating shared instance of singleton bean 'org.springframework.boot.jdbc.autoconfigure.DataSourceAutoConfiguration$PooledDataSourceConfiguration'
05/08/2026 10:47:51.776 DEBUG o.s.b.f.s.DefaultListableBeanFactory - Autowiring by type from bean name 'jdbcConnectionDetails' via factory method to bean named 'spring.datasource-org.springframework.boot.jdbc.autoconfigure.DataSourceProperties'
05/08/2026 10:47:51.776 DEBUG o.s.b.f.s.DefaultListableBeanFactory - Autowiring by type from bean name 'dataSource' via factory method to bean named 'spring.datasource-org.springframework.boot.jdbc.autoconfigure.DataSourceProperties'
05/08/2026 10:47:51.778 DEBUG o.s.b.f.s.DefaultListableBeanFactory - Autowiring by type from bean name 'dataSource' via factory method to bean named 'jdbcConnectionDetails'
05/08/2026 10:47:51.778 DEBUG o.s.b.f.s.DefaultListableBeanFactory - Autowiring by type from bean name 'dataSource' via factory method to bean named 'environment'
05/08/2026 10:47:51.783 DEBUG com.zaxxer.hikari.util.UtilityElf - Class org.mariadb.jdbc.Driver found in Thread context class loader jdk.internal.loader.ClassLoaders$AppClassLoader@70dea4e
05/08/2026 10:47:51.798 DEBUG o.s.b.f.s.DefaultListableBeanFactory - Creating shared instance of singleton bean 'spring.sql.init-org.springframework.boot.sql.autoconfigure.init.SqlInitializationProperties'
05/08/2026 10:47:51.800 DEBUG o.s.b.f.s.DefaultListableBeanFactory - Autowiring by type from bean name 'dataSourceScriptDatabaseInitializer' via factory method to bean named 'dataSource'
05/08/2026 10:47:51.800 DEBUG o.s.b.f.s.DefaultListableBeanFactory - Autowiring by type from bean name 'dataSourceScriptDatabaseInitializer' via factory method to bean named 'spring.sql.init-org.springframework.boot.sql.autoconfigure.init.SqlInitializationProperties'
05/08/2026 10:47:51.806 DEBUG o.s.b.f.s.DefaultListableBeanFactory - Creating shared instance of singleton bean 'entityManagerFactory'
05/08/2026 10:47:51.807 DEBUG o.s.b.f.s.DefaultListableBeanFactory - Creating shared instance of singleton bean 'org.springframework.boot.hibernate.autoconfigure.HibernateJpaConfiguration'
05/08/2026 10:47:51.808 DEBUG o.s.b.f.s.DefaultListableBeanFactory - Creating shared instance of singleton bean 'spring.jpa-org.springframework.boot.jpa.autoconfigure.JpaProperties'
05/08/2026 10:47:51.813 DEBUG o.s.b.f.s.DefaultListableBeanFactory - Creating shared instance of singleton bean 'spring.jpa.hibernate-org.springframework.boot.hibernate.autoconfigure.HibernateProperties'
05/08/2026 10:47:51.816 DEBUG o.s.b.f.s.DefaultListableBeanFactory - Autowiring by type from bean name 'org.springframework.boot.hibernate.autoconfigure.HibernateJpaConfiguration' via constructor to bean named 'dataSource'
05/08/2026 10:47:51.816 DEBUG o.s.b.f.s.DefaultListableBeanFactory - Autowiring by type from bean name 'org.springframework.boot.hibernate.autoconfigure.HibernateJpaConfiguration' via constructor to bean named 'spring.jpa-org.springframework.boot.jpa.autoconfigure.JpaProperties'
05/08/2026 10:47:51.816 DEBUG o.s.b.f.s.DefaultListableBeanFactory - Autowiring by type from bean name 'org.springframework.boot.hibernate.autoconfigure.HibernateJpaConfiguration' via constructor to bean named 'org.springframework.beans.factory.support.DefaultListableBeanFactory@5e5af8e1'
05/08/2026 10:47:51.816 DEBUG o.s.b.f.s.DefaultListableBeanFactory - Autowiring by type from bean name 'org.springframework.boot.hibernate.autoconfigure.HibernateJpaConfiguration' via constructor to bean named 'spring.jpa.hibernate-org.springframework.boot.hibernate.autoconfigure.HibernateProperties'
05/08/2026 10:47:51.820 DEBUG o.s.b.f.s.DefaultListableBeanFactory - Creating shared instance of singleton bean 'hikariPoolDataSourceMetadataProvider'
05/08/2026 10:47:51.820 DEBUG o.s.b.f.s.DefaultListableBeanFactory - Creating shared instance of singleton bean 'org.springframework.boot.jdbc.autoconfigure.DataSourcePoolMetadataProvidersConfiguration$HikariPoolDataSourceMetadataProviderConfiguration'
05/08/2026 10:47:51.826 DEBUG o.s.b.f.s.DefaultListableBeanFactory - Creating shared instance of singleton bean 'entityManagerFactoryBuilder'
05/08/2026 10:47:51.827 DEBUG o.s.b.f.s.DefaultListableBeanFactory - Creating shared instance of singleton bean 'jpaVendorAdapter'
05/08/2026 10:47:51.850 DEBUG org.jboss.logging - Logging Provider: org.jboss.logging.Slf4jLoggerProvider found via system property
05/08/2026 10:47:51.855 DEBUG o.s.b.f.s.DefaultListableBeanFactory - Autowiring by type from bean name 'entityManagerFactoryBuilder' via factory method to bean named 'jpaVendorAdapter'
05/08/2026 10:47:51.858 DEBUG o.s.b.f.s.DefaultListableBeanFactory - Creating shared instance of singleton bean 'persistenceManagedTypes'
05/08/2026 10:47:51.860 DEBUG o.s.b.f.s.DefaultListableBeanFactory - Autowiring by type from bean name 'persistenceManagedTypes' via factory method to bean named 'org.springframework.beans.factory.support.DefaultListableBeanFactory@5e5af8e1'
05/08/2026 10:47:51.860 DEBUG o.s.b.f.s.DefaultListableBeanFactory - Autowiring by type from bean name 'persistenceManagedTypes' via factory method to bean named 'org.springframework.web.context.support.GenericWebApplicationContext@76889e60'
05/08/2026 10:47:51.873 DEBUG o.s.b.f.s.DefaultListableBeanFactory - Autowiring by type from bean name 'entityManagerFactory' via factory method to bean named 'entityManagerFactoryBuilder'
05/08/2026 10:47:51.873 DEBUG o.s.b.f.s.DefaultListableBeanFactory - Autowiring by type from bean name 'entityManagerFactory' via factory method to bean named 'persistenceManagedTypes'
05/08/2026 10:47:51.895 DEBUG o.s.o.j.LocalContainerEntityManagerFactoryBean - Building JPA container EntityManagerFactory for persistence unit 'default'
05/08/2026 10:47:51.905 DEBUG o.h.jpa.internal.util.LogHelper - PersistenceUnitInfo [
	name: default
	persistence provider classname: null
	classloader: jdk.internal.loader.ClassLoaders$AppClassLoader@70dea4e
	excludeUnlistedClasses: true
	JTA datasource: null
	Non JTA datasource: HikariDataSource (null)
	Transaction type: RESOURCE_LOCAL
	PU root URL: file:/C:/Users/termo/Desktop/workspace/TruckingConfiguration/Modules/NeptuneWebAutheticator/target/test-classes/
	Shared Cache Mode: UNSPECIFIED
	Validation Mode: AUTO
	Jar files URLs []
	Managed classes names [
		com.NeptuneWebAutheticator.Entity.Machine
		com.NeptuneWebAutheticator.Entity.Tenant
		com.NeptuneWebAutheticator.Entity.Token]
	Mapping files names []
	Properties []
05/08/2026 10:47:51.913 DEBUG o.h.i.internal.IntegratorServiceImpl - Adding Integrator [org.hibernate.boot.beanvalidation.BeanValidationIntegrator]
05/08/2026 10:47:51.914 DEBUG o.h.i.internal.IntegratorServiceImpl - Adding Integrator [org.hibernate.cache.internal.CollectionCacheInvalidator]
05/08/2026 10:47:51.976 INFO  org.hibernate.Version - HHH000412: Hibernate ORM core version 7.1.8.Final
05/08/2026 10:47:51.977 DEBUG org.hibernate.cfg.Environment - HHH000206: 'hibernate.properties' not found
05/08/2026 10:47:52.000 DEBUG o.s.o.j.h.SpringBeanContainer - Falling back to Hibernate's default producer after bean creation failure for interface org.hibernate.engine.jdbc.connections.spi.MultiTenantConnectionProvider: org.springframework.beans.factory.BeanCreationException: Error creating bean with name 'org.hibernate.engine.jdbc.connections.spi.MultiTenantConnectionProvider': Failed to instantiate [org.hibernate.engine.jdbc.connections.spi.MultiTenantConnectionProvider]: Specified class is an interface
05/08/2026 10:47:52.001 DEBUG o.h.c.i.RegionFactoryInitiator - Cannot default RegionFactory based on registered strategies as `[]` RegionFactory strategies were registered
05/08/2026 10:47:52.002 DEBUG o.h.c.i.RegionFactoryInitiator - HHH000026: Second-level cache disabled
05/08/2026 10:47:52.517 INFO  o.s.o.j.p.SpringPersistenceUnitInfo - No LoadTimeWeaver setup: ignoring JPA class transformer
05/08/2026 10:47:52.550 DEBUG com.zaxxer.hikari.HikariConfig - HikariPool-1 - configuration:
05/08/2026 10:47:52.551 DEBUG com.zaxxer.hikari.HikariConfig - allowPoolSuspension.............false
05/08/2026 10:47:52.552 DEBUG com.zaxxer.hikari.HikariConfig - autoCommit......................true
05/08/2026 10:47:52.552 DEBUG com.zaxxer.hikari.HikariConfig - catalog.........................none
05/08/2026 10:47:52.552 DEBUG com.zaxxer.hikari.HikariConfig - connectionInitSql...............none
05/08/2026 10:47:52.552 DEBUG com.zaxxer.hikari.HikariConfig - connectionTestQuery.............none
05/08/2026 10:47:52.552 DEBUG com.zaxxer.hikari.HikariConfig - connectionTimeout...............30000
05/08/2026 10:47:52.553 DEBUG com.zaxxer.hikari.HikariConfig - credentials.....................com.zaxxer.hikari.util.Credentials@64540344
05/08/2026 10:47:52.553 DEBUG com.zaxxer.hikari.HikariConfig - credentialsProvider.............none
05/08/2026 10:47:52.553 DEBUG com.zaxxer.hikari.HikariConfig - credentialsProviderClassName....none
05/08/2026 10:47:52.553 DEBUG com.zaxxer.hikari.HikariConfig - dataSource......................none
05/08/2026 10:47:52.553 DEBUG com.zaxxer.hikari.HikariConfig - dataSourceClassName.............none
05/08/2026 10:47:52.553 DEBUG com.zaxxer.hikari.HikariConfig - dataSourceJNDI..................none
05/08/2026 10:47:52.553 DEBUG com.zaxxer.hikari.HikariConfig - dataSourceProperties............{password=<masked>}
05/08/2026 10:47:52.553 DEBUG com.zaxxer.hikari.HikariConfig - driverClassName................."org.mariadb.jdbc.Driver"
05/08/2026 10:47:52.554 DEBUG com.zaxxer.hikari.HikariConfig - exceptionOverride...............none
05/08/2026 10:47:52.554 DEBUG com.zaxxer.hikari.HikariConfig - exceptionOverrideClassName......none
05/08/2026 10:47:52.554 DEBUG com.zaxxer.hikari.HikariConfig - healthCheckProperties...........{}
05/08/2026 10:47:52.554 DEBUG com.zaxxer.hikari.HikariConfig - healthCheckRegistry.............none
05/08/2026 10:47:52.554 DEBUG com.zaxxer.hikari.HikariConfig - idleTimeout.....................600000
05/08/2026 10:47:52.554 DEBUG com.zaxxer.hikari.HikariConfig - initializationFailTimeout.......1
05/08/2026 10:47:52.554 DEBUG com.zaxxer.hikari.HikariConfig - isolateInternalQueries..........false
05/08/2026 10:47:52.554 DEBUG com.zaxxer.hikari.HikariConfig - jdbcUrl.........................jdbc:mariadb://localhost:3306/AuthenticationService
05/08/2026 10:47:52.554 DEBUG com.zaxxer.hikari.HikariConfig - keepaliveTime...................120000
05/08/2026 10:47:52.555 DEBUG com.zaxxer.hikari.HikariConfig - leakDetectionThreshold..........0
05/08/2026 10:47:52.555 DEBUG com.zaxxer.hikari.HikariConfig - maxLifetime.....................1800000
05/08/2026 10:47:52.555 DEBUG com.zaxxer.hikari.HikariConfig - maximumPoolSize.................10
05/08/2026 10:47:52.555 DEBUG com.zaxxer.hikari.HikariConfig - metricRegistry..................none
05/08/2026 10:47:52.555 DEBUG com.zaxxer.hikari.HikariConfig - metricsTrackerFactory...........none
05/08/2026 10:47:52.555 DEBUG com.zaxxer.hikari.HikariConfig - minimumIdle.....................10
05/08/2026 10:47:52.555 DEBUG com.zaxxer.hikari.HikariConfig - password........................<masked>
05/08/2026 10:47:52.555 DEBUG com.zaxxer.hikari.HikariConfig - poolName........................"HikariPool-1"
05/08/2026 10:47:52.556 DEBUG com.zaxxer.hikari.HikariConfig - readOnly........................false
05/08/2026 10:47:52.556 DEBUG com.zaxxer.hikari.HikariConfig - registerMbeans..................false
05/08/2026 10:47:52.556 DEBUG com.zaxxer.hikari.HikariConfig - scheduledExecutor...............none
05/08/2026 10:47:52.556 DEBUG com.zaxxer.hikari.HikariConfig - schema..........................none
05/08/2026 10:47:52.556 DEBUG com.zaxxer.hikari.HikariConfig - threadFactory...................internal
05/08/2026 10:47:52.556 DEBUG com.zaxxer.hikari.HikariConfig - transactionIsolation............default
05/08/2026 10:47:52.556 DEBUG com.zaxxer.hikari.HikariConfig - username........................"root"
05/08/2026 10:47:52.557 DEBUG com.zaxxer.hikari.HikariConfig - validationTimeout...............5000
05/08/2026 10:47:52.557 INFO  com.zaxxer.hikari.HikariDataSource - HikariPool-1 - Starting...
05/08/2026 10:47:52.567 DEBUG com.zaxxer.hikari.pool.PoolBase - HikariPool-1 - Attempting to create/setup new connection (afe8cd32-5a57-4349-a767-cb2078bb7da5)
05/08/2026 10:47:52.650 DEBUG o.m.jdbc.message.server.OkPacket - Database change: is 'authenticationservice'
05/08/2026 10:47:52.651 DEBUG o.m.jdbc.client.impl.StandardClient - execute query: set sql_mode=CONCAT(@@sql_mode,',STRICT_TRANS_TABLES'),session_track_system_variables = CONCAT(@@global.session_track_system_variables,',transaction_isolation'),NAMES utf8mb4
05/08/2026 10:47:52.652 DEBUG o.m.jdbc.message.server.OkPacket - System variable change:  character_set_client = utf8mb4
05/08/2026 10:47:52.652 DEBUG o.m.jdbc.message.server.OkPacket - System variable change:  character_set_connection = utf8mb4
05/08/2026 10:47:52.652 DEBUG o.m.jdbc.message.server.OkPacket - System variable change:  character_set_results = utf8mb4
05/08/2026 10:47:52.659 DEBUG o.m.jdbc.client.impl.StandardClient - execute query: SELECT @@session.transaction_isolation
05/08/2026 10:47:52.662 DEBUG com.zaxxer.hikari.pool.PoolBase - HikariPool-1 - Established new connection (afe8cd32-5a57-4349-a767-cb2078bb7da5)
05/08/2026 10:47:52.664 INFO  com.zaxxer.hikari.pool.HikariPool - HikariPool-1 - Added connection org.mariadb.jdbc.Connection@4037cdb0
05/08/2026 10:47:52.666 INFO  com.zaxxer.hikari.HikariDataSource - HikariPool-1 - Start completed.
05/08/2026 10:47:52.673 DEBUG org.hibernate.orm.jdbc - HHH100017: Database:
	name: MariaDB
	version: 11.4.0-MariaDB
	major: 11
	minor: 4
05/08/2026 10:47:52.673 DEBUG org.hibernate.orm.jdbc - HHH100018: Driver:
	name: MariaDB Connector/J
	version: 3.5.6
	major: 3
	minor: 5
	JDBC version: 4.2
05/08/2026 10:47:52.699 DEBUG o.m.jdbc.client.impl.StandardClient - execute query: SELECT @@character_set_database, @@sql_mode
05/08/2026 10:47:52.712 DEBUG org.hibernate.orm.dialect - HHH035001: Using dialect: org.hibernate.dialect.MariaDBDialect, version: 11.4
05/08/2026 10:47:52.715 DEBUG o.m.jdbc.client.impl.StandardClient - execute query: select @@lower_case_table_names
05/08/2026 10:47:52.716 DEBUG o.h.e.j.e.s.IdentifierHelperBuilder - IdentifierCaseStrategy for both quoted and unquoted identifiers was set to the same strategy [LOWER]; that will likely lead to problems in schema update and validation if using quoted identifiers
05/08/2026 10:47:52.718 DEBUG o.m.jdbc.client.impl.StandardClient - execute query: SELECT @@session.transaction_isolation
05/08/2026 10:47:52.721 DEBUG org.hibernate.orm.jdbc - HHH100122: Using default JDBC fetch size: 0
05/08/2026 10:47:52.727 INFO  o.hibernate.orm.connections.pooling - HHH10001005: Database info:
	Database JDBC URL [jdbc:mariadb://localhost/AuthenticationService?user=root]
	Database driver: MariaDB Connector/J
	Database dialect: MariaDBDialect
	Database version: 11.4
	Default catalog/schema: authenticationservice/undefined
	Autocommit mode: undefined/unknown
	Isolation level: REPEATABLE_READ [default REPEATABLE_READ]
	JDBC fetch size: none
	Pool: DatasourceConnectionProviderImpl
	Minimum pool size: undefined/unknown
	Maximum pool size: undefined/unknown
05/08/2026 10:47:52.779 DEBUG com.zaxxer.hikari.pool.HikariPool - HikariPool-1 - Pool stats (total=1/10, idle=1/10, active=0, waiting=0)
05/08/2026 10:47:52.779 DEBUG com.zaxxer.hikari.pool.PoolBase - HikariPool-1 - Attempting to create/setup new connection (7c0e9937-365a-42d1-997b-79cee0be8587)
05/08/2026 10:47:52.782 DEBUG o.m.jdbc.message.server.OkPacket - Database change: is 'authenticationservice'
05/08/2026 10:47:52.782 DEBUG o.m.jdbc.client.impl.StandardClient - execute query: set sql_mode=CONCAT(@@sql_mode,',STRICT_TRANS_TABLES'),session_track_system_variables = CONCAT(@@global.session_track_system_variables,',transaction_isolation'),NAMES utf8mb4
05/08/2026 10:47:52.782 DEBUG o.m.jdbc.message.server.OkPacket - System variable change:  character_set_client = utf8mb4
05/08/2026 10:47:52.782 DEBUG o.m.jdbc.message.server.OkPacket - System variable change:  character_set_connection = utf8mb4
05/08/2026 10:47:52.782 DEBUG o.m.jdbc.message.server.OkPacket - System variable change:  character_set_results = utf8mb4
05/08/2026 10:47:52.782 DEBUG com.zaxxer.hikari.pool.PoolBase - HikariPool-1 - Established new connection (7c0e9937-365a-42d1-997b-79cee0be8587)
05/08/2026 10:47:52.782 DEBUG com.zaxxer.hikari.pool.HikariPool - HikariPool-1 - Added connection org.mariadb.jdbc.Connection@5142c1f
05/08/2026 10:47:52.826 DEBUG com.zaxxer.hikari.pool.HikariPool - HikariPool-1 - After adding stats (total=2/10, idle=2/10, active=0, waiting=0)
05/08/2026 10:47:52.826 DEBUG com.zaxxer.hikari.pool.PoolBase - HikariPool-1 - Attempting to create/setup new connection (a344900c-ea96-4819-b8d3-a61d9ab0d482)
05/08/2026 10:47:52.828 DEBUG o.m.jdbc.message.server.OkPacket - Database change: is 'authenticationservice'
05/08/2026 10:47:52.828 DEBUG o.m.jdbc.client.impl.StandardClient - execute query: set sql_mode=CONCAT(@@sql_mode,',STRICT_TRANS_TABLES'),session_track_system_variables = CONCAT(@@global.session_track_system_variables,',transaction_isolation'),NAMES utf8mb4
05/08/2026 10:47:52.829 DEBUG o.m.jdbc.message.server.OkPacket - System variable change:  character_set_client = utf8mb4
05/08/2026 10:47:52.829 DEBUG o.m.jdbc.message.server.OkPacket - System variable change:  character_set_connection = utf8mb4
05/08/2026 10:47:52.829 DEBUG o.m.jdbc.message.server.OkPacket - System variable change:  character_set_results = utf8mb4
05/08/2026 10:47:52.829 DEBUG com.zaxxer.hikari.pool.PoolBase - HikariPool-1 - Established new connection (a344900c-ea96-4819-b8d3-a61d9ab0d482)
05/08/2026 10:47:52.829 DEBUG com.zaxxer.hikari.pool.HikariPool - HikariPool-1 - Added connection org.mariadb.jdbc.Connection@418ab616
05/08/2026 10:47:52.872 DEBUG com.zaxxer.hikari.pool.HikariPool - HikariPool-1 - After adding stats (total=3/10, idle=3/10, active=0, waiting=0)
05/08/2026 10:47:52.872 DEBUG com.zaxxer.hikari.pool.PoolBase - HikariPool-1 - Attempting to create/setup new connection (fdde59fc-9fe9-4562-bdfe-aef9c48f951c)
05/08/2026 10:47:52.875 DEBUG o.m.jdbc.message.server.OkPacket - Database change: is 'authenticationservice'
05/08/2026 10:47:52.875 DEBUG o.m.jdbc.client.impl.StandardClient - execute query: set sql_mode=CONCAT(@@sql_mode,',STRICT_TRANS_TABLES'),session_track_system_variables = CONCAT(@@global.session_track_system_variables,',transaction_isolation'),NAMES utf8mb4
05/08/2026 10:47:52.876 DEBUG o.m.jdbc.message.server.OkPacket - System variable change:  character_set_client = utf8mb4
05/08/2026 10:47:52.876 DEBUG o.m.jdbc.message.server.OkPacket - System variable change:  character_set_connection = utf8mb4
05/08/2026 10:47:52.876 DEBUG o.m.jdbc.message.server.OkPacket - System variable change:  character_set_results = utf8mb4
05/08/2026 10:47:52.876 DEBUG com.zaxxer.hikari.pool.PoolBase - HikariPool-1 - Established new connection (fdde59fc-9fe9-4562-bdfe-aef9c48f951c)
05/08/2026 10:47:52.876 DEBUG com.zaxxer.hikari.pool.HikariPool - HikariPool-1 - Added connection org.mariadb.jdbc.Connection@717d47f1
05/08/2026 10:47:52.895 DEBUG o.s.o.j.h.SpringBeanContainer - Falling back to Hibernate's default producer after bean creation failure for interface org.hibernate.context.spi.CurrentTenantIdentifierResolver: org.springframework.beans.factory.NoSuchBeanDefinitionException: No qualifying bean of type 'org.hibernate.context.spi.CurrentTenantIdentifierResolver<?>' available
05/08/2026 10:47:52.920 DEBUG com.zaxxer.hikari.pool.HikariPool - HikariPool-1 - After adding stats (total=4/10, idle=4/10, active=0, waiting=0)
05/08/2026 10:47:52.920 DEBUG com.zaxxer.hikari.pool.PoolBase - HikariPool-1 - Attempting to create/setup new connection (d3486d46-baa3-4b4f-ae53-6e11f7b8755d)
05/08/2026 10:47:52.922 DEBUG o.m.jdbc.message.server.OkPacket - Database change: is 'authenticationservice'
05/08/2026 10:47:52.922 DEBUG o.m.jdbc.client.impl.StandardClient - execute query: set sql_mode=CONCAT(@@sql_mode,',STRICT_TRANS_TABLES'),session_track_system_variables = CONCAT(@@global.session_track_system_variables,',transaction_isolation'),NAMES utf8mb4
05/08/2026 10:47:52.922 DEBUG o.m.jdbc.message.server.OkPacket - System variable change:  character_set_client = utf8mb4
05/08/2026 10:47:52.922 DEBUG o.m.jdbc.message.server.OkPacket - System variable change:  character_set_connection = utf8mb4
05/08/2026 10:47:52.922 DEBUG o.m.jdbc.message.server.OkPacket - System variable change:  character_set_results = utf8mb4
05/08/2026 10:47:52.922 DEBUG com.zaxxer.hikari.pool.PoolBase - HikariPool-1 - Established new connection (d3486d46-baa3-4b4f-ae53-6e11f7b8755d)
05/08/2026 10:47:52.923 DEBUG com.zaxxer.hikari.pool.HikariPool - HikariPool-1 - Added connection org.mariadb.jdbc.Connection@204af8d6
05/08/2026 10:47:52.957 DEBUG o.h.internal.SessionFactoryImpl - HHH000030: Instantiating factory [2f01766e-7710-4134-95ac-c23e7e40131e] with settings: {java.specification.version=21, sun.cpu.isalist=amd64, hibernate.resource.beans.container=org.springframework.orm.jpa.hibernate.SpringBeanContainer@1a4ae53d, hibernate.connection.handling_mode=DELAYED_ACQUISITION_AND_HOLD, sun.jnu.encoding=Cp1252, hibernate.implicit_naming_strategy=org.hibernate.boot.model.naming.ImplicitNamingStrategyLegacyJpaImpl, java.class.path=C:\Users\termo\Desktop\workspace\TruckingConfiguration\Modules\NeptuneWebAutheticator\target\test-classes;C:\Users\termo\Desktop\workspace\TruckingConfiguration\Modules\NeptuneWebAutheticator\target\classes;C:\Users\termo\.m2\repository\org\springframework\boot\spring-boot-starter-web\4.0.0\spring-boot-starter-web-4.0.0.jar;C:\Users\termo\.m2\repository\org\springframework\boot\spring-boot-starter-jackson\4.0.0\spring-boot-starter-jackson-4.0.0.jar;C:\Users\termo\.m2\repository\org\springframework\boot\spring-boot-jackson\4.0.0\spring-boot-jackson-4.0.0.jar;C:\Users\termo\.m2\repository\tools\jackson\core\jackson-databind\3.0.2\jackson-databind-3.0.2.jar;C:\Users\termo\.m2\repository\com\fasterxml\jackson\core\jackson-annotations\2.20\jackson-annotations-2.20.jar;C:\Users\termo\.m2\repository\tools\jackson\core\jackson-core\3.0.2\jackson-core-3.0.2.jar;C:\Users\termo\.m2\repository\org\springframework\boot\spring-boot-starter-tomcat\4.0.0\spring-boot-starter-tomcat-4.0.0.jar;C:\Users\termo\.m2\repository\org\springframework\boot\spring-boot-starter-tomcat-runtime\4.0.0\spring-boot-starter-tomcat-runtime-4.0.0.jar;C:\Users\termo\.m2\repository\org\springframework\boot\spring-boot-web-server\4.0.0\spring-boot-web-server-4.0.0.jar;C:\Users\termo\.m2\repository\org\apache\tomcat\embed\tomcat-embed-core\11.0.14\tomcat-embed-core-11.0.14.jar;C:\Users\termo\.m2\repository\org\apache\tomcat\embed\tomcat-embed-el\11.0.14\tomcat-embed-el-11.0.14.jar;C:\Users\termo\.m2\repository\org\apache\tomcat\embed\tomcat-embed-websocket\11.0.14\tomcat-embed-websocket-11.0.14.jar;C:\Users\termo\.m2\repository\org\springframework\boot\spring-boot-tomcat\4.0.0\spring-boot-tomcat-4.0.0.jar;C:\Users\termo\.m2\repository\org\springframework\boot\spring-boot-http-converter\4.0.0\spring-boot-http-converter-4.0.0.jar;C:\Users\termo\.m2\repository\org\springframework\boot\spring-boot\4.0.0\spring-boot-4.0.0.jar;C:\Users\termo\.m2\repository\org\springframework\spring-context\7.0.1\spring-context-7.0.1.jar;C:\Users\termo\.m2\repository\org\springframework\boot\spring-boot-webmvc\4.0.0\spring-boot-webmvc-4.0.0.jar;C:\Users\termo\.m2\repository\org\springframework\boot\spring-boot-servlet\4.0.0\spring-boot-servlet-4.0.0.jar;C:\Users\termo\.m2\repository\org\springframework\spring-webmvc\7.0.1\spring-webmvc-7.0.1.jar;C:\Users\termo\.m2\repository\org\springframework\spring-expression\7.0.1\spring-expression-7.0.1.jar;C:\Users\termo\.m2\repository\org\springframework\boot\spring-boot-starter-data-jpa\4.0.0\spring-boot-starter-data-jpa-4.0.0.jar;C:\Users\termo\.m2\repository\org\springframework\boot\spring-boot-starter\4.0.0\spring-boot-starter-4.0.0.jar;C:\Users\termo\.m2\repository\org\springframework\boot\spring-boot-starter-logging\4.0.0\spring-boot-starter-logging-4.0.0.jar;C:\Users\termo\.m2\repository\ch\qos\logback\logback-classic\1.5.21\logback-classic-1.5.21.jar;C:\Users\termo\.m2\repository\ch\qos\logback\logback-core\1.5.21\logback-core-1.5.21.jar;C:\Users\termo\.m2\repository\org\apache\logging\log4j\log4j-to-slf4j\2.25.2\log4j-to-slf4j-2.25.2.jar;C:\Users\termo\.m2\repository\org\apache\logging\log4j\log4j-api\2.25.2\log4j-api-2.25.2.jar;C:\Users\termo\.m2\repository\org\slf4j\jul-to-slf4j\2.0.17\jul-to-slf4j-2.0.17.jar;C:\Users\termo\.m2\repository\org\springframework\boot\spring-boot-autoconfigure\4.0.0\spring-boot-autoconfigure-4.0.0.jar;C:\Users\termo\.m2\repository\jakarta\annotation\jakarta.annotation-api\3.0.0\jakarta.annotation-api-3.0.0.jar;C:\Users\termo\.m2\repository\org\yaml\snakeyaml\2.5\snakeyaml-2.5.jar;C:\Users\termo\.m2\repository\org\springframework\boot\spring-boot-starter-jdbc\4.0.0\spring-boot-starter-jdbc-4.0.0.jar;C:\Users\termo\.m2\repository\com\zaxxer\HikariCP\7.0.2\HikariCP-7.0.2.jar;C:\Users\termo\.m2\repository\org\springframework\boot\spring-boot-data-jpa\4.0.0\spring-boot-data-jpa-4.0.0.jar;C:\Users\termo\.m2\repository\org\springframework\boot\spring-boot-data-commons\4.0.0\spring-boot-data-commons-4.0.0.jar;C:\Users\termo\.m2\repository\org\springframework\boot\spring-boot-persistence\4.0.0\spring-boot-persistence-4.0.0.jar;C:\Users\termo\.m2\repository\org\springframework\data\spring-data-commons\4.0.0\spring-data-commons-4.0.0.jar;C:\Users\termo\.m2\repository\org\springframework\boot\spring-boot-hibernate\4.0.0\spring-boot-hibernate-4.0.0.jar;C:\Users\termo\.m2\repository\org\springframework\boot\spring-boot-jpa\4.0.0\spring-boot-jpa-4.0.0.jar;C:\Users\termo\.m2\repository\jakarta\persistence\jakarta.persistence-api\3.2.0\jakarta.persistence-api-3.2.0.jar;C:\Users\termo\.m2\repository\org\hibernate\orm\hibernate-core\7.1.8.Final\hibernate-core-7.1.8.Final.jar;C:\Users\termo\.m2\repository\jakarta\transaction\jakarta.transaction-api\2.0.1\jakarta.transaction-api-2.0.1.jar;C:\Users\termo\.m2\repository\org\jboss\logging\jboss-logging\3.6.1.Final\jboss-logging-3.6.1.Final.jar;C:\Users\termo\.m2\repository\org\hibernate\models\hibernate-models\1.0.1\hibernate-models-1.0.1.jar;C:\Users\termo\.m2\repository\com\fasterxml\classmate\1.7.1\classmate-1.7.1.jar;C:\Users\termo\.m2\repository\org\glassfish\jaxb\jaxb-runtime\4.0.6\jaxb-runtime-4.0.6.jar;C:\Users\termo\.m2\repository\org\glassfish\jaxb\jaxb-core\4.0.6\jaxb-core-4.0.6.jar;C:\Users\termo\.m2\repository\org\glassfish\jaxb\txw2\4.0.6\txw2-4.0.6.jar;C:\Users\termo\.m2\repository\com\sun\istack\istack-commons-runtime\4.1.2\istack-commons-runtime-4.1.2.jar;C:\Users\termo\.m2\repository\jakarta\inject\jakarta.inject-api\2.0.1\jakarta.inject-api-2.0.1.jar;C:\Users\termo\.m2\repository\org\springframework\spring-orm\7.0.1\spring-orm-7.0.1.jar;C:\Users\termo\.m2\repository\org\springframework\data\spring-data-jpa\4.0.0\spring-data-jpa-4.0.0.jar;C:\Users\termo\.m2\repository\org\springframework\spring-tx\7.0.1\spring-tx-7.0.1.jar;C:\Users\termo\.m2\repository\org\antlr\antlr4-runtime\4.13.2\antlr4-runtime-4.13.2.jar;C:\Users\termo\.m2\repository\org\springframework\spring-aspects\7.0.1\spring-aspects-7.0.1.jar;C:\Users\termo\.m2\repository\org\aspectj\aspectjweaver\1.9.25\aspectjweaver-1.9.25.jar;C:\Users\termo\.m2\repository\org\springframework\boot\spring-boot-jdbc\4.0.0\spring-boot-jdbc-4.0.0.jar;C:\Users\termo\.m2\repository\org\springframework\boot\spring-boot-sql\4.0.0\spring-boot-sql-4.0.0.jar;C:\Users\termo\.m2\repository\org\springframework\boot\spring-boot-transaction\4.0.0\spring-boot-transaction-4.0.0.jar;C:\Users\termo\.m2\repository\org\springframework\spring-jdbc\7.0.1\spring-jdbc-7.0.1.jar;C:\Users\termo\.m2\repository\org\springframework\boot\spring-boot-starter-security\4.0.0\spring-boot-starter-security-4.0.0.jar;C:\Users\termo\.m2\repository\org\springframework\boot\spring-boot-security\4.0.0\spring-boot-security-4.0.0.jar;C:\Users\termo\.m2\repository\org\springframework\security\spring-security-config\7.0.0\spring-security-config-7.0.0.jar;C:\Users\termo\.m2\repository\org\springframework\security\spring-security-core\7.0.0\spring-security-core-7.0.0.jar;C:\Users\termo\.m2\repository\org\springframework\security\spring-security-crypto\7.0.0\spring-security-crypto-7.0.0.jar;C:\Users\termo\.m2\repository\org\springframework\security\spring-security-web\7.0.0\spring-security-web-7.0.0.jar;C:\Users\termo\.m2\repository\org\springframework\spring-aop\7.0.1\spring-aop-7.0.1.jar;C:\Users\termo\.m2\repository\org\springframework\spring-beans\7.0.1\spring-beans-7.0.1.jar;C:\Users\termo\.m2\repository\org\mariadb\jdbc\mariadb-java-client\3.5.6\mariadb-java-client-3.5.6.jar;C:\Users\termo\.m2\repository\org\projectlombok\lombok\1.18.42\lombok-1.18.42.jar;C:\Users\termo\.m2\repository\org\springframework\boot\spring-boot-starter-test\4.0.0\spring-boot-starter-test-4.0.0.jar;C:\Users\termo\.m2\repository\org\springframework\boot\spring-boot-test\4.0.0\spring-boot-test-4.0.0.jar;C:\Users\termo\.m2\repository\org\springframework\boot\spring-boot-test-autoconfigure\4.0.0\spring-boot-test-autoconfigure-4.0.0.jar;C:\Users\termo\.m2\repository\com\jayway\jsonpath\json-path\2.9.0\json-path-2.9.0.jar;C:\Users\termo\.m2\repository\org\slf4j\slf4j-api\2.0.17\slf4j-api-2.0.17.jar;C:\Users\termo\.m2\repository\jakarta\xml\bind\jakarta.xml.bind-api\4.0.4\jakarta.xml.bind-api-4.0.4.jar;C:\Users\termo\.m2\repository\jakarta\activation\jakarta.activation-api\2.1.4\jakarta.activation-api-2.1.4.jar;C:\Users\termo\.m2\repository\net\minidev\json-smart\2.6.0\json-smart-2.6.0.jar;C:\Users\termo\.m2\repository\net\minidev\accessors-smart\2.6.0\accessors-smart-2.6.0.jar;C:\Users\termo\.m2\repository\org\ow2\asm\asm\9.7.1\asm-9.7.1.jar;C:\Users\termo\.m2\repository\org\assertj\assertj-core\3.27.6\assertj-core-3.27.6.jar;C:\Users\termo\.m2\repository\net\bytebuddy\byte-buddy\1.17.8\byte-buddy-1.17.8.jar;C:\Users\termo\.m2\repository\org\awaitility\awaitility\4.3.0\awaitility-4.3.0.jar;C:\Users\termo\.m2\repository\org\hamcrest\hamcrest\3.0\hamcrest-3.0.jar;C:\Users\termo\.m2\repository\org\junit\jupiter\junit-jupiter\6.0.1\junit-jupiter-6.0.1.jar;C:\Users\termo\.m2\repository\org\junit\jupiter\junit-jupiter-api\6.0.1\junit-jupiter-api-6.0.1.jar;C:\Users\termo\.m2\repository\org\opentest4j\opentest4j\1.3.0\opentest4j-1.3.0.jar;C:\Users\termo\.m2\repository\org\junit\platform\junit-platform-commons\6.0.1\junit-platform-commons-6.0.1.jar;C:\Users\termo\.m2\repository\org\apiguardian\apiguardian-api\1.1.2\apiguardian-api-1.1.2.jar;C:\Users\termo\.m2\repository\org\junit\jupiter\junit-jupiter-params\6.0.1\junit-jupiter-params-6.0.1.jar;C:\Users\termo\.m2\repository\org\junit\jupiter\junit-jupiter-engine\6.0.1\junit-jupiter-engine-6.0.1.jar;C:\Users\termo\.m2\repository\org\junit\platform\junit-platform-engine\6.0.1\junit-platform-engine-6.0.1.jar;C:\Users\termo\.m2\repository\org\mockito\mockito-core\5.20.0\mockito-core-5.20.0.jar;C:\Users\termo\.m2\repository\net\bytebuddy\byte-buddy-agent\1.17.8\byte-buddy-agent-1.17.8.jar;C:\Users\termo\.m2\repository\org\objenesis\objenesis\3.3\objenesis-3.3.jar;C:\Users\termo\.m2\repository\org\mockito\mockito-junit-jupiter\5.20.0\mockito-junit-jupiter-5.20.0.jar;C:\Users\termo\.m2\repository\org\skyscreamer\jsonassert\1.5.3\jsonassert-1.5.3.jar;C:\Users\termo\.m2\repository\com\vaadin\external\google\android-json\0.0.20131108.vaadin1\android-json-0.0.20131108.vaadin1.jar;C:\Users\termo\.m2\repository\org\springframework\spring-core\7.0.1\spring-core-7.0.1.jar;C:\Users\termo\.m2\repository\commons-logging\commons-logging\1.3.5\commons-logging-1.3.5.jar;C:\Users\termo\.m2\repository\org\jspecify\jspecify\1.0.0\jspecify-1.0.0.jar;C:\Users\termo\.m2\repository\org\springframework\spring-test\7.0.1\spring-test-7.0.1.jar;C:\Users\termo\.m2\repository\org\xmlunit\xmlunit-core\2.10.4\xmlunit-core-2.10.4.jar;C:\Users\termo\.m2\repository\com\SMTPServerManager\SMTPServerManager\0.0.1-SNAPSHOT\SMTPServerManager-0.0.1-SNAPSHOT.jar;C:\Users\termo\.m2\repository\org\eclipse\angus\jakarta.mail\2.0.5\jakarta.mail-2.0.5.jar;C:\Users\termo\.m2\repository\org\eclipse\angus\angus-activation\2.0.3\angus-activation-2.0.3.jar;C:\Users\termo\.m2\repository\org\springframework\spring-web\7.0.1\spring-web-7.0.1.jar;C:\Users\termo\.m2\repository\io\micrometer\micrometer-observation\1.16.0\micrometer-observation-1.16.0.jar;C:\Users\termo\.m2\repository\io\micrometer\micrometer-commons\1.16.0\micrometer-commons-1.16.0.jar;, java.vm.vendor=Oracle Corporation, sun.arch.data.model=64, user.variant=, java.vendor.url=https://java.oracle.com/, user.timezone=Europe/Rome, jakarta.persistence.sharedCache.mode=UNSPECIFIED, org.jboss.logging.provider=slf4j, hibernate.jdbc.time_zone=UTC, java.vm.specification.version=21, os.name=Windows 11, APPLICATION_NAME=NeptuneWebAutheticator, jakarta.persistence.nonJtaDataSource=HikariDataSource (HikariPool-1), sun.java.launcher=SUN_STANDARD, user.country=IT, sun.boot.library.path=C:\Program Files\Java\jdk-21\bin, sun.java.command=C:\Users\termo\AppData\Local\Temp\surefire17114169712857133703\surefirebooter-20260805104749044_3.jar C:\Users\termo\AppData\Local\Temp\surefire17114169712857133703 2026-08-05T10-47-48_903-jvmRun1 surefire-20260805104749044_1tmp surefire_0-20260805104749044_2tmp, javax.persistence.nonJtaDataSource=HikariDataSource (HikariPool-1), hibernate.transaction.jta.platform=org.hibernate.engine.transaction.jta.platform.internal.NoJtaPlatform@1368e2f7, jdk.debug=release, surefire.test.class.path=C:\Users\termo\Desktop\workspace\TruckingConfiguration\Modules\NeptuneWebAutheticator\target\test-classes;C:\Users\termo\Desktop\workspace\TruckingConfiguration\Modules\NeptuneWebAutheticator\target\classes;C:\Users\termo\.m2\repository\org\springframework\boot\spring-boot-starter-web\4.0.0\spring-boot-starter-web-4.0.0.jar;C:\Users\termo\.m2\repository\org\springframework\boot\spring-boot-starter-jackson\4.0.0\spring-boot-starter-jackson-4.0.0.jar;C:\Users\termo\.m2\repository\org\springframework\boot\spring-boot-jackson\4.0.0\spring-boot-jackson-4.0.0.jar;C:\Users\termo\.m2\repository\tools\jackson\core\jackson-databind\3.0.2\jackson-databind-3.0.2.jar;C:\Users\termo\.m2\repository\com\fasterxml\jackson\core\jackson-annotations\2.20\jackson-annotations-2.20.jar;C:\Users\termo\.m2\repository\tools\jackson\core\jackson-core\3.0.2\jackson-core-3.0.2.jar;C:\Users\termo\.m2\repository\org\springframework\boot\spring-boot-starter-tomcat\4.0.0\spring-boot-starter-tomcat-4.0.0.jar;C:\Users\termo\.m2\repository\org\springframework\boot\spring-boot-starter-tomcat-runtime\4.0.0\spring-boot-starter-tomcat-runtime-4.0.0.jar;C:\Users\termo\.m2\repository\org\springframework\boot\spring-boot-web-server\4.0.0\spring-boot-web-server-4.0.0.jar;C:\Users\termo\.m2\repository\org\apache\tomcat\embed\tomcat-embed-core\11.0.14\tomcat-embed-core-11.0.14.jar;C:\Users\termo\.m2\repository\org\apache\tomcat\embed\tomcat-embed-el\11.0.14\tomcat-embed-el-11.0.14.jar;C:\Users\termo\.m2\repository\org\apache\tomcat\embed\tomcat-embed-websocket\11.0.14\tomcat-embed-websocket-11.0.14.jar;C:\Users\termo\.m2\repository\org\springframework\boot\spring-boot-tomcat\4.0.0\spring-boot-tomcat-4.0.0.jar;C:\Users\termo\.m2\repository\org\springframework\boot\spring-boot-http-converter\4.0.0\spring-boot-http-converter-4.0.0.jar;C:\Users\termo\.m2\repository\org\springframework\boot\spring-boot\4.0.0\spring-boot-4.0.0.jar;C:\Users\termo\.m2\repository\org\springframework\spring-context\7.0.1\spring-context-7.0.1.jar;C:\Users\termo\.m2\repository\org\springframework\boot\spring-boot-webmvc\4.0.0\spring-boot-webmvc-4.0.0.jar;C:\Users\termo\.m2\repository\org\springframework\boot\spring-boot-servlet\4.0.0\spring-boot-servlet-4.0.0.jar;C:\Users\termo\.m2\repository\org\springframework\spring-webmvc\7.0.1\spring-webmvc-7.0.1.jar;C:\Users\termo\.m2\repository\org\springframework\spring-expression\7.0.1\spring-expression-7.0.1.jar;C:\Users\termo\.m2\repository\org\springframework\boot\spring-boot-starter-data-jpa\4.0.0\spring-boot-starter-data-jpa-4.0.0.jar;C:\Users\termo\.m2\repository\org\springframework\boot\spring-boot-starter\4.0.0\spring-boot-starter-4.0.0.jar;C:\Users\termo\.m2\repository\org\springframework\boot\spring-boot-starter-logging\4.0.0\spring-boot-starter-logging-4.0.0.jar;C:\Users\termo\.m2\repository\ch\qos\logback\logback-classic\1.5.21\logback-classic-1.5.21.jar;C:\Users\termo\.m2\repository\ch\qos\logback\logback-core\1.5.21\logback-core-1.5.21.jar;C:\Users\termo\.m2\repository\org\apache\logging\log4j\log4j-to-slf4j\2.25.2\log4j-to-slf4j-2.25.2.jar;C:\Users\termo\.m2\repository\org\apache\logging\log4j\log4j-api\2.25.2\log4j-api-2.25.2.jar;C:\Users\termo\.m2\repository\org\slf4j\jul-to-slf4j\2.0.17\jul-to-slf4j-2.0.17.jar;C:\Users\termo\.m2\repository\org\springframework\boot\spring-boot-autoconfigure\4.0.0\spring-boot-autoconfigure-4.0.0.jar;C:\Users\termo\.m2\repository\jakarta\annotation\jakarta.annotation-api\3.0.0\jakarta.annotation-api-3.0.0.jar;C:\Users\termo\.m2\repository\org\yaml\snakeyaml\2.5\snakeyaml-2.5.jar;C:\Users\termo\.m2\repository\org\springframework\boot\spring-boot-starter-jdbc\4.0.0\spring-boot-starter-jdbc-4.0.0.jar;C:\Users\termo\.m2\repository\com\zaxxer\HikariCP\7.0.2\HikariCP-7.0.2.jar;C:\Users\termo\.m2\repository\org\springframework\boot\spring-boot-data-jpa\4.0.0\spring-boot-data-jpa-4.0.0.jar;C:\Users\termo\.m2\repository\org\springframework\boot\spring-boot-data-commons\4.0.0\spring-boot-data-commons-4.0.0.jar;C:\Users\termo\.m2\repository\org\springframework\boot\spring-boot-persistence\4.0.0\spring-boot-persistence-4.0.0.jar;C:\Users\termo\.m2\repository\org\springframework\data\spring-data-commons\4.0.0\spring-data-commons-4.0.0.jar;C:\Users\termo\.m2\repository\org\springframework\boot\spring-boot-hibernate\4.0.0\spring-boot-hibernate-4.0.0.jar;C:\Users\termo\.m2\repository\org\springframework\boot\spring-boot-jpa\4.0.0\spring-boot-jpa-4.0.0.jar;C:\Users\termo\.m2\repository\jakarta\persistence\jakarta.persistence-api\3.2.0\jakarta.persistence-api-3.2.0.jar;C:\Users\termo\.m2\repository\org\hibernate\orm\hibernate-core\7.1.8.Final\hibernate-core-7.1.8.Final.jar;C:\Users\termo\.m2\repository\jakarta\transaction\jakarta.transaction-api\2.0.1\jakarta.transaction-api-2.0.1.jar;C:\Users\termo\.m2\repository\org\jboss\logging\jboss-logging\3.6.1.Final\jboss-logging-3.6.1.Final.jar;C:\Users\termo\.m2\repository\org\hibernate\models\hibernate-models\1.0.1\hibernate-models-1.0.1.jar;C:\Users\termo\.m2\repository\com\fasterxml\classmate\1.7.1\classmate-1.7.1.jar;C:\Users\termo\.m2\repository\org\glassfish\jaxb\jaxb-runtime\4.0.6\jaxb-runtime-4.0.6.jar;C:\Users\termo\.m2\repository\org\glassfish\jaxb\jaxb-core\4.0.6\jaxb-core-4.0.6.jar;C:\Users\termo\.m2\repository\org\glassfish\jaxb\txw2\4.0.6\txw2-4.0.6.jar;C:\Users\termo\.m2\repository\com\sun\istack\istack-commons-runtime\4.1.2\istack-commons-runtime-4.1.2.jar;C:\Users\termo\.m2\repository\jakarta\inject\jakarta.inject-api\2.0.1\jakarta.inject-api-2.0.1.jar;C:\Users\termo\.m2\repository\org\springframework\spring-orm\7.0.1\spring-orm-7.0.1.jar;C:\Users\termo\.m2\repository\org\springframework\data\spring-data-jpa\4.0.0\spring-data-jpa-4.0.0.jar;C:\Users\termo\.m2\repository\org\springframework\spring-tx\7.0.1\spring-tx-7.0.1.jar;C:\Users\termo\.m2\repository\org\antlr\antlr4-runtime\4.13.2\antlr4-runtime-4.13.2.jar;C:\Users\termo\.m2\repository\org\springframework\spring-aspects\7.0.1\spring-aspects-7.0.1.jar;C:\Users\termo\.m2\repository\org\aspectj\aspectjweaver\1.9.25\aspectjweaver-1.9.25.jar;C:\Users\termo\.m2\repository\org\springframework\boot\spring-boot-jdbc\4.0.0\spring-boot-jdbc-4.0.0.jar;C:\Users\termo\.m2\repository\org\springframework\boot\spring-boot-sql\4.0.0\spring-boot-sql-4.0.0.jar;C:\Users\termo\.m2\repository\org\springframework\boot\spring-boot-transaction\4.0.0\spring-boot-transaction-4.0.0.jar;C:\Users\termo\.m2\repository\org\springframework\spring-jdbc\7.0.1\spring-jdbc-7.0.1.jar;C:\Users\termo\.m2\repository\org\springframework\boot\spring-boot-starter-security\4.0.0\spring-boot-starter-security-4.0.0.jar;C:\Users\termo\.m2\repository\org\springframework\boot\spring-boot-security\4.0.0\spring-boot-security-4.0.0.jar;C:\Users\termo\.m2\repository\org\springframework\security\spring-security-config\7.0.0\spring-security-config-7.0.0.jar;C:\Users\termo\.m2\repository\org\springframework\security\spring-security-core\7.0.0\spring-security-core-7.0.0.jar;C:\Users\termo\.m2\repository\org\springframework\security\spring-security-crypto\7.0.0\spring-security-crypto-7.0.0.jar;C:\Users\termo\.m2\repository\org\springframework\security\spring-security-web\7.0.0\spring-security-web-7.0.0.jar;C:\Users\termo\.m2\repository\org\springframework\spring-aop\7.0.1\spring-aop-7.0.1.jar;C:\Users\termo\.m2\repository\org\springframework\spring-beans\7.0.1\spring-beans-7.0.1.jar;C:\Users\termo\.m2\repository\org\mariadb\jdbc\mariadb-java-client\3.5.6\mariadb-java-client-3.5.6.jar;C:\Users\termo\.m2\repository\org\projectlombok\lombok\1.18.42\lombok-1.18.42.jar;C:\Users\termo\.m2\repository\org\springframework\boot\spring-boot-starter-test\4.0.0\spring-boot-starter-test-4.0.0.jar;C:\Users\termo\.m2\repository\org\springframework\boot\spring-boot-test\4.0.0\spring-boot-test-4.0.0.jar;C:\Users\termo\.m2\repository\org\springframework\boot\spring-boot-test-autoconfigure\4.0.0\spring-boot-test-autoconfigure-4.0.0.jar;C:\Users\termo\.m2\repository\com\jayway\jsonpath\json-path\2.9.0\json-path-2.9.0.jar;C:\Users\termo\.m2\repository\org\slf4j\slf4j-api\2.0.17\slf4j-api-2.0.17.jar;C:\Users\termo\.m2\repository\jakarta\xml\bind\jakarta.xml.bind-api\4.0.4\jakarta.xml.bind-api-4.0.4.jar;C:\Users\termo\.m2\repository\jakarta\activation\jakarta.activation-api\2.1.4\jakarta.activation-api-2.1.4.jar;C:\Users\termo\.m2\repository\net\minidev\json-smart\2.6.0\json-smart-2.6.0.jar;C:\Users\termo\.m2\repository\net\minidev\accessors-smart\2.6.0\accessors-smart-2.6.0.jar;C:\Users\termo\.m2\repository\org\ow2\asm\asm\9.7.1\asm-9.7.1.jar;C:\Users\termo\.m2\repository\org\assertj\assertj-core\3.27.6\assertj-core-3.27.6.jar;C:\Users\termo\.m2\repository\net\bytebuddy\byte-buddy\1.17.8\byte-buddy-1.17.8.jar;C:\Users\termo\.m2\repository\org\awaitility\awaitility\4.3.0\awaitility-4.3.0.jar;C:\Users\termo\.m2\repository\org\hamcrest\hamcrest\3.0\hamcrest-3.0.jar;C:\Users\termo\.m2\repository\org\junit\jupiter\junit-jupiter\6.0.1\junit-jupiter-6.0.1.jar;C:\Users\termo\.m2\repository\org\junit\jupiter\junit-jupiter-api\6.0.1\junit-jupiter-api-6.0.1.jar;C:\Users\termo\.m2\repository\org\opentest4j\opentest4j\1.3.0\opentest4j-1.3.0.jar;C:\Users\termo\.m2\repository\org\junit\platform\junit-platform-commons\6.0.1\junit-platform-commons-6.0.1.jar;C:\Users\termo\.m2\repository\org\apiguardian\apiguardian-api\1.1.2\apiguardian-api-1.1.2.jar;C:\Users\termo\.m2\repository\org\junit\jupiter\junit-jupiter-params\6.0.1\junit-jupiter-params-6.0.1.jar;C:\Users\termo\.m2\repository\org\junit\jupiter\junit-jupiter-engine\6.0.1\junit-jupiter-engine-6.0.1.jar;C:\Users\termo\.m2\repository\org\junit\platform\junit-platform-engine\6.0.1\junit-platform-engine-6.0.1.jar;C:\Users\termo\.m2\repository\org\mockito\mockito-core\5.20.0\mockito-core-5.20.0.jar;C:\Users\termo\.m2\repository\net\bytebuddy\byte-buddy-agent\1.17.8\byte-buddy-agent-1.17.8.jar;C:\Users\termo\.m2\repository\org\objenesis\objenesis\3.3\objenesis-3.3.jar;C:\Users\termo\.m2\repository\org\mockito\mockito-junit-jupiter\5.20.0\mockito-junit-jupiter-5.20.0.jar;C:\Users\termo\.m2\repository\org\skyscreamer\jsonassert\1.5.3\jsonassert-1.5.3.jar;C:\Users\termo\.m2\repository\com\vaadin\external\google\android-json\0.0.20131108.vaadin1\android-json-0.0.20131108.vaadin1.jar;C:\Users\termo\.m2\repository\org\springframework\spring-core\7.0.1\spring-core-7.0.1.jar;C:\Users\termo\.m2\repository\commons-logging\commons-logging\1.3.5\commons-logging-1.3.5.jar;C:\Users\termo\.m2\repository\org\jspecify\jspecify\1.0.0\jspecify-1.0.0.jar;C:\Users\termo\.m2\repository\org\springframework\spring-test\7.0.1\spring-test-7.0.1.jar;C:\Users\termo\.m2\repository\org\xmlunit\xmlunit-core\2.10.4\xmlunit-core-2.10.4.jar;C:\Users\termo\.m2\repository\com\SMTPServerManager\SMTPServerManager\0.0.1-SNAPSHOT\SMTPServerManager-0.0.1-SNAPSHOT.jar;C:\Users\termo\.m2\repository\org\eclipse\angus\jakarta.mail\2.0.5\jakarta.mail-2.0.5.jar;C:\Users\termo\.m2\repository\org\eclipse\angus\angus-activation\2.0.3\angus-activation-2.0.3.jar;C:\Users\termo\.m2\repository\org\springframework\spring-web\7.0.1\spring-web-7.0.1.jar;C:\Users\termo\.m2\repository\io\micrometer\micrometer-observation\1.16.0\micrometer-observation-1.16.0.jar;C:\Users\termo\.m2\repository\io\micrometer\micrometer-commons\1.16.0\micrometer-commons-1.16.0.jar;, sun.cpu.endian=little, hibernate.cdi.extensions=true, user.home=C:\Users\termo, user.language=it, java.specification.vendor=Oracle Corporation, java.version.date=2023-10-17, java.home=C:\Program Files\Java\jdk-21, file.separator=\, basedir=C:\Users\termo\Desktop\workspace\TruckingConfiguration\Modules\NeptuneWebAutheticator, java.vm.compressedOopsMode=Zero based, line.separator=
, hibernate.persistenceUnitName=default, java.vm.specification.vendor=Oracle Corporation, java.specification.name=Java Platform API Specification, FILE_LOG_CHARSET=UTF-8, hibernate.transaction.coordinator_class=class org.hibernate.resource.transaction.backend.jdbc.internal.JdbcResourceLocalTransactionCoordinatorBuilderImpl, java.awt.headless=true, surefire.real.class.path=C:\Users\termo\AppData\Local\Temp\surefire17114169712857133703\surefirebooter-20260805104749044_3.jar, jakarta.persistence.validation.mode=AUTO, hibernate.hbm2ddl.auto=update, user.script=, sun.management.compiler=HotSpot 64-Bit Tiered Compilers, java.runtime.version=21.0.1+12-LTS-29, user.name=termo, stdout.encoding=Cp1252, path.separator=;, os.version=10.0, java.runtime.name=Java(TM) SE Runtime Environment, file.encoding=UTF-8, java.vm.name=Java HotSpot(TM) 64-Bit Server VM, localRepository=C:\Users\termo\.m2\repository, java.vendor.url.bug=https://bugreport.java.com/bugreport/, java.io.tmpdir=C:\Users\termo\AppData\Local\Temp\, java.version=21.0.1, hibernate.physical_naming_strategy=org.hibernate.boot.model.naming.PhysicalNamingStrategyStandardImpl, user.dir=C:\Users\termo\Desktop\workspace\TruckingConfiguration\Modules\NeptuneWebAutheticator, os.arch=amd64, java.vm.specification.name=Java Virtual Machine Specification, PID=42832, sun.os.patch.level=, CONSOLE_LOG_CHARSET=UTF-8, hibernate.boot.CfgXmlAccessService.key=org.hibernate.boot.registry.StandardServiceRegistryBuilder$1@4d84688f, native.encoding=Cp1252, java.library.path=C:\Program Files\Java\jdk-21\bin;C:\WINDOWS\Sun\Java\bin;C:\WINDOWS\system32;C:\WINDOWS;C:\Program Files\apache-maven-3.9.9\bin;C:\Windows\System32;C:\Windows;C:\Windows\System32\wbem;C:\Windows\System32\WindowsPowerShell\v1.0\;C:\Windows\System32\OpenSSH\;C:\Program Files\PuTTY\;C:\Program Files\Git\cmd;C:\Program Files\TortoiseSVN\bin;C:\Program Files\Microsoft SQL Server\150\Tools\Binn\;C:\Users\termo\AppData\Roaming\nvm;C:\Program Files\nodejs;C:\xampp\php;C:\Program Files\WireGuard\;C:\Program Files (x86)\GnuPG\bin;C:\ProgramData\chocolatey\bin;C:\Program Files\Docker\Docker\resources\bin;C:\composer;C:\Program Files\PuTTY;C:\Program Files\dotnet\;C:\Program Files\Java\jdk-21\bin;C:\Windows\System32;C:\Program Files\MariaDB 11.4\bin;C:\Program Files\Microsoft Visual Studio\2022\Community\VC\Tools\MSVC\14.42.34433\bin\Hostx64\x64;C:\Python27;C:\src\flutter\bin;C:\Program Files (x86)\Windows Kits\10\Windows Performance Toolkit\;C:\Users\termo\AppData\Local\Programs\Python\Python313\Scripts\;C:\Users\termo\AppData\Local\Programs\Python\Python313\;C:\Users\termo\AppData\Local\Microsoft\WindowsApps;C:\Program Files\JetBrains\IntelliJ IDEA 2023.3.2\bin;;C:\Program Files\JetBrains\IntelliJ IDEA Community Edition 2023.3.2\bin;;C:\Users\termo\.dotnet\tools;C:\Users\termo\AppData\Roaming\npm;C:\Users\termo\AppData\Roaming\nvm;C:\Program Files\nodejs;C:\Users\termo\AppData\Local\GitHubDesktop\bin;C:\Users\termo\.jdks\temurin-1.8.0_392\bin;C:\Program Files\Java\jdk-21;C:\Program Files\apache-maven-3.9.9\bin;C:\Users\termo\AppData\Roaming\Composer\vendor\bin;C:\Users\termo\AppData\Local\Programs\Microsoft VS Code\bin;., stderr.encoding=Cp1252, java.vendor=Oracle Corporation, java.vm.info=mixed mode, sharing, java.vm.version=21.0.1+12-LTS-29, sun.io.unicode.encoding=UnicodeLittle, hibernate.archive.scanner=org.hibernate.boot.archive.scan.internal.DisabledScanner, hibernate.connection.datasource=HikariDataSource (HikariPool-1), java.class.version=65.0, LOGGED_APPLICATION_NAME=[NeptuneWebAutheticator] }
05/08/2026 10:47:52.965 DEBUG com.zaxxer.hikari.pool.HikariPool - HikariPool-1 - After adding stats (total=5/10, idle=5/10, active=0, waiting=0)
05/08/2026 10:47:52.965 DEBUG com.zaxxer.hikari.pool.PoolBase - HikariPool-1 - Attempting to create/setup new connection (d73f47cd-b061-4f03-b080-236a63a271b5)
05/08/2026 10:47:52.968 DEBUG o.m.jdbc.message.server.OkPacket - Database change: is 'authenticationservice'
05/08/2026 10:47:52.969 DEBUG o.m.jdbc.client.impl.StandardClient - execute query: set sql_mode=CONCAT(@@sql_mode,',STRICT_TRANS_TABLES'),session_track_system_variables = CONCAT(@@global.session_track_system_variables,',transaction_isolation'),NAMES utf8mb4
05/08/2026 10:47:52.969 DEBUG o.m.jdbc.message.server.OkPacket - System variable change:  character_set_client = utf8mb4
05/08/2026 10:47:52.969 DEBUG o.m.jdbc.message.server.OkPacket - System variable change:  character_set_connection = utf8mb4
05/08/2026 10:47:52.969 DEBUG o.m.jdbc.message.server.OkPacket - System variable change:  character_set_results = utf8mb4
05/08/2026 10:47:52.969 DEBUG com.zaxxer.hikari.pool.PoolBase - HikariPool-1 - Established new connection (d73f47cd-b061-4f03-b080-236a63a271b5)
05/08/2026 10:47:52.969 DEBUG com.zaxxer.hikari.pool.HikariPool - HikariPool-1 - Added connection org.mariadb.jdbc.Connection@268c07db
05/08/2026 10:47:53.012 DEBUG com.zaxxer.hikari.pool.HikariPool - HikariPool-1 - After adding stats (total=6/10, idle=6/10, active=0, waiting=0)
05/08/2026 10:47:53.012 DEBUG com.zaxxer.hikari.pool.PoolBase - HikariPool-1 - Attempting to create/setup new connection (47217a34-f458-45b9-bdee-ed80cfe433cb)
05/08/2026 10:47:53.015 DEBUG o.m.jdbc.message.server.OkPacket - Database change: is 'authenticationservice'
05/08/2026 10:47:53.015 DEBUG o.m.jdbc.client.impl.StandardClient - execute query: set sql_mode=CONCAT(@@sql_mode,',STRICT_TRANS_TABLES'),session_track_system_variables = CONCAT(@@global.session_track_system_variables,',transaction_isolation'),NAMES utf8mb4
05/08/2026 10:47:53.015 DEBUG o.m.jdbc.message.server.OkPacket - System variable change:  character_set_client = utf8mb4
05/08/2026 10:47:53.015 DEBUG o.m.jdbc.message.server.OkPacket - System variable change:  character_set_connection = utf8mb4
05/08/2026 10:47:53.015 DEBUG o.m.jdbc.message.server.OkPacket - System variable change:  character_set_results = utf8mb4
05/08/2026 10:47:53.015 DEBUG com.zaxxer.hikari.pool.PoolBase - HikariPool-1 - Established new connection (47217a34-f458-45b9-bdee-ed80cfe433cb)
05/08/2026 10:47:53.016 DEBUG com.zaxxer.hikari.pool.HikariPool - HikariPool-1 - Added connection org.mariadb.jdbc.Connection@7ce294cf
05/08/2026 10:47:53.041 DEBUG org.hibernate.HQL_FUNCTIONS - Available HQL Functions:
	abs(NUMERIC arg)
	Double acos(NUMERIC arg)
	adddate(DATE datetime, INTEGER days)
	addtime(TIME datetime, TIME time)
	Boolean any(BOOLEAN arg)
	Integer ascii(STRING arg)
	Double asin(NUMERIC arg)
	Double atan(NUMERIC arg)
	Double atan2(NUMERIC arg0, NUMERIC arg1)
	avg(arg)
	bit_and(arg)
	Integer bit_length(STRING_OR_CLOB arg)
	bit_or(arg)
	bitand(arg0, arg1)
	bitnot(arg)
	bitor(arg0, arg1)
	bitxor(arg0, arg1)
	cast(arg as Type)
	ceiling(NUMERIC arg)
	Character char(INTEGER arg)
	Integer character_length(STRING_OR_CLOB arg)
	Character chr(INTEGER arg)
	coalesce(arg0[, arg1[, ...]])
	String collate(STRING string as COLLATION collation)
	String concat(STRING string0[, STRING string1[, ...]])
	Double cos(NUMERIC arg)
	Double cosh(NUMERIC arg)
	Double cot(NUMERIC arg)
	Long count([distinct ]{arg|*})
	Integer crc32(arg)
	Double cume_dist([arg0[, ...]])
	Date curdate()
	Date current date
	Time current time
	Timestamp current timestamp
	Date current_date
	Instant current_instant
	Time current_time
	Timestamp current_timestamp
	Time curtime()
	Date date(arg)
	dateadd(TEMPORAL_UNIT field, INTEGER magnitude, TEMPORAL datetime)
	Integer datediff(DATE end, DATE start)
	Integer day(DATE arg)
	String dayname(DATE arg)
	Integer dayofmonth(DATE arg)
	Integer dayofweek(DATE arg)
	Integer dayofyear(DATE arg)
	Double degrees(NUMERIC arg)
	Long dense_rank([arg0[, ...]])
	Boolean every(BOOLEAN arg)
	Double exp(NUMERIC arg)
	extract(TEMPORAL_UNIT field from TEMPORAL arg)
	first_valueANY value
	floor(NUMERIC arg)
	String format(TEMPORAL datetime as STRING pattern)
	greatest(COMPARABLE arg0, COMPARABLE arg1[, arg2[, ...]])
	String hex(arg)
	Integer hour(TIME arg)
	ifnull(arg0, arg1)
	String insert(STRING string, INTEGER start, INTEGER length, STRING replacement)
	Instant instant
	Integer instr(STRING string, STRING pattern[, INTEGER start[, INTEGER occurrence]])
	String json_array([arg0[, ...]])
	String json_array_append(IMPLICIT_JSON arg0, STRING arg1, ANY arg2)
	String json_array_insert(IMPLICIT_JSON arg0, STRING arg1, ANY arg2)
	String json_arrayagg(arg0[, arg1])
	Boolean json_exists(IMPLICIT_JSON arg0, STRING arg1)
	String json_insert(IMPLICIT_JSON arg0, STRING arg1, ANY arg2)
	String json_mergepatch(IMPLICIT_JSON arg0, IMPLICIT_JSON arg1[, arg2[, ...]])
	String json_object( ... )
	String json_objectagg(arg0, arg1[, arg2, arg3])
	String json_query( ... )
	String json_remove(IMPLICIT_JSON arg0, STRING arg1)
	String json_replace(IMPLICIT_JSON arg0, STRING arg1, ANY arg2)
	String json_set(IMPLICIT_JSON arg0, STRING arg1, ANY arg2)
	Boolean json_valid([arg0[, ...]])
	json_value( ... )
	lagANY value[, INTEGER offset[, ANY default]]
	Date last_day(DATE arg)
	last_valueANY value
	leadANY value[, INTEGER offset[, ANY default]]
	least(COMPARABLE arg0, COMPARABLE arg1[, arg2[, ...]])
	String left(STRING string, INTEGER length)
	Integer length(STRING_OR_CLOB arg)
	String listagg(STRING arg0, STRING arg1)
	Double ln(NUMERIC arg)
	LocalDate local date
	LocalDateTime local datetime
	LocalTime local time
	LocalDate local_date
	LocalDateTime local_datetime
	LocalTime local_time
	Time localtime
	Timestamp localtimestamp
	Integer locate(STRING pattern, STRING string[, INTEGER start])
	Double log(NUMERIC arg0[, NUMERIC arg1])
	Double log10(NUMERIC arg)
	Double log2(NUMERIC arg)
	String lower(STRING string)
	String lpad(string, length[, padding])
	String ltrim(STRING string[, STRING characters])
	Date makedate(INTEGER year, INTEGER dayofyear)
	Time maketime(INTEGER hour, INTEGER min, INTEGER sec)
	max(COMPARABLE arg)
	byte[] md5(arg)
	Double median(NUMERIC arg)
	Integer microsecond(TIME arg)
	min(COMPARABLE arg)
	Integer minute(TIME arg)
	Integer mod(INTEGER arg0, INTEGER arg1)
	Integer month(DATE arg)
	String monthname(DATE arg)
	Timestamp now()
	nth_valueANY value, INTEGER nth
	nullif(arg0, arg1)
	Integer octet_length(STRING_OR_CLOB arg)
	OffsetDateTime offset datetime
	OffsetDateTime offset_datetime
	Integer ordinal(ENUM arg)
	String overlay(STRING string placing STRING replacement from INTEGER start[ for INTEGER length])
	String pad(STRING string with INTEGER length {leading|trailing}[ STRING character])
	Double percent_rank([arg0[, ...]])
	percentile_cont(NUMERIC arg)
	percentile_disc(NUMERIC arg)
	Double pi
	Integer position(STRING pattern in STRING string)
	Double power(NUMERIC arg0, NUMERIC arg1)
	Integer quarter(DATE arg)
	Double radians(NUMERIC arg)
	Double rand([INTEGER seed])
	Long rank([arg0[, ...]])
	String repeat(STRING string, INTEGER times)
	String replace(STRING string, STRING pattern, STRING replacement)
	String reverse(STRING arg)
	String right(STRING string, INTEGER length)
	round(NUMERIC number[, INTEGER places])
	Long row_number()
	String rpad(string, length[, padding])
	String rtrim(STRING string[, STRING characters])
	Integer second(TIME arg)
	byte[] sha(arg)
	String sha1(arg)
	String sha2(arg0, arg1)
	Integer sign(NUMERIC arg)
	Double sin(NUMERIC arg)
	Double sinh(NUMERIC arg)
	String soundex(arg)
	String space(INTEGER arg)
	sql
	Double sqrt(NUMERIC arg)
	Double stddev(NUMERIC arg)
	Double stddev_pop(NUMERIC arg)
	Double stddev_samp(NUMERIC arg)
	String str(arg)
	String string(ENUM arg)
	subdate(DATE datetime, INTEGER days)
	String substr(STRING string, INTEGER start[, INTEGER length])
	String substring(STRING string{ from|,} INTEGER start[{ for|,} INTEGER length])
	subtime(TIME datetime, TIME time)
	sum(arg)
	Timestamp sysdate()
	Double tan(NUMERIC arg)
	Double tanh(NUMERIC arg)
	String time(arg)
	Timestamp timestamp(arg0[, arg1])
	timestampadd(TEMPORAL_UNIT field, INTEGER magnitude, TEMPORAL datetime)
	Long|Double timestampdiff(TEMPORAL_UNIT field, TEMPORAL start, TEMPORAL end)
	String trim([[{leading|trailing|both} ][STRING arg0 ]from] STRING arg1)
	trunc( ... )
	truncate( ... )
	String upper(STRING string)
	Date utc_date
	Time utc_time
	Timestamp utc_timestamp
	Double var_pop(NUMERIC arg)
	Double var_samp(NUMERIC arg)
	Double variance(NUMERIC arg)
	Integer week(DATE arg)
	Integer year(DATE arg)

05/08/2026 10:47:53.059 DEBUG com.zaxxer.hikari.pool.HikariPool - HikariPool-1 - After adding stats (total=7/10, idle=7/10, active=0, waiting=0)
05/08/2026 10:47:53.059 DEBUG com.zaxxer.hikari.pool.PoolBase - HikariPool-1 - Attempting to create/setup new connection (1b31ba2f-2e5f-4dcf-9551-98cdc557d51f)
05/08/2026 10:47:53.061 DEBUG o.m.jdbc.message.server.OkPacket - Database change: is 'authenticationservice'
05/08/2026 10:47:53.061 DEBUG o.m.jdbc.client.impl.StandardClient - execute query: set sql_mode=CONCAT(@@sql_mode,',STRICT_TRANS_TABLES'),session_track_system_variables = CONCAT(@@global.session_track_system_variables,',transaction_isolation'),NAMES utf8mb4
05/08/2026 10:47:53.061 DEBUG o.m.jdbc.message.server.OkPacket - System variable change:  character_set_client = utf8mb4
05/08/2026 10:47:53.061 DEBUG o.m.jdbc.message.server.OkPacket - System variable change:  character_set_connection = utf8mb4
05/08/2026 10:47:53.061 DEBUG o.m.jdbc.message.server.OkPacket - System variable change:  character_set_results = utf8mb4
05/08/2026 10:47:53.061 DEBUG com.zaxxer.hikari.pool.PoolBase - HikariPool-1 - Established new connection (1b31ba2f-2e5f-4dcf-9551-98cdc557d51f)
05/08/2026 10:47:53.061 DEBUG com.zaxxer.hikari.pool.HikariPool - HikariPool-1 - Added connection org.mariadb.jdbc.Connection@3e73bc21
05/08/2026 10:47:53.106 DEBUG com.zaxxer.hikari.pool.HikariPool - HikariPool-1 - After adding stats (total=8/10, idle=8/10, active=0, waiting=0)
05/08/2026 10:47:53.106 DEBUG com.zaxxer.hikari.pool.PoolBase - HikariPool-1 - Attempting to create/setup new connection (eb3a91b8-8bb3-459d-9059-595e5db89178)
05/08/2026 10:47:53.108 DEBUG o.m.jdbc.message.server.OkPacket - Database change: is 'authenticationservice'
05/08/2026 10:47:53.109 DEBUG o.m.jdbc.client.impl.StandardClient - execute query: set sql_mode=CONCAT(@@sql_mode,',STRICT_TRANS_TABLES'),session_track_system_variables = CONCAT(@@global.session_track_system_variables,',transaction_isolation'),NAMES utf8mb4
05/08/2026 10:47:53.109 DEBUG o.m.jdbc.message.server.OkPacket - System variable change:  character_set_client = utf8mb4
05/08/2026 10:47:53.109 DEBUG o.m.jdbc.message.server.OkPacket - System variable change:  character_set_connection = utf8mb4
05/08/2026 10:47:53.109 DEBUG o.m.jdbc.message.server.OkPacket - System variable change:  character_set_results = utf8mb4
05/08/2026 10:47:53.109 DEBUG com.zaxxer.hikari.pool.PoolBase - HikariPool-1 - Established new connection (eb3a91b8-8bb3-459d-9059-595e5db89178)
05/08/2026 10:47:53.109 DEBUG com.zaxxer.hikari.pool.HikariPool - HikariPool-1 - Added connection org.mariadb.jdbc.Connection@432e821e
05/08/2026 10:47:53.152 DEBUG com.zaxxer.hikari.pool.HikariPool - HikariPool-1 - After adding stats (total=9/10, idle=9/10, active=0, waiting=0)
05/08/2026 10:47:53.152 DEBUG com.zaxxer.hikari.pool.PoolBase - HikariPool-1 - Attempting to create/setup new connection (82363f47-c19e-42f3-a494-0dc2e017f377)
05/08/2026 10:47:53.154 DEBUG o.m.jdbc.message.server.OkPacket - Database change: is 'authenticationservice'
05/08/2026 10:47:53.154 DEBUG o.m.jdbc.client.impl.StandardClient - execute query: set sql_mode=CONCAT(@@sql_mode,',STRICT_TRANS_TABLES'),session_track_system_variables = CONCAT(@@global.session_track_system_variables,',transaction_isolation'),NAMES utf8mb4
05/08/2026 10:47:53.154 DEBUG o.m.jdbc.message.server.OkPacket - System variable change:  character_set_client = utf8mb4
05/08/2026 10:47:53.154 DEBUG o.m.jdbc.message.server.OkPacket - System variable change:  character_set_connection = utf8mb4
05/08/2026 10:47:53.154 DEBUG o.m.jdbc.message.server.OkPacket - System variable change:  character_set_results = utf8mb4
05/08/2026 10:47:53.154 DEBUG com.zaxxer.hikari.pool.PoolBase - HikariPool-1 - Established new connection (82363f47-c19e-42f3-a494-0dc2e017f377)
05/08/2026 10:47:53.154 DEBUG com.zaxxer.hikari.pool.HikariPool - HikariPool-1 - Added connection org.mariadb.jdbc.Connection@4bfcb53f
05/08/2026 10:47:53.199 DEBUG com.zaxxer.hikari.pool.HikariPool - HikariPool-1 - After adding stats (total=10/10, idle=10/10, active=0, waiting=0)
05/08/2026 10:47:53.298 DEBUG o.h.b.i.b.BytecodeProviderImpl - HHH000513: Unable to create the ReflectionOptimizer for [com.NeptuneWebAutheticator.Entity.Tenant]: private accessor [password]
05/08/2026 10:47:53.316 DEBUG o.h.b.i.b.BytecodeProviderImpl - HHH000513: Unable to create the ReflectionOptimizer for [com.NeptuneWebAutheticator.Entity.Machine]: private accessor [ipAddress]
05/08/2026 10:47:53.327 DEBUG o.h.b.i.b.BytecodeProviderImpl - HHH000513: Unable to create the ReflectionOptimizer for [com.NeptuneWebAutheticator.Entity.Token]: private accessor [expirationDate]
05/08/2026 10:47:53.506 INFO  o.h.e.t.j.p.i.JtaPlatformInitiator - HHH000489: No JTA platform available (set 'hibernate.transaction.jta.platform' to enable JTA platform integration)
05/08/2026 10:47:53.511 DEBUG o.h.s.i.SessionFactoryServiceRegistryImpl - EventListenerRegistry access via ServiceRegistry is deprecated - use 'sessionFactory.getEventEngine().getListenerRegistry()' instead
05/08/2026 10:47:53.532 DEBUG o.m.jdbc.client.impl.StandardClient - execute query: select table_name from information_schema.TABLES where table_schema=database() and table_type='SEQUENCE'
05/08/2026 10:47:53.538 DEBUG o.m.jdbc.client.impl.StandardClient - execute query: SELECT TABLE_SCHEMA TABLE_CAT, NULL TABLE_SCHEM, TABLE_NAME,   IF(TABLE_SCHEMA IN ('mysql', 'performance_schema', 'sys'), IF(TABLE_TYPE='BASE TABLE', 'SYSTEM TABLE', IF(TABLE_TYPE='VIEW', 'SYSTEM VIEW', TABLE_TYPE)), IF(TABLE_TYPE='BASE TABLE' or TABLE_TYPE='SYSTEM VERSIONED', 'TABLE', IF(TABLE_TYPE='TEMPORARY', 'LOCAL TEMPORARY', TABLE_TYPE))) as TABLE_TYPE,  TABLE_COMMENT REMARKS, NULL TYPE_CAT, NULL TYPE_SCHEM, NULL TYPE_NAME, NULL SELF_REFERENCING_COL_NAME,  NULL REF_GENERATION FROM INFORMATION_SCHEMA.TABLES WHERE TABLE_SCHEMA='authenticationservice' AND  TABLE_TYPE IN ('BASE TABLE','SYSTEM VERSIONED','VIEW') ORDER BY TABLE_TYPE,TABLE_CAT,TABLE_SCHEMA,TABLE_NAME
05/08/2026 10:47:53.545 DEBUG o.m.jdbc.client.impl.StandardClient - execute query: SELECT TABLE_SCHEMA TABLE_CAT, NULL TABLE_SCHEM, TABLE_NAME, COLUMN_NAME, CASE data_type WHEN 'bit' THEN -7 WHEN 'tinyblob' THEN -3 WHEN 'mediumblob' THEN -4 WHEN 'longblob' THEN -4 WHEN 'blob' THEN -4 WHEN 'tinytext' THEN 12 WHEN 'mediumtext' THEN -1 WHEN 'longtext' THEN -1 WHEN 'text' THEN -1 WHEN 'date' THEN 91 WHEN 'datetime' THEN 93 WHEN 'decimal' THEN 3 WHEN 'double' THEN 8 WHEN 'enum' THEN 12 WHEN 'float' THEN 7 WHEN 'int' THEN IF( COLUMN_TYPE like '%unsigned%', 4,4) WHEN 'bigint' THEN -5 WHEN 'mediumint' THEN 4 WHEN 'null' THEN 0 WHEN 'set' THEN 12 WHEN 'smallint' THEN IF( COLUMN_TYPE like '%unsigned%', 5,5) WHEN 'varchar' THEN 12 WHEN 'varbinary' THEN -3 WHEN 'char' THEN 1 WHEN 'binary' THEN -2 WHEN 'time' THEN 92 WHEN 'timestamp' THEN 93 WHEN 'tinyint' THEN IF(COLUMN_TYPE like 'tinyint(1)%',16,-6)  WHEN 'year' THEN 91 ELSE 1111 END  DATA_TYPE, IF(COLUMN_TYPE like 'tinyint(1)%', 'BOOLEAN',  UCASE(IF( COLUMN_TYPE LIKE '%(%)%', CONCAT(SUBSTRING( COLUMN_TYPE,1, LOCATE('(',COLUMN_TYPE) - 1 ), SUBSTRING(COLUMN_TYPE ,1+locate(')', COLUMN_TYPE))), COLUMN_TYPE))) TYPE_NAME, CASE DATA_TYPE WHEN 'date' THEN 10  WHEN 'time' THEN IF(DATETIME_PRECISION = 0, 10, CAST(11 + DATETIME_PRECISION as signed integer))  WHEN 'datetime' THEN IF(DATETIME_PRECISION = 0, 19, CAST(20 + DATETIME_PRECISION as signed integer))  WHEN 'timestamp' THEN IF(DATETIME_PRECISION = 0, 19, CAST(20 + DATETIME_PRECISION as signed integer))  ELSE   IF(NUMERIC_PRECISION IS NULL, LEAST(CHARACTER_MAXIMUM_LENGTH,2147483647), NUMERIC_PRECISION)  END COLUMN_SIZE, 65535 BUFFER_LENGTH,  CONVERT (CASE DATA_TYPE WHEN 'year' THEN NUMERIC_SCALE WHEN 'tinyint' THEN 0 ELSE NUMERIC_SCALE END, UNSIGNED INTEGER) DECIMAL_DIGITS, 10 NUM_PREC_RADIX, IF(IS_NULLABLE = 'yes',1,0) NULLABLE,COLUMN_COMMENT REMARKS, COLUMN_DEFAULT COLUMN_DEF, 0 SQL_DATA_TYPE, 0 SQL_DATETIME_SUB,   LEAST(CHARACTER_OCTET_LENGTH,2147483647) CHAR_OCTET_LENGTH, ORDINAL_POSITION, IS_NULLABLE, NULL SCOPE_CATALOG, NULL SCOPE_SCHEMA, NULL SCOPE_TABLE, NULL SOURCE_DATA_TYPE, IF(EXTRA = 'auto_increment','YES','NO') IS_AUTOINCREMENT,  IF(EXTRA in ('VIRTUAL', 'PERSISTENT', 'VIRTUAL GENERATED', 'STORED GENERATED') ,'YES','NO') IS_GENERATEDCOLUMN  FROM INFORMATION_SCHEMA.COLUMNS WHERE TABLE_SCHEMA='authenticationservice' ORDER BY TABLE_CAT, TABLE_SCHEM, TABLE_NAME, ORDINAL_POSITION
05/08/2026 10:47:53.562 DEBUG org.hibernate.mapping.Table - No alter strings for table : Machines
05/08/2026 10:47:53.562 DEBUG org.hibernate.mapping.Table - No alter strings for table : Tenants
05/08/2026 10:47:53.562 DEBUG org.hibernate.mapping.Table - No alter strings for table : Token
05/08/2026 10:47:53.563 DEBUG o.m.jdbc.client.impl.StandardClient - execute query: SHOW CREATE TABLE `authenticationservice`.`machines`
05/08/2026 10:47:53.564 DEBUG o.m.jdbc.client.impl.StandardClient - execute query: SHOW CREATE TABLE `authenticationservice`.`tenants`
05/08/2026 10:47:53.566 DEBUG o.m.jdbc.client.impl.StandardClient - execute query: SELECT TABLE_SCHEMA TABLE_CAT, NULL TABLE_SCHEM, TABLE_NAME,   IF(TABLE_SCHEMA IN ('mysql', 'performance_schema', 'sys'), IF(TABLE_TYPE='BASE TABLE', 'SYSTEM TABLE', IF(TABLE_TYPE='VIEW', 'SYSTEM VIEW', TABLE_TYPE)), IF(TABLE_TYPE='BASE TABLE' or TABLE_TYPE='SYSTEM VERSIONED', 'TABLE', IF(TABLE_TYPE='TEMPORARY', 'LOCAL TEMPORARY', TABLE_TYPE))) as TABLE_TYPE,  TABLE_COMMENT REMARKS, NULL TYPE_CAT, NULL TYPE_SCHEM, NULL TYPE_NAME, NULL SELF_REFERENCING_COL_NAME,  NULL REF_GENERATION FROM INFORMATION_SCHEMA.TABLES WHERE TABLE_SCHEMA='authenticationservice' AND TABLE_NAME='tenants' AND  TABLE_TYPE IN ('BASE TABLE','SYSTEM VERSIONED','VIEW') ORDER BY TABLE_TYPE,TABLE_CAT,TABLE_SCHEMA,TABLE_NAME
05/08/2026 10:47:53.567 DEBUG o.m.jdbc.client.impl.StandardClient - execute query: select * from `authenticationservice`.`tenants` where 1=0
05/08/2026 10:47:53.571 DEBUG org.hibernate.orm.factoryRegistry - HHH020384: Registering SessionFactory: 2f01766e-7710-4134-95ac-c23e7e40131e (default)
05/08/2026 10:47:53.571 INFO  o.s.o.j.LocalContainerEntityManagerFactoryBean - Initialized JPA EntityManagerFactory for persistence unit 'default'
05/08/2026 10:47:53.590 DEBUG o.s.b.f.s.DefaultListableBeanFactory - Creating shared instance of singleton bean 'neptuneWebAutheticatorApplication'
05/08/2026 10:47:53.591 DEBUG o.s.b.f.s.DefaultListableBeanFactory - Creating shared instance of singleton bean 'securityConfig'
05/08/2026 10:47:53.592 DEBUG o.s.b.f.s.DefaultListableBeanFactory - Creating shared instance of singleton bean 'authenticationController'
05/08/2026 10:47:53.595 DEBUG o.s.b.f.s.DefaultListableBeanFactory - Creating shared instance of singleton bean 'authenticationServiceImpl'
05/08/2026 10:47:53.597 DEBUG o.s.b.f.s.DefaultListableBeanFactory - Creating shared instance of singleton bean 'tenantRepository'
05/08/2026 10:47:53.603 DEBUG o.s.b.f.s.DefaultListableBeanFactory - Creating shared instance of singleton bean 'jpa.named-queries#2'
05/08/2026 10:47:53.606 DEBUG o.s.b.f.s.DefaultListableBeanFactory - Creating shared instance of singleton bean 'jpa.TenantRepository.fragments#0'
05/08/2026 10:47:53.608 DEBUG o.s.b.f.s.DefaultListableBeanFactory - Creating shared instance of singleton bean 'jpaSharedEM_entityManagerFactory'
05/08/2026 10:47:53.619 DEBUG o.s.b.f.s.DefaultListableBeanFactory - Creating shared instance of singleton bean 'jpaMappingContext'
05/08/2026 10:47:53.620 DEBUG o.s.d.j.r.c.JpaMetamodelMappingContextFactoryBean - Initializing JpaMetamodelMappingContext…
05/08/2026 10:47:53.639 DEBUG o.s.d.j.r.c.JpaMetamodelMappingContextFactoryBean - Finished initializing JpaMetamodelMappingContext
05/08/2026 10:47:53.665 INFO  o.s.d.j.r.q.QueryEnhancerFactories - Hibernate is in classpath; If applicable, HQL parser will be used.
05/08/2026 10:47:53.723 DEBUG o.s.d.r.c.s.RepositoryFactorySupport - Initializing repository instance for com.NeptuneWebAutheticator.Repository.TenantRepository…
05/08/2026 10:47:53.806 DEBUG org.hibernate.session.metrics - HHH000401: Logging session metrics:
	0 ns acquiring 0 JDBC connections
	0 ns releasing 0 JDBC connections
	0 ns preparing 0 JDBC statements
	0 ns executing 0 JDBC statements
	0 ns executing 0 JDBC batches
	0 ns performing 0 second-level cache puts
	0 ns performing 0 second-level cache hits
	0 ns performing 0 second-level cache misses
	0 ns executing 0 flushes (flushing a total of 0 entities and 0 collections)
	0 ns executing 0 pre-partial-flushes
	0 ns executing 0 partial-flushes (flushing a total of 0 entities and 0 collections)

05/08/2026 10:47:53.807 DEBUG o.s.d.j.repository.query.NamedQuery - Did not find named query Tenant.findByUsernameAndPassword.count
05/08/2026 10:47:54.307 DEBUG org.hibernate.session.metrics - HHH000401: Logging session metrics:
	0 ns acquiring 0 JDBC connections
	0 ns releasing 0 JDBC connections
	0 ns preparing 0 JDBC statements
	0 ns executing 0 JDBC statements
	0 ns executing 0 JDBC batches
	0 ns performing 0 second-level cache puts
	0 ns performing 0 second-level cache hits
	0 ns performing 0 second-level cache misses
	0 ns executing 0 flushes (flushing a total of 0 entities and 0 collections)
	0 ns executing 0 pre-partial-flushes
	0 ns executing 0 partial-flushes (flushing a total of 0 entities and 0 collections)

05/08/2026 10:47:54.309 DEBUG org.hibernate.session.metrics - HHH000401: Logging session metrics:
	0 ns acquiring 0 JDBC connections
	0 ns releasing 0 JDBC connections
	0 ns preparing 0 JDBC statements
	0 ns executing 0 JDBC statements
	0 ns executing 0 JDBC batches
	0 ns performing 0 second-level cache puts
	0 ns performing 0 second-level cache hits
	0 ns performing 0 second-level cache misses
	0 ns executing 0 flushes (flushing a total of 0 entities and 0 collections)
	0 ns executing 0 pre-partial-flushes
	0 ns executing 0 partial-flushes (flushing a total of 0 entities and 0 collections)

05/08/2026 10:47:54.309 DEBUG o.s.d.j.repository.query.NamedQuery - Did not find named query Tenant.findByUsername.count
05/08/2026 10:47:54.311 DEBUG org.hibernate.session.metrics - HHH000401: Logging session metrics:
	0 ns acquiring 0 JDBC connections
	0 ns releasing 0 JDBC connections
	0 ns preparing 0 JDBC statements
	0 ns executing 0 JDBC statements
	0 ns executing 0 JDBC batches
	0 ns performing 0 second-level cache puts
	0 ns performing 0 second-level cache hits
	0 ns performing 0 second-level cache misses
	0 ns executing 0 flushes (flushing a total of 0 entities and 0 collections)
	0 ns executing 0 pre-partial-flushes
	0 ns executing 0 partial-flushes (flushing a total of 0 entities and 0 collections)

05/08/2026 10:47:54.313 DEBUG o.s.d.r.c.s.RepositoryFactorySupport - Finished creation of repository instance for com.NeptuneWebAutheticator.Repository.TenantRepository.
05/08/2026 10:47:54.315 DEBUG o.s.b.f.s.DefaultListableBeanFactory - Creating shared instance of singleton bean 'tokenRepository'
05/08/2026 10:47:54.315 DEBUG o.s.b.f.s.DefaultListableBeanFactory - Creating shared instance of singleton bean 'jpa.named-queries#0'
05/08/2026 10:47:54.316 DEBUG o.s.b.f.s.DefaultListableBeanFactory - Creating shared instance of singleton bean 'jpa.TokenRepository.fragments#0'
05/08/2026 10:47:54.319 DEBUG o.s.d.r.c.s.RepositoryFactorySupport - Initializing repository instance for com.NeptuneWebAutheticator.Repository.TokenRepository…
05/08/2026 10:47:54.320 DEBUG org.hibernate.session.metrics - HHH000401: Logging session metrics:
	0 ns acquiring 0 JDBC connections
	0 ns releasing 0 JDBC connections
	0 ns preparing 0 JDBC statements
	0 ns executing 0 JDBC statements
	0 ns executing 0 JDBC batches
	0 ns performing 0 second-level cache puts
	0 ns performing 0 second-level cache hits
	0 ns performing 0 second-level cache misses
	0 ns executing 0 flushes (flushing a total of 0 entities and 0 collections)
	0 ns executing 0 pre-partial-flushes
	0 ns executing 0 partial-flushes (flushing a total of 0 entities and 0 collections)

05/08/2026 10:47:54.322 DEBUG o.s.d.j.repository.query.NamedQuery - Did not find named query Token.findByTenantId.count
05/08/2026 10:47:54.323 DEBUG org.hibernate.session.metrics - HHH000401: Logging session metrics:
	0 ns acquiring 0 JDBC connections
	0 ns releasing 0 JDBC connections
	0 ns preparing 0 JDBC statements
	0 ns executing 0 JDBC statements
	0 ns executing 0 JDBC batches
	0 ns performing 0 second-level cache puts
	0 ns performing 0 second-level cache hits
	0 ns performing 0 second-level cache misses
	0 ns executing 0 flushes (flushing a total of 0 entities and 0 collections)
	0 ns executing 0 pre-partial-flushes
	0 ns executing 0 partial-flushes (flushing a total of 0 entities and 0 collections)

05/08/2026 10:47:54.324 DEBUG org.hibernate.session.metrics - HHH000401: Logging session metrics:
	0 ns acquiring 0 JDBC connections
	0 ns releasing 0 JDBC connections
	0 ns preparing 0 JDBC statements
	0 ns executing 0 JDBC statements
	0 ns executing 0 JDBC batches
	0 ns performing 0 second-level cache puts
	0 ns performing 0 second-level cache hits
	0 ns performing 0 second-level cache misses
	0 ns executing 0 flushes (flushing a total of 0 entities and 0 collections)
	0 ns executing 0 pre-partial-flushes
	0 ns executing 0 partial-flushes (flushing a total of 0 entities and 0 collections)

05/08/2026 10:47:54.324 DEBUG o.s.d.j.repository.query.NamedQuery - Did not find named query Token.findByToken.count
05/08/2026 10:47:54.325 DEBUG org.hibernate.session.metrics - HHH000401: Logging session metrics:
	0 ns acquiring 0 JDBC connections
	0 ns releasing 0 JDBC connections
	0 ns preparing 0 JDBC statements
	0 ns executing 0 JDBC statements
	0 ns executing 0 JDBC batches
	0 ns performing 0 second-level cache puts
	0 ns performing 0 second-level cache hits
	0 ns performing 0 second-level cache misses
	0 ns executing 0 flushes (flushing a total of 0 entities and 0 collections)
	0 ns executing 0 pre-partial-flushes
	0 ns executing 0 partial-flushes (flushing a total of 0 entities and 0 collections)

05/08/2026 10:47:54.327 DEBUG o.s.d.r.c.s.RepositoryFactorySupport - Finished creation of repository instance for com.NeptuneWebAutheticator.Repository.TokenRepository.
05/08/2026 10:47:54.350 DEBUG o.s.b.f.s.DefaultListableBeanFactory - Creating shared instance of singleton bean 'machineController'
05/08/2026 10:47:54.353 DEBUG o.s.b.f.s.DefaultListableBeanFactory - Creating shared instance of singleton bean 'machineServiceImpl'
05/08/2026 10:47:54.353 DEBUG o.s.b.f.s.DefaultListableBeanFactory - Creating shared instance of singleton bean 'machineRepository'
05/08/2026 10:47:54.354 DEBUG o.s.b.f.s.DefaultListableBeanFactory - Creating shared instance of singleton bean 'jpa.named-queries#1'
05/08/2026 10:47:54.355 DEBUG o.s.b.f.s.DefaultListableBeanFactory - Creating shared instance of singleton bean 'jpa.MachineRepository.fragments#0'
05/08/2026 10:47:54.361 DEBUG o.s.d.r.c.s.RepositoryFactorySupport - Initializing repository instance for com.NeptuneWebAutheticator.Repository.MachineRepository…
05/08/2026 10:47:54.362 DEBUG org.hibernate.session.metrics - HHH000401: Logging session metrics:
	0 ns acquiring 0 JDBC connections
	0 ns releasing 0 JDBC connections
	0 ns preparing 0 JDBC statements
	0 ns executing 0 JDBC statements
	0 ns executing 0 JDBC batches
	0 ns performing 0 second-level cache puts
	0 ns performing 0 second-level cache hits
	0 ns performing 0 second-level cache misses
	0 ns executing 0 flushes (flushing a total of 0 entities and 0 collections)
	0 ns executing 0 pre-partial-flushes
	0 ns executing 0 partial-flushes (flushing a total of 0 entities and 0 collections)

05/08/2026 10:47:54.362 DEBUG o.s.d.j.repository.query.NamedQuery - Did not find named query Machine.findByMachineIdAndTenantId.count
05/08/2026 10:47:54.368 DEBUG org.hibernate.session.metrics - HHH000401: Logging session metrics:
	0 ns acquiring 0 JDBC connections
	0 ns releasing 0 JDBC connections
	0 ns preparing 0 JDBC statements
	0 ns executing 0 JDBC statements
	0 ns executing 0 JDBC batches
	0 ns performing 0 second-level cache puts
	0 ns performing 0 second-level cache hits
	0 ns performing 0 second-level cache misses
	0 ns executing 0 flushes (flushing a total of 0 entities and 0 collections)
	0 ns executing 0 pre-partial-flushes
	0 ns executing 0 partial-flushes (flushing a total of 0 entities and 0 collections)

05/08/2026 10:47:54.369 DEBUG org.hibernate.session.metrics - HHH000401: Logging session metrics:
	0 ns acquiring 0 JDBC connections
	0 ns releasing 0 JDBC connections
	0 ns preparing 0 JDBC statements
	0 ns executing 0 JDBC statements
	0 ns executing 0 JDBC batches
	0 ns performing 0 second-level cache puts
	0 ns performing 0 second-level cache hits
	0 ns performing 0 second-level cache misses
	0 ns executing 0 flushes (flushing a total of 0 entities and 0 collections)
	0 ns executing 0 pre-partial-flushes
	0 ns executing 0 partial-flushes (flushing a total of 0 entities and 0 collections)

05/08/2026 10:47:54.369 DEBUG o.s.d.j.repository.query.NamedQuery - Did not find named query Machine.findByTenantId.count
05/08/2026 10:47:54.372 DEBUG org.hibernate.session.metrics - HHH000401: Logging session metrics:
	0 ns acquiring 0 JDBC connections
	0 ns releasing 0 JDBC connections
	0 ns preparing 0 JDBC statements
	0 ns executing 0 JDBC statements
	0 ns executing 0 JDBC batches
	0 ns performing 0 second-level cache puts
	0 ns performing 0 second-level cache hits
	0 ns performing 0 second-level cache misses
	0 ns executing 0 flushes (flushing a total of 0 entities and 0 collections)
	0 ns executing 0 pre-partial-flushes
	0 ns executing 0 partial-flushes (flushing a total of 0 entities and 0 collections)

05/08/2026 10:47:54.375 DEBUG o.s.d.r.c.s.RepositoryFactorySupport - Finished creation of repository instance for com.NeptuneWebAutheticator.Repository.MachineRepository.
05/08/2026 10:47:54.386 DEBUG o.s.b.f.s.DefaultListableBeanFactory - Creating shared instance of singleton bean 'org.springframework.security.config.annotation.configuration.ObjectPostProcessorConfiguration'
05/08/2026 10:47:54.387 DEBUG o.s.b.f.s.DefaultListableBeanFactory - Creating shared instance of singleton bean 'objectPostProcessor'
05/08/2026 10:47:54.387 DEBUG o.s.b.f.s.DefaultListableBeanFactory - Autowiring by type from bean name 'objectPostProcessor' via factory method to bean named 'org.springframework.beans.factory.support.DefaultListableBeanFactory@5e5af8e1'
05/08/2026 10:47:54.389 DEBUG o.s.b.f.s.DefaultListableBeanFactory - Creating shared instance of singleton bean 'org.springframework.security.config.annotation.authentication.configuration.AuthenticationConfiguration'
05/08/2026 10:47:54.391 DEBUG o.s.b.f.s.DefaultListableBeanFactory - Creating shared instance of singleton bean 'enableGlobalAuthenticationAutowiredConfigurer'
05/08/2026 10:47:54.391 DEBUG o.s.b.f.s.DefaultListableBeanFactory - Autowiring by type from bean name 'enableGlobalAuthenticationAutowiredConfigurer' via factory method to bean named 'org.springframework.web.context.support.GenericWebApplicationContext@76889e60'
05/08/2026 10:47:54.392 DEBUG o.s.b.f.s.DefaultListableBeanFactory - Creating shared instance of singleton bean 'initializeUserDetailsBeanManagerConfigurer'
05/08/2026 10:47:54.392 DEBUG o.s.b.f.s.DefaultListableBeanFactory - Autowiring by type from bean name 'initializeUserDetailsBeanManagerConfigurer' via factory method to bean named 'org.springframework.web.context.support.GenericWebApplicationContext@76889e60'
05/08/2026 10:47:54.393 DEBUG o.s.b.f.s.DefaultListableBeanFactory - Creating shared instance of singleton bean 'initializeAuthenticationProviderBeanManagerConfigurer'
05/08/2026 10:47:54.393 DEBUG o.s.b.f.s.DefaultListableBeanFactory - Autowiring by type from bean name 'initializeAuthenticationProviderBeanManagerConfigurer' via factory method to bean named 'org.springframework.web.context.support.GenericWebApplicationContext@76889e60'
05/08/2026 10:47:54.394 DEBUG o.s.b.f.s.DefaultListableBeanFactory - Creating shared instance of singleton bean 'authenticationManagerBuilder'
05/08/2026 10:47:54.395 DEBUG o.s.b.f.s.DefaultListableBeanFactory - Autowiring by type from bean name 'authenticationManagerBuilder' via factory method to bean named 'objectPostProcessor'
05/08/2026 10:47:54.395 DEBUG o.s.b.f.s.DefaultListableBeanFactory - Autowiring by type from bean name 'authenticationManagerBuilder' via factory method to bean named 'org.springframework.web.context.support.GenericWebApplicationContext@76889e60'
05/08/2026 10:47:54.396 DEBUG o.s.b.f.s.DefaultListableBeanFactory - Creating shared instance of singleton bean 'authenticationEventPublisher'
05/08/2026 10:47:54.396 DEBUG o.s.b.f.s.DefaultListableBeanFactory - Creating shared instance of singleton bean 'org.springframework.boot.security.autoconfigure.SecurityAutoConfiguration'
05/08/2026 10:47:54.396 DEBUG o.s.b.f.s.DefaultListableBeanFactory - Autowiring by type from bean name 'authenticationEventPublisher' via factory method to bean named 'org.springframework.web.context.support.GenericWebApplicationContext@76889e60'
05/08/2026 10:47:54.404 DEBUG o.s.b.f.s.DefaultListableBeanFactory - Creating shared instance of singleton bean 'org.springframework.security.config.annotation.web.configuration.WebSecurityConfiguration'
05/08/2026 10:47:54.418 DEBUG o.s.b.f.s.DefaultListableBeanFactory - Creating shared instance of singleton bean 'filterChainDecoratorPostProcessor'
05/08/2026 10:47:54.424 DEBUG o.s.b.f.s.DefaultListableBeanFactory - Creating shared instance of singleton bean 'filterChain'
05/08/2026 10:47:54.425 DEBUG o.s.b.f.s.DefaultListableBeanFactory - Creating shared instance of singleton bean 'org.springframework.security.config.annotation.web.configuration.HttpSecurityConfiguration'
05/08/2026 10:47:54.429 DEBUG o.s.b.f.s.DefaultListableBeanFactory - Creating shared instance of singleton bean 'mvcContentNegotiationManager'
05/08/2026 10:47:54.429 DEBUG o.s.b.f.s.DefaultListableBeanFactory - Creating shared instance of singleton bean 'org.springframework.boot.webmvc.autoconfigure.WebMvcAutoConfiguration$EnableWebMvcConfiguration'
05/08/2026 10:47:54.430 DEBUG o.s.b.f.s.DefaultListableBeanFactory - Creating shared instance of singleton bean 'spring.mvc-org.springframework.boot.webmvc.autoconfigure.WebMvcProperties'
05/08/2026 10:47:54.438 DEBUG o.s.b.f.s.DefaultListableBeanFactory - Creating shared instance of singleton bean 'spring.web-org.springframework.boot.autoconfigure.web.WebProperties'
05/08/2026 10:47:54.445 DEBUG o.s.b.f.s.DefaultListableBeanFactory - Autowiring by type from bean name 'org.springframework.boot.webmvc.autoconfigure.WebMvcAutoConfiguration$EnableWebMvcConfiguration' via constructor to bean named 'spring.mvc-org.springframework.boot.webmvc.autoconfigure.WebMvcProperties'
05/08/2026 10:47:54.445 DEBUG o.s.b.f.s.DefaultListableBeanFactory - Autowiring by type from bean name 'org.springframework.boot.webmvc.autoconfigure.WebMvcAutoConfiguration$EnableWebMvcConfiguration' via constructor to bean named 'spring.web-org.springframework.boot.autoconfigure.web.WebProperties'
05/08/2026 10:47:54.445 DEBUG o.s.b.f.s.DefaultListableBeanFactory - Autowiring by type from bean name 'org.springframework.boot.webmvc.autoconfigure.WebMvcAutoConfiguration$EnableWebMvcConfiguration' via constructor to bean named 'org.springframework.beans.factory.support.DefaultListableBeanFactory@5e5af8e1'
05/08/2026 10:47:54.449 DEBUG o.s.b.f.s.DefaultListableBeanFactory - Creating shared instance of singleton bean 'org.springframework.security.config.annotation.web.configuration.WebMvcSecurityConfiguration'
05/08/2026 10:47:54.451 DEBUG o.s.b.f.s.DefaultListableBeanFactory - Creating shared instance of singleton bean 'org.springframework.boot.webmvc.autoconfigure.WebMvcAutoConfiguration$WebMvcAutoConfigurationAdapter'
05/08/2026 10:47:54.452 DEBUG o.s.b.f.s.DefaultListableBeanFactory - Autowiring by type from bean name 'org.springframework.boot.webmvc.autoconfigure.WebMvcAutoConfiguration$WebMvcAutoConfigurationAdapter' via constructor to bean named 'spring.web-org.springframework.boot.autoconfigure.web.WebProperties'
05/08/2026 10:47:54.452 DEBUG o.s.b.f.s.DefaultListableBeanFactory - Autowiring by type from bean name 'org.springframework.boot.webmvc.autoconfigure.WebMvcAutoConfiguration$WebMvcAutoConfigurationAdapter' via constructor to bean named 'spring.mvc-org.springframework.boot.webmvc.autoconfigure.WebMvcProperties'
05/08/2026 10:47:54.452 DEBUG o.s.b.f.s.DefaultListableBeanFactory - Autowiring by type from bean name 'org.springframework.boot.webmvc.autoconfigure.WebMvcAutoConfiguration$WebMvcAutoConfigurationAdapter' via constructor to bean named 'org.springframework.beans.factory.support.DefaultListableBeanFactory@5e5af8e1'
05/08/2026 10:47:54.455 DEBUG o.s.b.f.s.DefaultListableBeanFactory - Creating shared instance of singleton bean 'org.springframework.data.web.config.SpringDataWebConfiguration'
05/08/2026 10:47:54.456 DEBUG o.s.b.f.s.DefaultListableBeanFactory - Autowiring by type from bean name 'org.springframework.data.web.config.SpringDataWebConfiguration' via constructor to bean named 'org.springframework.web.context.support.GenericWebApplicationContext@76889e60'
05/08/2026 10:47:54.460 DEBUG o.s.b.f.s.DefaultListableBeanFactory - Creating shared instance of singleton bean 'serverConvertersCustomizer'
05/08/2026 10:47:54.460 DEBUG o.s.b.f.s.DefaultListableBeanFactory - Creating shared instance of singleton bean 'org.springframework.boot.http.converter.autoconfigure.HttpMessageConvertersAutoConfiguration'
05/08/2026 10:47:54.463 DEBUG o.s.b.f.s.DefaultListableBeanFactory - Creating shared instance of singleton bean 'stringHttpMessageConverter'
05/08/2026 10:47:54.463 DEBUG o.s.b.f.s.DefaultListableBeanFactory - Creating shared instance of singleton bean 'org.springframework.boot.http.converter.autoconfigure.HttpMessageConvertersAutoConfiguration$StringHttpMessageConverterConfiguration'
05/08/2026 10:47:54.465 DEBUG o.s.b.f.s.DefaultListableBeanFactory - Creating shared instance of singleton bean 'spring.http.converters-org.springframework.boot.http.converter.autoconfigure.HttpMessageConvertersProperties'
05/08/2026 10:47:54.466 DEBUG o.s.b.f.s.DefaultListableBeanFactory - Autowiring by type from bean name 'stringHttpMessageConverter' via factory method to bean named 'spring.http.converters-org.springframework.boot.http.converter.autoconfigure.HttpMessageConvertersProperties'
05/08/2026 10:47:54.469 DEBUG o.s.b.f.s.DefaultListableBeanFactory - Creating shared instance of singleton bean 'jacksonJsonHttpMessageConverter'
05/08/2026 10:47:54.470 DEBUG o.s.b.f.s.DefaultListableBeanFactory - Creating shared instance of singleton bean 'org.springframework.boot.http.converter.autoconfigure.JacksonHttpMessageConvertersConfiguration$JacksonJsonHttpMessageConverterConfiguration'
05/08/2026 10:47:54.470 DEBUG o.s.b.f.s.DefaultListableBeanFactory - Creating shared instance of singleton bean 'jacksonJsonMapper'
05/08/2026 10:47:54.471 DEBUG o.s.b.f.s.DefaultListableBeanFactory - Creating shared instance of singleton bean 'org.springframework.boot.jackson.autoconfigure.JacksonAutoConfiguration'
05/08/2026 10:47:54.471 DEBUG o.s.b.f.s.DefaultListableBeanFactory - Creating shared instance of singleton bean 'problemDetailJsonMapperBuilderCustomizer'
05/08/2026 10:47:54.471 DEBUG o.s.b.f.s.DefaultListableBeanFactory - Creating shared instance of singleton bean 'org.springframework.boot.jackson.autoconfigure.JacksonAutoConfiguration$JsonProblemDetailsConfiguration'
05/08/2026 10:47:54.473 DEBUG o.s.b.f.s.DefaultListableBeanFactory - Creating shared instance of singleton bean 'standardJsonMapperBuilderCustomizer'
05/08/2026 10:47:54.473 DEBUG o.s.b.f.s.DefaultListableBeanFactory - Creating shared instance of singleton bean 'org.springframework.boot.jackson.autoconfigure.JacksonAutoConfiguration$JacksonJsonMapperBuilderCustomizerConfiguration'
05/08/2026 10:47:54.473 DEBUG o.s.b.f.s.DefaultListableBeanFactory - Creating shared instance of singleton bean 'spring.jackson-org.springframework.boot.jackson.autoconfigure.JacksonProperties'
05/08/2026 10:47:54.477 DEBUG o.s.b.f.s.DefaultListableBeanFactory - Autowiring by type from bean name 'standardJsonMapperBuilderCustomizer' via factory method to bean named 'spring.jackson-org.springframework.boot.jackson.autoconfigure.JacksonProperties'
05/08/2026 10:47:54.477 DEBUG o.s.b.f.s.DefaultListableBeanFactory - Creating shared instance of singleton bean 'jackson3GeoModule'
05/08/2026 10:47:54.478 DEBUG o.s.b.f.s.DefaultListableBeanFactory - Creating shared instance of singleton bean 'org.springframework.data.web.config.SpringDataJackson3Configuration'
05/08/2026 10:47:54.478 DEBUG o.s.b.f.s.DefaultListableBeanFactory - Creating shared instance of singleton bean 'springDataWebSettings'
05/08/2026 10:47:54.478 DEBUG o.s.b.f.s.DefaultListableBeanFactory - Creating shared instance of singleton bean 'org.springframework.boot.data.autoconfigure.web.DataWebAutoConfiguration'
05/08/2026 10:47:54.478 DEBUG o.s.b.f.s.DefaultListableBeanFactory - Creating shared instance of singleton bean 'spring.data.web-org.springframework.boot.data.autoconfigure.web.DataWebProperties'
05/08/2026 10:47:54.480 DEBUG o.s.b.f.s.DefaultListableBeanFactory - Autowiring by type from bean name 'org.springframework.boot.data.autoconfigure.web.DataWebAutoConfiguration' via constructor to bean named 'spring.data.web-org.springframework.boot.data.autoconfigure.web.DataWebProperties'
05/08/2026 10:47:54.488 DEBUG o.s.b.f.s.DefaultListableBeanFactory - Creating shared instance of singleton bean 'jackson3pageModule'
05/08/2026 10:47:54.491 DEBUG o.s.b.f.s.DefaultListableBeanFactory - Creating shared instance of singleton bean 'jacksonMixinModule'
05/08/2026 10:47:54.491 DEBUG o.s.b.f.s.DefaultListableBeanFactory - Creating shared instance of singleton bean 'org.springframework.boot.jackson.autoconfigure.JacksonAutoConfiguration$JacksonMixinConfiguration'
05/08/2026 10:47:54.491 DEBUG o.s.b.f.s.DefaultListableBeanFactory - Creating shared instance of singleton bean 'jacksonMixinModuleEntries'
05/08/2026 10:47:54.492 DEBUG o.s.b.f.s.DefaultListableBeanFactory - Autowiring by type from bean name 'jacksonMixinModuleEntries' via factory method to bean named 'org.springframework.web.context.support.GenericWebApplicationContext@76889e60'
05/08/2026 10:47:54.498 DEBUG o.s.b.f.s.DefaultListableBeanFactory - Autowiring by type from bean name 'jacksonMixinModule' via factory method to bean named 'org.springframework.web.context.support.GenericWebApplicationContext@76889e60'
05/08/2026 10:47:54.498 DEBUG o.s.b.f.s.DefaultListableBeanFactory - Autowiring by type from bean name 'jacksonMixinModule' via factory method to bean named 'jacksonMixinModuleEntries'
05/08/2026 10:47:54.500 DEBUG o.s.b.f.s.DefaultListableBeanFactory - Creating shared instance of singleton bean 'jsonComponentModule'
05/08/2026 10:47:54.503 DEBUG o.s.b.f.s.DefaultListableBeanFactory - Autowiring by type from bean name 'jsonMapperBuilder' via factory method to bean named 'problemDetailJsonMapperBuilderCustomizer'
05/08/2026 10:47:54.503 DEBUG o.s.b.f.s.DefaultListableBeanFactory - Autowiring by type from bean name 'jsonMapperBuilder' via factory method to bean named 'standardJsonMapperBuilderCustomizer'
05/08/2026 10:47:54.515 DEBUG o.s.b.f.s.DefaultListableBeanFactory - Autowiring by type from bean name 'jacksonJsonMapper' via factory method to bean named 'jsonMapperBuilder'
05/08/2026 10:47:54.524 DEBUG o.s.b.f.s.DefaultListableBeanFactory - Autowiring by type from bean name 'jacksonJsonHttpMessageConverter' via factory method to bean named 'jacksonJsonMapper'
05/08/2026 10:47:54.571 DEBUG o.s.b.f.s.DefaultListableBeanFactory - Creating shared instance of singleton bean 'inMemoryUserDetailsManager'
05/08/2026 10:47:54.571 DEBUG o.s.b.f.s.DefaultListableBeanFactory - Creating shared instance of singleton bean 'org.springframework.boot.security.autoconfigure.UserDetailsServiceAutoConfiguration'
05/08/2026 10:47:54.571 DEBUG o.s.b.f.s.DefaultListableBeanFactory - Creating shared instance of singleton bean 'spring.security-org.springframework.boot.security.autoconfigure.SecurityProperties'
05/08/2026 10:47:54.572 DEBUG o.s.b.f.s.DefaultListableBeanFactory - Autowiring by type from bean name 'inMemoryUserDetailsManager' via factory method to bean named 'spring.security-org.springframework.boot.security.autoconfigure.SecurityProperties'
05/08/2026 10:47:54.575 DEBUG o.s.b.f.s.DefaultListableBeanFactory - Creating shared instance of singleton bean 'passwordEncoder'
05/08/2026 10:47:54.577 WARN  o.s.b.s.a.UserDetailsServiceAutoConfiguration - 

Using generated security password: 73da2669-91d6-4998-98f6-3ee1affacfb6

This generated password is for development use only. Your security configuration must be updated before running your application in production.

05/08/2026 10:47:54.584 INFO  o.s.s.c.a.a.c.InitializeUserDetailsBeanManagerConfigurer$InitializeUserDetailsManagerConfigurer - Global AuthenticationManager configured with UserDetailsService bean with name inMemoryUserDetailsManager
05/08/2026 10:47:54.607 DEBUG o.s.b.f.s.DefaultListableBeanFactory - Creating shared instance of singleton bean 'mvcPatternParser'
05/08/2026 10:47:54.675 DEBUG o.s.b.f.s.DefaultListableBeanFactory - Autowiring by type from bean name 'filterChain' via factory method to bean named 'org.springframework.security.config.annotation.web.configuration.HttpSecurityConfiguration.httpSecurity'
05/08/2026 10:47:54.682 DEBUG o.s.b.f.s.DefaultListableBeanFactory - Creating shared instance of singleton bean 'webAuthorizationManagerPostProcessor'
05/08/2026 10:47:54.684 DEBUG o.s.b.f.s.DefaultListableBeanFactory - Creating shared instance of singleton bean 'pathPatternRequestMatcherBuilder'
05/08/2026 10:47:54.684 DEBUG o.s.b.f.s.DefaultListableBeanFactory - Creating shared instance of singleton bean 'org.springframework.boot.security.autoconfigure.web.servlet.ServletWebSecurityAutoConfiguration$PathPatternRequestMatcherBuilderConfiguration'
05/08/2026 10:47:54.684 DEBUG o.s.b.f.s.DefaultListableBeanFactory - Creating shared instance of singleton bean 'dispatcherServletRegistration'
05/08/2026 10:47:54.684 DEBUG o.s.b.f.s.DefaultListableBeanFactory - Creating shared instance of singleton bean 'org.springframework.boot.webmvc.autoconfigure.DispatcherServletAutoConfiguration$DispatcherServletRegistrationConfiguration'
05/08/2026 10:47:54.686 DEBUG o.s.b.f.s.DefaultListableBeanFactory - Creating shared instance of singleton bean 'dispatcherServlet'
05/08/2026 10:47:54.686 DEBUG o.s.b.f.s.DefaultListableBeanFactory - Creating shared instance of singleton bean 'org.springframework.boot.webmvc.autoconfigure.DispatcherServletAutoConfiguration$DispatcherServletConfiguration'
05/08/2026 10:47:54.686 DEBUG o.s.b.f.s.DefaultListableBeanFactory - Autowiring by type from bean name 'dispatcherServlet' via factory method to bean named 'spring.mvc-org.springframework.boot.webmvc.autoconfigure.WebMvcProperties'
05/08/2026 10:47:54.696 DEBUG o.s.b.f.s.DefaultListableBeanFactory - Autowiring by type from bean name 'dispatcherServletRegistration' via factory method to bean named 'dispatcherServlet'
05/08/2026 10:47:54.696 DEBUG o.s.b.f.s.DefaultListableBeanFactory - Autowiring by type from bean name 'dispatcherServletRegistration' via factory method to bean named 'spring.mvc-org.springframework.boot.webmvc.autoconfigure.WebMvcProperties'
05/08/2026 10:47:54.699 DEBUG o.s.b.f.s.DefaultListableBeanFactory - Creating shared instance of singleton bean 'multipartConfigElement'
05/08/2026 10:47:54.699 DEBUG o.s.b.f.s.DefaultListableBeanFactory - Creating shared instance of singleton bean 'org.springframework.boot.servlet.autoconfigure.MultipartAutoConfiguration'
05/08/2026 10:47:54.699 DEBUG o.s.b.f.s.DefaultListableBeanFactory - Creating shared instance of singleton bean 'spring.servlet.multipart-org.springframework.boot.servlet.autoconfigure.MultipartProperties'
05/08/2026 10:47:54.702 DEBUG o.s.b.f.s.DefaultListableBeanFactory - Autowiring by type from bean name 'org.springframework.boot.servlet.autoconfigure.MultipartAutoConfiguration' via constructor to bean named 'spring.servlet.multipart-org.springframework.boot.servlet.autoconfigure.MultipartProperties'
05/08/2026 10:47:54.705 DEBUG o.s.b.f.s.DefaultListableBeanFactory - Autowiring by type from bean name 'pathPatternRequestMatcherBuilder' via factory method to bean named 'dispatcherServletRegistration'
05/08/2026 10:47:54.721 DEBUG o.s.b.f.s.DefaultListableBeanFactory - Creating shared instance of singleton bean 'authenticationManagerPostProcessor'
05/08/2026 10:47:54.739 DEBUG o.s.s.web.DefaultSecurityFilterChain - Will secure any request with filters: DisableEncodeUrlFilter, WebAsyncManagerIntegrationFilter, SecurityContextHolderFilter, HeaderWriterFilter, LogoutFilter, RequestCacheAwareFilter, SecurityContextHolderAwareRequestFilter, AnonymousAuthenticationFilter, ExceptionTranslationFilter, AuthorizationFilter
05/08/2026 10:47:54.741 DEBUG o.s.b.f.s.DefaultListableBeanFactory - Creating shared instance of singleton bean 'delegatingApplicationListener'
05/08/2026 10:47:54.742 DEBUG o.s.b.f.s.DefaultListableBeanFactory - Creating shared instance of singleton bean 'springSecurityFilterChain'
05/08/2026 10:47:54.755 DEBUG o.s.b.f.s.DefaultListableBeanFactory - Creating shared instance of singleton bean 'webSecurityExpressionHandler'
05/08/2026 10:47:54.756 DEBUG o.s.b.f.s.DefaultListableBeanFactory - Creating shared instance of singleton bean 'privilegeEvaluator'
05/08/2026 10:47:54.756 DEBUG o.s.b.f.s.DefaultListableBeanFactory - Creating shared instance of singleton bean 'requestDataValueProcessor'
05/08/2026 10:47:54.757 DEBUG o.s.b.f.s.DefaultListableBeanFactory - Creating shared instance of singleton bean 'org.springframework.security.config.annotation.web.configuration.ObservationConfiguration'
05/08/2026 10:47:54.757 DEBUG o.s.b.f.s.DefaultListableBeanFactory - Creating shared instance of singleton bean 'corsConfigurationSource'
05/08/2026 10:47:54.761 DEBUG o.s.b.f.s.DefaultListableBeanFactory - Creating shared instance of singleton bean 'passwordEncoderCustom'
05/08/2026 10:47:54.762 DEBUG o.s.b.f.s.DefaultListableBeanFactory - Creating shared instance of singleton bean 'org.springframework.boot.autoconfigure.context.PropertyPlaceholderAutoConfiguration'
05/08/2026 10:47:54.762 DEBUG o.s.b.f.s.DefaultListableBeanFactory - Creating shared instance of singleton bean 'org.springframework.boot.context.properties.EnableConfigurationPropertiesRegistrar.methodValidationExcludeFilter'
05/08/2026 10:47:54.763 DEBUG o.s.b.f.s.DefaultListableBeanFactory - Creating shared instance of singleton bean 'org.springframework.boot.webmvc.autoconfigure.DispatcherServletAutoConfiguration'
05/08/2026 10:47:54.763 DEBUG o.s.b.f.s.DefaultListableBeanFactory - Creating shared instance of singleton bean 'org.springframework.boot.autoconfigure.task.TaskExecutorConfigurations$SimpleAsyncTaskExecutorBuilderConfiguration'
05/08/2026 10:47:54.764 DEBUG o.s.b.f.s.DefaultListableBeanFactory - Autowiring by type from bean name 'org.springframework.boot.autoconfigure.task.TaskExecutorConfigurations$SimpleAsyncTaskExecutorBuilderConfiguration' via constructor to bean named 'spring.task.execution-org.springframework.boot.autoconfigure.task.TaskExecutionProperties'
05/08/2026 10:47:54.765 DEBUG o.s.b.f.s.DefaultListableBeanFactory - Creating shared instance of singleton bean 'simpleAsyncTaskExecutorBuilder'
05/08/2026 10:47:54.766 DEBUG o.s.b.f.s.DefaultListableBeanFactory - Creating shared instance of singleton bean 'org.springframework.boot.autoconfigure.task.TaskExecutorConfigurations$AsyncConfigurerConfiguration'
05/08/2026 10:47:54.766 DEBUG o.s.b.f.s.DefaultListableBeanFactory - Creating shared instance of singleton bean 'applicationTaskExecutorAsyncConfigurer'
05/08/2026 10:47:54.767 DEBUG o.s.b.f.s.DefaultListableBeanFactory - Autowiring by type from bean name 'applicationTaskExecutorAsyncConfigurer' via factory method to bean named 'org.springframework.beans.factory.support.DefaultListableBeanFactory@5e5af8e1'
05/08/2026 10:47:54.767 DEBUG o.s.b.f.s.DefaultListableBeanFactory - Creating shared instance of singleton bean 'org.springframework.boot.autoconfigure.task.TaskExecutorConfigurations$BootstrapExecutorConfiguration'
05/08/2026 10:47:54.768 DEBUG o.s.b.f.s.DefaultListableBeanFactory - Creating shared instance of singleton bean 'org.springframework.boot.autoconfigure.task.TaskExecutionAutoConfiguration'
05/08/2026 10:47:54.768 DEBUG o.s.b.f.s.DefaultListableBeanFactory - Creating shared instance of singleton bean 'org.springframework.boot.webmvc.autoconfigure.error.ErrorMvcAutoConfiguration$WhitelabelErrorViewConfiguration'
05/08/2026 10:47:54.769 DEBUG o.s.b.f.s.DefaultListableBeanFactory - Creating shared instance of singleton bean 'error'
05/08/2026 10:47:54.770 DEBUG o.s.b.f.s.DefaultListableBeanFactory - Creating shared instance of singleton bean 'beanNameViewResolver'
05/08/2026 10:47:54.770 DEBUG o.s.b.f.s.DefaultListableBeanFactory - Creating shared instance of singleton bean 'org.springframework.boot.webmvc.autoconfigure.error.ErrorMvcAutoConfiguration$DefaultErrorViewResolverConfiguration'
05/08/2026 10:47:54.771 DEBUG o.s.b.f.s.DefaultListableBeanFactory - Autowiring by type from bean name 'org.springframework.boot.webmvc.autoconfigure.error.ErrorMvcAutoConfiguration$DefaultErrorViewResolverConfiguration' via constructor to bean named 'org.springframework.web.context.support.GenericWebApplicationContext@76889e60'
05/08/2026 10:47:54.771 DEBUG o.s.b.f.s.DefaultListableBeanFactory - Autowiring by type from bean name 'org.springframework.boot.webmvc.autoconfigure.error.ErrorMvcAutoConfiguration$DefaultErrorViewResolverConfiguration' via constructor to bean named 'spring.web-org.springframework.boot.autoconfigure.web.WebProperties'
05/08/2026 10:47:54.771 DEBUG o.s.b.f.s.DefaultListableBeanFactory - Creating shared instance of singleton bean 'conventionErrorViewResolver'
05/08/2026 10:47:54.771 DEBUG o.s.b.f.s.DefaultListableBeanFactory - Creating shared instance of singleton bean 'org.springframework.boot.webmvc.autoconfigure.error.ErrorMvcAutoConfiguration'
05/08/2026 10:47:54.772 DEBUG o.s.b.f.s.DefaultListableBeanFactory - Autowiring by type from bean name 'org.springframework.boot.webmvc.autoconfigure.error.ErrorMvcAutoConfiguration' via constructor to bean named 'spring.web-org.springframework.boot.autoconfigure.web.WebProperties'
05/08/2026 10:47:54.772 DEBUG o.s.b.f.s.DefaultListableBeanFactory - Creating shared instance of singleton bean 'errorAttributes'
05/08/2026 10:47:54.774 DEBUG o.s.b.f.s.DefaultListableBeanFactory - Creating shared instance of singleton bean 'basicErrorController'
05/08/2026 10:47:54.774 DEBUG o.s.b.f.s.DefaultListableBeanFactory - Autowiring by type from bean name 'basicErrorController' via factory method to bean named 'errorAttributes'
05/08/2026 10:47:54.777 DEBUG o.s.b.f.s.DefaultListableBeanFactory - Creating shared instance of singleton bean 'errorPageCustomizer'
05/08/2026 10:47:54.777 DEBUG o.s.b.f.s.DefaultListableBeanFactory - Autowiring by type from bean name 'errorPageCustomizer' via factory method to bean named 'dispatcherServletRegistration'
05/08/2026 10:47:54.778 DEBUG o.s.b.f.s.DefaultListableBeanFactory - Creating shared instance of singleton bean 'welcomePageHandlerMapping'
05/08/2026 10:47:54.778 DEBUG o.s.b.f.s.DefaultListableBeanFactory - Creating shared instance of singleton bean 'mvcConversionService'
05/08/2026 10:47:54.786 DEBUG o.s.b.f.s.DefaultListableBeanFactory - Creating shared instance of singleton bean 'mvcResourceUrlProvider'
05/08/2026 10:47:54.788 DEBUG o.s.b.f.s.DefaultListableBeanFactory - Autowiring by type from bean name 'welcomePageHandlerMapping' via factory method to bean named 'org.springframework.web.context.support.GenericWebApplicationContext@76889e60'
05/08/2026 10:47:54.788 DEBUG o.s.b.f.s.DefaultListableBeanFactory - Autowiring by type from bean name 'welcomePageHandlerMapping' via factory method to bean named 'mvcConversionService'
05/08/2026 10:47:54.788 DEBUG o.s.b.f.s.DefaultListableBeanFactory - Autowiring by type from bean name 'welcomePageHandlerMapping' via factory method to bean named 'mvcResourceUrlProvider'
05/08/2026 10:47:54.799 DEBUG o.s.b.f.s.DefaultListableBeanFactory - Creating shared instance of singleton bean 'welcomePageNotAcceptableHandlerMapping'
05/08/2026 10:47:54.799 DEBUG o.s.b.f.s.DefaultListableBeanFactory - Autowiring by type from bean name 'welcomePageNotAcceptableHandlerMapping' via factory method to bean named 'org.springframework.web.context.support.GenericWebApplicationContext@76889e60'
05/08/2026 10:47:54.799 DEBUG o.s.b.f.s.DefaultListableBeanFactory - Autowiring by type from bean name 'welcomePageNotAcceptableHandlerMapping' via factory method to bean named 'mvcConversionService'
05/08/2026 10:47:54.799 DEBUG o.s.b.f.s.DefaultListableBeanFactory - Autowiring by type from bean name 'welcomePageNotAcceptableHandlerMapping' via factory method to bean named 'mvcResourceUrlProvider'
05/08/2026 10:47:54.801 DEBUG o.s.b.f.s.DefaultListableBeanFactory - Creating shared instance of singleton bean 'localeResolver'
05/08/2026 10:47:54.802 DEBUG o.s.b.f.s.DefaultListableBeanFactory - Creating shared instance of singleton bean 'flashMapManager'
05/08/2026 10:47:54.804 DEBUG o.s.b.f.s.DefaultListableBeanFactory - Creating shared instance of singleton bean 'viewNameTranslator'
05/08/2026 10:47:54.805 DEBUG o.s.b.f.s.DefaultListableBeanFactory - Creating shared instance of singleton bean 'mvcValidator'
05/08/2026 10:47:54.807 DEBUG o.s.b.f.s.DefaultListableBeanFactory - Creating shared instance of singleton bean 'requestMappingHandlerMapping'
05/08/2026 10:47:54.808 DEBUG o.s.b.f.s.DefaultListableBeanFactory - Creating shared instance of singleton bean 'mvcApiVersionStrategy'
05/08/2026 10:47:54.812 DEBUG o.s.b.f.s.DefaultListableBeanFactory - Autowiring by type from bean name 'requestMappingHandlerMapping' via factory method to bean named 'mvcContentNegotiationManager'
05/08/2026 10:47:54.812 DEBUG o.s.b.f.s.DefaultListableBeanFactory - Autowiring by type from bean name 'requestMappingHandlerMapping' via factory method to bean named 'mvcApiVersionStrategy'
05/08/2026 10:47:54.812 DEBUG o.s.b.f.s.DefaultListableBeanFactory - Autowiring by type from bean name 'requestMappingHandlerMapping' via factory method to bean named 'mvcConversionService'
05/08/2026 10:47:54.812 DEBUG o.s.b.f.s.DefaultListableBeanFactory - Autowiring by type from bean name 'requestMappingHandlerMapping' via factory method to bean named 'mvcResourceUrlProvider'
05/08/2026 10:47:54.830 DEBUG _.s.w.s.HandlerMapping.Mappings - 
	c.N.C.AuthenticationController:
	{POST [/api/login]}: login(HttpServletRequest,Map)
	{POST [/api/logout]}: logout(HttpServletRequest)
	{GET [/api/getUserRoleAuthenticated]}: getUserRoleAuthenticated(HttpServletRequest)
	{GET [/api/isUserAuthenticate]}: isUserAuthenticate(HttpServletRequest)
05/08/2026 10:47:54.834 DEBUG _.s.w.s.HandlerMapping.Mappings - 
	c.N.C.MachineController:
	{POST [/Machine]}: addMachine(HttpServletRequest,Map)
	{POST [/api/Tenant]}: addTenant(HttpServletRequest,Map)
	{PUT [/api/Tenant]}: updateTenant(HttpServletRequest,Map)
	{GET [/Machine]}: getMachines(HttpServletRequest)
	{DELETE [/Machine]}: deleteMachine(HttpServletRequest,Map)
05/08/2026 10:47:54.837 DEBUG _.s.w.s.HandlerMapping.Mappings - 
	o.s.b.w.a.e.BasicErrorController:
	{ [/error]}: error(HttpServletRequest)
	{ [/error], produces [text/html]}: errorHtml(HttpServletRequest,HttpServletResponse)
05/08/2026 10:47:54.839 DEBUG o.s.w.s.m.m.a.RequestMappingHandlerMapping - 11 mappings in 'requestMappingHandlerMapping'
05/08/2026 10:47:54.841 DEBUG o.s.b.f.s.DefaultListableBeanFactory - Creating shared instance of singleton bean 'mvcUrlPathHelper'
05/08/2026 10:47:54.842 DEBUG o.s.b.f.s.DefaultListableBeanFactory - Creating shared instance of singleton bean 'mvcPathMatcher'
05/08/2026 10:47:54.842 DEBUG o.s.b.f.s.DefaultListableBeanFactory - Creating shared instance of singleton bean 'viewControllerHandlerMapping'
05/08/2026 10:47:54.844 DEBUG o.s.b.f.s.DefaultListableBeanFactory - Autowiring by type from bean name 'viewControllerHandlerMapping' via factory method to bean named 'mvcConversionService'
05/08/2026 10:47:54.844 DEBUG o.s.b.f.s.DefaultListableBeanFactory - Autowiring by type from bean name 'viewControllerHandlerMapping' via factory method to bean named 'mvcResourceUrlProvider'
05/08/2026 10:47:54.844 DEBUG o.s.b.f.s.DefaultListableBeanFactory - Creating shared instance of singleton bean 'beanNameHandlerMapping'
05/08/2026 10:47:54.844 DEBUG o.s.b.f.s.DefaultListableBeanFactory - Autowiring by type from bean name 'beanNameHandlerMapping' via factory method to bean named 'mvcConversionService'
05/08/2026 10:47:54.844 DEBUG o.s.b.f.s.DefaultListableBeanFactory - Autowiring by type from bean name 'beanNameHandlerMapping' via factory method to bean named 'mvcResourceUrlProvider'
05/08/2026 10:47:54.846 DEBUG _.s.w.s.HandlerMapping.Mappings - 'beanNameHandlerMapping' {}
05/08/2026 10:47:54.846 DEBUG o.s.b.f.s.DefaultListableBeanFactory - Creating shared instance of singleton bean 'routerFunctionMapping'
05/08/2026 10:47:54.847 DEBUG o.s.b.f.s.DefaultListableBeanFactory - Autowiring by type from bean name 'routerFunctionMapping' via factory method to bean named 'mvcConversionService'
05/08/2026 10:47:54.847 DEBUG o.s.b.f.s.DefaultListableBeanFactory - Autowiring by type from bean name 'routerFunctionMapping' via factory method to bean named 'mvcResourceUrlProvider'
05/08/2026 10:47:54.847 DEBUG o.s.b.f.s.DefaultListableBeanFactory - Autowiring by type from bean name 'routerFunctionMapping' via factory method to bean named 'mvcApiVersionStrategy'
05/08/2026 10:47:54.852 DEBUG o.s.b.f.s.DefaultListableBeanFactory - Creating shared instance of singleton bean 'resourceHandlerMapping'
05/08/2026 10:47:54.853 DEBUG o.s.b.f.s.DefaultListableBeanFactory - Autowiring by type from bean name 'resourceHandlerMapping' via factory method to bean named 'mvcContentNegotiationManager'
05/08/2026 10:47:54.853 DEBUG o.s.b.f.s.DefaultListableBeanFactory - Autowiring by type from bean name 'resourceHandlerMapping' via factory method to bean named 'mvcConversionService'
05/08/2026 10:47:54.853 DEBUG o.s.b.f.s.DefaultListableBeanFactory - Autowiring by type from bean name 'resourceHandlerMapping' via factory method to bean named 'mvcResourceUrlProvider'
05/08/2026 10:47:54.866 DEBUG _.s.w.s.HandlerMapping.Mappings - 'resourceHandlerMapping' {/webjars/**=ResourceHttpRequestHandler [classpath [META-INF/resources/webjars/]], /**=ResourceHttpRequestHandler [classpath [META-INF/resources/], classpath [resources/], classpath [static/], classpath [public/], ServletContext [/]]}
05/08/2026 10:47:54.866 DEBUG o.s.b.f.s.DefaultListableBeanFactory - Creating shared instance of singleton bean 'defaultServletHandlerMapping'
05/08/2026 10:47:54.867 DEBUG o.s.b.f.s.DefaultListableBeanFactory - Creating shared instance of singleton bean 'requestMappingHandlerAdapter'
05/08/2026 10:47:54.867 DEBUG o.s.b.f.s.DefaultListableBeanFactory - Autowiring by type from bean name 'requestMappingHandlerAdapter' via factory method to bean named 'mvcContentNegotiationManager'
05/08/2026 10:47:54.867 DEBUG o.s.b.f.s.DefaultListableBeanFactory - Autowiring by type from bean name 'requestMappingHandlerAdapter' via factory method to bean named 'mvcConversionService'
05/08/2026 10:47:54.867 DEBUG o.s.b.f.s.DefaultListableBeanFactory - Autowiring by type from bean name 'requestMappingHandlerAdapter' via factory method to bean named 'mvcValidator'
05/08/2026 10:47:54.882 DEBUG o.s.b.f.s.DefaultListableBeanFactory - Creating shared instance of singleton bean 'sortResolver'
05/08/2026 10:47:54.883 DEBUG o.s.b.f.s.DefaultListableBeanFactory - Creating shared instance of singleton bean 'sortCustomizer'
05/08/2026 10:47:54.886 DEBUG o.s.b.f.s.DefaultListableBeanFactory - Creating shared instance of singleton bean 'pageableResolver'
05/08/2026 10:47:54.888 DEBUG o.s.b.f.s.DefaultListableBeanFactory - Creating shared instance of singleton bean 'pageableCustomizer'
05/08/2026 10:47:54.911 DEBUG o.s.w.s.m.m.a.RequestMappingHandlerAdapter - ControllerAdvice beans: 0 @ModelAttribute, 0 @InitBinder, 1 RequestBodyAdvice, 1 ResponseBodyAdvice
05/08/2026 10:47:54.934 DEBUG o.s.b.f.s.DefaultListableBeanFactory - Creating shared instance of singleton bean 'mvcViewResolver'
05/08/2026 10:47:54.934 DEBUG o.s.b.f.s.DefaultListableBeanFactory - Autowiring by type from bean name 'mvcViewResolver' via factory method to bean named 'mvcContentNegotiationManager'
05/08/2026 10:47:54.937 DEBUG o.s.b.f.s.DefaultListableBeanFactory - Creating shared instance of singleton bean 'defaultViewResolver'
05/08/2026 10:47:54.942 DEBUG o.s.b.f.s.DefaultListableBeanFactory - Creating shared instance of singleton bean 'viewResolver'
05/08/2026 10:47:54.942 DEBUG o.s.b.f.s.DefaultListableBeanFactory - Autowiring by type from bean name 'viewResolver' via factory method to bean named 'org.springframework.beans.factory.support.DefaultListableBeanFactory@5e5af8e1'
05/08/2026 10:47:54.944 DEBUG o.s.b.f.s.DefaultListableBeanFactory - Creating shared instance of singleton bean 'viewResolver'
05/08/2026 10:47:54.952 DEBUG o.s.b.f.s.DefaultListableBeanFactory - Creating shared instance of singleton bean 'handlerFunctionAdapter'
05/08/2026 10:47:54.954 DEBUG o.s.b.f.s.DefaultListableBeanFactory - Creating shared instance of singleton bean 'mvcUriComponentsContributor'
05/08/2026 10:47:54.955 DEBUG o.s.b.f.s.DefaultListableBeanFactory - Autowiring by type from bean name 'mvcUriComponentsContributor' via factory method to bean named 'mvcConversionService'
05/08/2026 10:47:54.955 DEBUG o.s.b.f.s.DefaultListableBeanFactory - Autowiring by type from bean name 'mvcUriComponentsContributor' via factory method to bean named 'requestMappingHandlerAdapter'
05/08/2026 10:47:54.957 DEBUG o.s.b.f.s.DefaultListableBeanFactory - Creating shared instance of singleton bean 'httpRequestHandlerAdapter'
05/08/2026 10:47:54.958 DEBUG o.s.b.f.s.DefaultListableBeanFactory - Creating shared instance of singleton bean 'simpleControllerHandlerAdapter'
05/08/2026 10:47:54.958 DEBUG o.s.b.f.s.DefaultListableBeanFactory - Creating shared instance of singleton bean 'handlerExceptionResolver'
05/08/2026 10:47:54.958 DEBUG o.s.b.f.s.DefaultListableBeanFactory - Autowiring by type from bean name 'handlerExceptionResolver' via factory method to bean named 'mvcContentNegotiationManager'
05/08/2026 10:47:54.961 DEBUG o.s.w.s.m.m.a.ExceptionHandlerExceptionResolver - ControllerAdvice beans: 0 @ExceptionHandler, 1 ResponseBodyAdvice
05/08/2026 10:47:54.963 DEBUG o.s.b.f.s.DefaultListableBeanFactory - Creating shared instance of singleton bean 'requestContextFilter'
05/08/2026 10:47:54.964 DEBUG o.s.b.f.s.DefaultListableBeanFactory - Creating shared instance of singleton bean 'org.springframework.boot.webmvc.autoconfigure.WebMvcAutoConfiguration'
05/08/2026 10:47:54.964 DEBUG o.s.b.f.s.DefaultListableBeanFactory - Creating shared instance of singleton bean 'formContentFilter'
05/08/2026 10:47:54.966 DEBUG o.s.b.f.s.DefaultListableBeanFactory - Creating shared instance of singleton bean 'org.springframework.boot.autoconfigure.aop.AopAutoConfiguration$AspectJAutoProxyingConfiguration$CglibAutoProxyConfiguration'
05/08/2026 10:47:54.966 DEBUG o.s.b.f.s.DefaultListableBeanFactory - Creating shared instance of singleton bean 'org.springframework.boot.autoconfigure.aop.AopAutoConfiguration$AspectJAutoProxyingConfiguration'
05/08/2026 10:47:54.966 DEBUG o.s.b.f.s.DefaultListableBeanFactory - Creating shared instance of singleton bean 'org.springframework.boot.autoconfigure.aop.AopAutoConfiguration'
05/08/2026 10:47:54.966 DEBUG o.s.b.f.s.DefaultListableBeanFactory - Creating shared instance of singleton bean 'org.springframework.boot.autoconfigure.availability.ApplicationAvailabilityAutoConfiguration'
05/08/2026 10:47:54.966 DEBUG o.s.b.f.s.DefaultListableBeanFactory - Creating shared instance of singleton bean 'applicationAvailability'
05/08/2026 10:47:54.968 DEBUG o.s.b.f.s.DefaultListableBeanFactory - Creating shared instance of singleton bean 'org.springframework.boot.autoconfigure.context.ConfigurationPropertiesAutoConfiguration'
05/08/2026 10:47:54.968 DEBUG o.s.b.f.s.DefaultListableBeanFactory - Creating shared instance of singleton bean 'org.springframework.boot.autoconfigure.context.LifecycleAutoConfiguration'
05/08/2026 10:47:54.968 DEBUG o.s.b.f.s.DefaultListableBeanFactory - Creating shared instance of singleton bean 'lifecycleProcessor'
05/08/2026 10:47:54.969 DEBUG o.s.b.f.s.DefaultListableBeanFactory - Creating shared instance of singleton bean 'spring.lifecycle-org.springframework.boot.autoconfigure.context.LifecycleProperties'
05/08/2026 10:47:54.970 DEBUG o.s.b.f.s.DefaultListableBeanFactory - Autowiring by type from bean name 'lifecycleProcessor' via factory method to bean named 'spring.lifecycle-org.springframework.boot.autoconfigure.context.LifecycleProperties'
05/08/2026 10:47:54.972 DEBUG o.s.b.f.s.DefaultListableBeanFactory - Creating shared instance of singleton bean 'org.springframework.boot.autoconfigure.info.ProjectInfoAutoConfiguration'
05/08/2026 10:47:54.975 DEBUG o.s.b.f.s.DefaultListableBeanFactory - Creating shared instance of singleton bean 'spring.info-org.springframework.boot.autoconfigure.info.ProjectInfoProperties'
05/08/2026 10:47:54.976 DEBUG o.s.b.f.s.DefaultListableBeanFactory - Autowiring by type from bean name 'org.springframework.boot.autoconfigure.info.ProjectInfoAutoConfiguration' via constructor to bean named 'spring.info-org.springframework.boot.autoconfigure.info.ProjectInfoProperties'
05/08/2026 10:47:54.976 DEBUG o.s.b.f.s.DefaultListableBeanFactory - Creating shared instance of singleton bean 'org.springframework.boot.autoconfigure.ssl.SslAutoConfiguration'
05/08/2026 10:47:54.977 DEBUG o.s.b.f.s.DefaultListableBeanFactory - Creating shared instance of singleton bean 'spring.ssl-org.springframework.boot.autoconfigure.ssl.SslProperties'
05/08/2026 10:47:54.978 DEBUG o.s.b.f.s.DefaultListableBeanFactory - Autowiring by type from bean name 'org.springframework.boot.autoconfigure.ssl.SslAutoConfiguration' via constructor to bean named 'org.springframework.web.context.support.GenericWebApplicationContext@76889e60'
05/08/2026 10:47:54.978 DEBUG o.s.b.f.s.DefaultListableBeanFactory - Autowiring by type from bean name 'org.springframework.boot.autoconfigure.ssl.SslAutoConfiguration' via constructor to bean named 'spring.ssl-org.springframework.boot.autoconfigure.ssl.SslProperties'
05/08/2026 10:47:54.980 DEBUG o.s.b.f.s.DefaultListableBeanFactory - Creating shared instance of singleton bean 'fileWatcher'
05/08/2026 10:47:54.981 DEBUG o.s.b.f.s.DefaultListableBeanFactory - Creating shared instance of singleton bean 'sslPropertiesSslBundleRegistrar'
05/08/2026 10:47:54.982 DEBUG o.s.b.f.s.DefaultListableBeanFactory - Autowiring by type from bean name 'sslPropertiesSslBundleRegistrar' via factory method to bean named 'fileWatcher'
05/08/2026 10:47:54.984 DEBUG o.s.b.f.s.DefaultListableBeanFactory - Creating shared instance of singleton bean 'sslBundleRegistry'
05/08/2026 10:47:54.989 DEBUG o.s.b.f.s.DefaultListableBeanFactory - Creating shared instance of singleton bean 'org.springframework.boot.autoconfigure.task.TaskSchedulingConfigurations$ThreadPoolTaskSchedulerBuilderConfiguration'
05/08/2026 10:47:54.989 DEBUG o.s.b.f.s.DefaultListableBeanFactory - Creating shared instance of singleton bean 'threadPoolTaskSchedulerBuilder'
05/08/2026 10:47:54.990 DEBUG o.s.b.f.s.DefaultListableBeanFactory - Creating shared instance of singleton bean 'spring.task.scheduling-org.springframework.boot.autoconfigure.task.TaskSchedulingProperties'
05/08/2026 10:47:54.991 DEBUG o.s.b.f.s.DefaultListableBeanFactory - Autowiring by type from bean name 'threadPoolTaskSchedulerBuilder' via factory method to bean named 'spring.task.scheduling-org.springframework.boot.autoconfigure.task.TaskSchedulingProperties'
05/08/2026 10:47:54.992 DEBUG o.s.b.f.s.DefaultListableBeanFactory - Creating shared instance of singleton bean 'org.springframework.boot.autoconfigure.task.TaskSchedulingConfigurations$SimpleAsyncTaskSchedulerBuilderConfiguration'
05/08/2026 10:47:54.993 DEBUG o.s.b.f.s.DefaultListableBeanFactory - Autowiring by type from bean name 'org.springframework.boot.autoconfigure.task.TaskSchedulingConfigurations$SimpleAsyncTaskSchedulerBuilderConfiguration' via constructor to bean named 'spring.task.scheduling-org.springframework.boot.autoconfigure.task.TaskSchedulingProperties'
05/08/2026 10:47:54.993 DEBUG o.s.b.f.s.DefaultListableBeanFactory - Creating shared instance of singleton bean 'simpleAsyncTaskSchedulerBuilder'
05/08/2026 10:47:54.995 DEBUG o.s.b.f.s.DefaultListableBeanFactory - Creating shared instance of singleton bean 'org.springframework.boot.autoconfigure.task.TaskSchedulingAutoConfiguration'
05/08/2026 10:47:54.996 DEBUG o.s.b.f.s.DefaultListableBeanFactory - Creating shared instance of singleton bean 'org.springframework.data.web.config.ProjectingArgumentResolverRegistrar'
05/08/2026 10:47:54.996 DEBUG o.s.b.f.s.DefaultListableBeanFactory - Creating shared instance of singleton bean 'offsetResolver'
05/08/2026 10:47:54.997 DEBUG o.s.b.f.s.DefaultListableBeanFactory - Creating shared instance of singleton bean 'org.springframework.boot.transaction.jta.autoconfigure.JtaAutoConfiguration'
05/08/2026 10:47:54.998 DEBUG o.s.b.f.s.DefaultListableBeanFactory - Creating shared instance of singleton bean 'org.springframework.boot.jdbc.autoconfigure.DataSourcePoolMetadataProvidersConfiguration'
05/08/2026 10:47:54.998 DEBUG o.s.b.f.s.DefaultListableBeanFactory - Creating shared instance of singleton bean 'org.springframework.boot.jdbc.autoconfigure.DataSourceAutoConfiguration'
05/08/2026 10:47:54.998 DEBUG o.s.b.f.s.DefaultListableBeanFactory - Creating shared instance of singleton bean 'org.springframework.boot.transaction.autoconfigure.TransactionManagerCustomizationAutoConfiguration'
05/08/2026 10:47:54.998 DEBUG o.s.b.f.s.DefaultListableBeanFactory - Creating shared instance of singleton bean 'platformTransactionManagerCustomizers'
05/08/2026 10:47:54.999 DEBUG o.s.b.f.s.DefaultListableBeanFactory - Creating shared instance of singleton bean 'transactionExecutionListeners'
05/08/2026 10:47:55.000 DEBUG o.s.b.f.s.DefaultListableBeanFactory - Creating shared instance of singleton bean 'spring.transaction-org.springframework.boot.transaction.autoconfigure.TransactionProperties'
05/08/2026 10:47:55.003 DEBUG o.s.b.f.s.DefaultListableBeanFactory - Creating shared instance of singleton bean 'org.springframework.boot.jpa.autoconfigure.JpaBaseConfiguration$PersistenceManagedTypesConfiguration'
05/08/2026 10:47:55.003 DEBUG o.s.b.f.s.DefaultListableBeanFactory - Creating shared instance of singleton bean 'transactionManager'
05/08/2026 10:47:55.015 DEBUG o.s.b.f.s.DefaultListableBeanFactory - Creating shared instance of singleton bean 'org.springframework.boot.hibernate.autoconfigure.HibernateJpaAutoConfiguration'
05/08/2026 10:47:55.016 DEBUG o.s.b.f.s.DefaultListableBeanFactory - Creating shared instance of singleton bean 'org.springframework.boot.data.jpa.autoconfigure.DataJpaRepositoriesAutoConfiguration'
05/08/2026 10:47:55.016 DEBUG o.s.b.f.s.DefaultListableBeanFactory - Creating shared instance of singleton bean 'eagerJpaMetamodelCacheCleanup'
05/08/2026 10:47:55.017 DEBUG o.s.b.f.s.DefaultListableBeanFactory - Creating shared instance of singleton bean 'org.springframework.data.jpa.util.JpaMetamodelCacheCleanup'
05/08/2026 10:47:55.017 DEBUG o.s.b.f.s.DefaultListableBeanFactory - Creating shared instance of singleton bean 'org.springframework.data.jpa.repository.support.JpaEvaluationContextExtension'
05/08/2026 10:47:55.018 DEBUG o.s.b.f.s.DefaultListableBeanFactory - Creating shared instance of singleton bean 'data-jpa.repository-aot-processor#0'
05/08/2026 10:47:55.024 DEBUG o.s.b.f.s.DefaultListableBeanFactory - Creating shared instance of singleton bean 'org.springframework.boot.http.converter.autoconfigure.JacksonHttpMessageConvertersConfiguration'
05/08/2026 10:47:55.025 DEBUG o.s.b.f.s.DefaultListableBeanFactory - Creating shared instance of singleton bean 'org.springframework.boot.http.converter.autoconfigure.Jackson2HttpMessageConvertersConfiguration'
05/08/2026 10:47:55.025 DEBUG o.s.b.f.s.DefaultListableBeanFactory - Creating shared instance of singleton bean 'clientConvertersCustomizer'
05/08/2026 10:47:55.027 DEBUG o.s.b.f.s.DefaultListableBeanFactory - Creating shared instance of singleton bean 'org.springframework.boot.jdbc.autoconfigure.JdbcTemplateConfiguration'
05/08/2026 10:47:55.027 DEBUG o.s.b.f.s.DefaultListableBeanFactory - Creating shared instance of singleton bean 'jdbcTemplate'
05/08/2026 10:47:55.028 DEBUG o.s.b.f.s.DefaultListableBeanFactory - Creating shared instance of singleton bean 'spring.jdbc-org.springframework.boot.jdbc.autoconfigure.JdbcProperties'
05/08/2026 10:47:55.028 DEBUG o.s.b.f.s.DefaultListableBeanFactory - Autowiring by type from bean name 'jdbcTemplate' via factory method to bean named 'dataSource'
05/08/2026 10:47:55.028 DEBUG o.s.b.f.s.DefaultListableBeanFactory - Autowiring by type from bean name 'jdbcTemplate' via factory method to bean named 'spring.jdbc-org.springframework.boot.jdbc.autoconfigure.JdbcProperties'
05/08/2026 10:47:55.036 DEBUG o.s.b.f.s.DefaultListableBeanFactory - Creating shared instance of singleton bean 'org.springframework.boot.jdbc.autoconfigure.NamedParameterJdbcTemplateConfiguration'
05/08/2026 10:47:55.036 DEBUG o.s.b.f.s.DefaultListableBeanFactory - Creating shared instance of singleton bean 'namedParameterJdbcTemplate'
05/08/2026 10:47:55.036 DEBUG o.s.b.f.s.DefaultListableBeanFactory - Autowiring by type from bean name 'namedParameterJdbcTemplate' via factory method to bean named 'jdbcTemplate'
05/08/2026 10:47:55.040 DEBUG o.s.b.f.s.DefaultListableBeanFactory - Creating shared instance of singleton bean 'org.springframework.boot.jdbc.autoconfigure.JdbcTemplateAutoConfiguration'
05/08/2026 10:47:55.040 DEBUG o.s.b.f.s.DefaultListableBeanFactory - Creating shared instance of singleton bean 'org.springframework.boot.jdbc.autoconfigure.JdbcClientAutoConfiguration'
05/08/2026 10:47:55.041 DEBUG o.s.b.f.s.DefaultListableBeanFactory - Creating shared instance of singleton bean 'jdbcClient'
05/08/2026 10:47:55.041 DEBUG o.s.b.f.s.DefaultListableBeanFactory - Autowiring by type from bean name 'jdbcClient' via factory method to bean named 'namedParameterJdbcTemplate'
05/08/2026 10:47:55.043 DEBUG o.s.b.f.s.DefaultListableBeanFactory - Creating shared instance of singleton bean 'org.springframework.boot.persistence.autoconfigure.PersistenceExceptionTranslationAutoConfiguration'
05/08/2026 10:47:55.043 DEBUG o.s.b.f.s.DefaultListableBeanFactory - Creating shared instance of singleton bean 'org.springframework.boot.security.autoconfigure.web.servlet.ServletWebSecurityAutoConfiguration'
05/08/2026 10:47:55.043 DEBUG o.s.b.f.s.DefaultListableBeanFactory - Creating shared instance of singleton bean 'org.springframework.boot.security.autoconfigure.web.servlet.SecurityFilterAutoConfiguration'
05/08/2026 10:47:55.044 DEBUG o.s.b.f.s.DefaultListableBeanFactory - Creating shared instance of singleton bean 'securityFilterChainRegistration'
05/08/2026 10:47:55.044 DEBUG o.s.b.f.s.DefaultListableBeanFactory - Creating shared instance of singleton bean 'spring.security.filter-org.springframework.boot.security.autoconfigure.web.servlet.SecurityFilterProperties'
05/08/2026 10:47:55.046 DEBUG o.s.b.f.s.DefaultListableBeanFactory - Autowiring by type from bean name 'securityFilterChainRegistration' via factory method to bean named 'spring.security.filter-org.springframework.boot.security.autoconfigure.web.servlet.SecurityFilterProperties'
05/08/2026 10:47:55.049 DEBUG o.s.b.f.s.DefaultListableBeanFactory - Creating shared instance of singleton bean 'org.springframework.boot.servlet.autoconfigure.HttpEncodingAutoConfiguration'
05/08/2026 10:47:55.050 DEBUG o.s.b.f.s.DefaultListableBeanFactory - Creating shared instance of singleton bean 'characterEncodingFilter'
05/08/2026 10:47:55.050 DEBUG o.s.b.f.s.DefaultListableBeanFactory - Creating shared instance of singleton bean 'spring.servlet.encoding-org.springframework.boot.servlet.autoconfigure.ServletEncodingProperties'
05/08/2026 10:47:55.051 DEBUG o.s.b.f.s.DefaultListableBeanFactory - Autowiring by type from bean name 'characterEncodingFilter' via factory method to bean named 'spring.servlet.encoding-org.springframework.boot.servlet.autoconfigure.ServletEncodingProperties'
05/08/2026 10:47:55.052 DEBUG o.s.b.f.s.DefaultListableBeanFactory - Creating shared instance of singleton bean 'multipartResolver'
05/08/2026 10:47:55.054 DEBUG o.s.b.f.s.DefaultListableBeanFactory - Creating shared instance of singleton bean 'org.springframework.boot.web.server.autoconfigure.servlet.ServletWebServerConfiguration'
05/08/2026 10:47:55.054 DEBUG o.s.b.f.s.DefaultListableBeanFactory - Creating shared instance of singleton bean 'servletWebServerFactoryCustomizer'
05/08/2026 10:47:55.055 DEBUG o.s.b.f.s.DefaultListableBeanFactory - Creating shared instance of singleton bean 'server-org.springframework.boot.web.server.autoconfigure.ServerProperties'
05/08/2026 10:47:55.063 DEBUG o.s.b.f.s.DefaultListableBeanFactory - Autowiring by type from bean name 'servletWebServerFactoryCustomizer' via factory method to bean named 'server-org.springframework.boot.web.server.autoconfigure.ServerProperties'
05/08/2026 10:47:55.065 DEBUG o.s.b.f.s.DefaultListableBeanFactory - Creating shared instance of singleton bean 'org.springframework.boot.tomcat.autoconfigure.servlet.TomcatServletWebServerAutoConfiguration'
05/08/2026 10:47:55.066 DEBUG o.s.b.f.s.DefaultListableBeanFactory - Creating shared instance of singleton bean 'server.tomcat-org.springframework.boot.tomcat.autoconfigure.TomcatServerProperties'
05/08/2026 10:47:55.069 DEBUG o.s.b.f.s.DefaultListableBeanFactory - Autowiring by type from bean name 'org.springframework.boot.tomcat.autoconfigure.servlet.TomcatServletWebServerAutoConfiguration' via constructor to bean named 'server.tomcat-org.springframework.boot.tomcat.autoconfigure.TomcatServerProperties'
05/08/2026 10:47:55.069 DEBUG o.s.b.f.s.DefaultListableBeanFactory - Creating shared instance of singleton bean 'tomcatServletWebServerFactory'
05/08/2026 10:47:55.090 DEBUG o.s.b.f.s.DefaultListableBeanFactory - Creating shared instance of singleton bean 'tomcatServletWebServerFactoryCustomizer'
05/08/2026 10:47:55.091 DEBUG o.s.b.f.s.DefaultListableBeanFactory - Autowiring by type from bean name 'tomcatServletWebServerFactoryCustomizer' via factory method to bean named 'server.tomcat-org.springframework.boot.tomcat.autoconfigure.TomcatServerProperties'
05/08/2026 10:47:55.098 DEBUG o.s.b.f.s.DefaultListableBeanFactory - Creating shared instance of singleton bean 'org.springframework.boot.jdbc.autoconfigure.DataSourceTransactionManagerAutoConfiguration$JdbcTransactionManagerConfiguration'
05/08/2026 10:47:55.099 DEBUG o.s.b.f.s.DefaultListableBeanFactory - Creating shared instance of singleton bean 'org.springframework.boot.jdbc.autoconfigure.DataSourceTransactionManagerAutoConfiguration'
05/08/2026 10:47:55.099 DEBUG o.s.b.f.s.DefaultListableBeanFactory - Creating shared instance of singleton bean 'org.springframework.boot.transaction.autoconfigure.TransactionAutoConfiguration$EnableTransactionManagementConfiguration$CglibAutoProxyConfiguration'
05/08/2026 10:47:55.100 DEBUG o.s.b.f.s.DefaultListableBeanFactory - Creating shared instance of singleton bean 'org.springframework.boot.transaction.autoconfigure.TransactionAutoConfiguration$EnableTransactionManagementConfiguration'
05/08/2026 10:47:55.100 DEBUG o.s.b.f.s.DefaultListableBeanFactory - Creating shared instance of singleton bean 'org.springframework.boot.transaction.autoconfigure.TransactionAutoConfiguration$TransactionTemplateConfiguration'
05/08/2026 10:47:55.100 DEBUG o.s.b.f.s.DefaultListableBeanFactory - Creating shared instance of singleton bean 'transactionTemplate'
05/08/2026 10:47:55.100 DEBUG o.s.b.f.s.DefaultListableBeanFactory - Autowiring by type from bean name 'transactionTemplate' via factory method to bean named 'transactionManager'
05/08/2026 10:47:55.101 DEBUG o.s.b.f.s.DefaultListableBeanFactory - Creating shared instance of singleton bean 'org.springframework.boot.transaction.autoconfigure.TransactionAutoConfiguration'
05/08/2026 10:47:55.111 DEBUG o.s.c.s.DefaultLifecycleProcessor - Starting beans in phase -2147483647
05/08/2026 10:47:55.111 DEBUG o.s.c.s.DefaultLifecycleProcessor - Successfully started bean 'springBootLoggingLifecycle'
05/08/2026 10:47:55.111 DEBUG o.s.c.s.DefaultLifecycleProcessor - Starting beans in phase 1073741823
05/08/2026 10:47:55.119 DEBUG o.s.b.a.l.ConditionEvaluationReportLogger - 


============================
CONDITIONS EVALUATION REPORT
============================


Positive matches:
-----------------

   AopAutoConfiguration matched:
      - @ConditionalOnBooleanProperty (spring.aop.auto=true) matched (OnPropertyCondition)

   AopAutoConfiguration.AspectJAutoProxyingConfiguration matched:
      - @ConditionalOnClass found required class 'org.aspectj.weaver.Advice' (OnClassCondition)

   AopAutoConfiguration.AspectJAutoProxyingConfiguration.CglibAutoProxyConfiguration matched:
      - @ConditionalOnBooleanProperty (spring.aop.proxy-target-class=true) matched (OnPropertyCondition)

   ApplicationAvailabilityAutoConfiguration#applicationAvailability matched:
      - @ConditionalOnMissingBean (types: org.springframework.boot.availability.ApplicationAvailability; SearchStrategy: all) did not find any beans (OnBeanCondition)

   DataJpaRepositoriesAutoConfiguration matched:
      - @ConditionalOnClass found required class 'org.springframework.data.jpa.repository.JpaRepository' (OnClassCondition)
      - @ConditionalOnBooleanProperty (spring.data.jpa.repositories.enabled=true) matched (OnPropertyCondition)
      - @ConditionalOnBean (types: javax.sql.DataSource; SearchStrategy: all) found bean 'dataSource'; @ConditionalOnMissingBean (types: org.springframework.data.jpa.repository.support.JpaRepositoryFactoryBean,org.springframework.data.jpa.repository.config.JpaRepositoryConfigExtension; SearchStrategy: all) did not find any beans (OnBeanCondition)

   DataSourceAutoConfiguration matched:
      - @ConditionalOnClass found required classes 'javax.sql.DataSource', 'org.springframework.jdbc.datasource.embedded.EmbeddedDatabaseType' (OnClassCondition)
      - @ConditionalOnMissingBean (types: ?; SearchStrategy: all) did not find any beans (OnBeanCondition)

   DataSourceAutoConfiguration.PooledDataSourceConfiguration matched:
      - AnyNestedCondition 1 matched 1 did not; NestedCondition on DataSourceAutoConfiguration.PooledDataSourceCondition.PooledDataSourceAvailable PooledDataSource found supported DataSource; NestedCondition on DataSourceAutoConfiguration.PooledDataSourceCondition.ExplicitType @ConditionalOnProperty (spring.datasource.type) did not find property 'spring.datasource.type' (DataSourceAutoConfiguration.PooledDataSourceCondition)
      - @ConditionalOnMissingBean (types: javax.sql.DataSource,javax.sql.XADataSource; SearchStrategy: all) did not find any beans (OnBeanCondition)

   DataSourceAutoConfiguration.PooledDataSourceConfiguration#jdbcConnectionDetails matched:
      - @ConditionalOnMissingBean (types: org.springframework.boot.jdbc.autoconfigure.JdbcConnectionDetails; SearchStrategy: all) did not find any beans (OnBeanCondition)

   DataSourceConfiguration.Hikari matched:
      - @ConditionalOnClass found required class 'com.zaxxer.hikari.HikariDataSource' (OnClassCondition)
      - @ConditionalOnProperty (spring.datasource.type=com.zaxxer.hikari.HikariDataSource) matched (OnPropertyCondition)
      - @ConditionalOnMissingBean (types: javax.sql.DataSource; SearchStrategy: all) did not find any beans (OnBeanCondition)

   DataSourceInitializationAutoConfiguration matched:
      - @ConditionalOnClass found required class 'org.springframework.jdbc.datasource.init.DatabasePopulator' (OnClassCondition)
      - SQL InitializationDatabase Initialization default value is EMBEDDED (OnSqlInitializationCondition)
      - @ConditionalOnSingleCandidate (types: javax.sql.DataSource; SearchStrategy: all) found a single bean 'dataSource'; @ConditionalOnMissingBean (types: org.springframework.boot.sql.autoconfigure.init.ApplicationScriptDatabaseInitializer; SearchStrategy: all) did not find any beans (OnBeanCondition)

   DataSourcePoolMetadataProvidersConfiguration.HikariPoolDataSourceMetadataProviderConfiguration matched:
      - @ConditionalOnClass found required class 'com.zaxxer.hikari.HikariDataSource' (OnClassCondition)

   DataSourceTransactionManagerAutoConfiguration matched:
      - @ConditionalOnClass found required classes 'javax.sql.DataSource', 'org.springframework.jdbc.core.JdbcTemplate', 'org.springframework.transaction.TransactionManager' (OnClassCondition)

   DataSourceTransactionManagerAutoConfiguration.JdbcTransactionManagerConfiguration matched:
      - @ConditionalOnSingleCandidate (types: javax.sql.DataSource; SearchStrategy: all) found a single bean 'dataSource' (OnBeanCondition)

   DataWebAutoConfiguration matched:
      - @ConditionalOnClass found required classes 'org.springframework.data.web.PageableHandlerMethodArgumentResolver', 'org.springframework.web.servlet.config.annotation.WebMvcConfigurer' (OnClassCondition)
      - found 'session' scope (OnWebApplicationCondition)
      - @ConditionalOnMissingBean (types: org.springframework.data.web.PageableHandlerMethodArgumentResolver; SearchStrategy: all) did not find any beans (OnBeanCondition)

   DataWebAutoConfiguration#pageableCustomizer matched:
      - @ConditionalOnMissingBean (types: org.springframework.data.web.config.PageableHandlerMethodArgumentResolverCustomizer; SearchStrategy: all) did not find any beans (OnBeanCondition)

   DataWebAutoConfiguration#sortCustomizer matched:
      - @ConditionalOnMissingBean (types: org.springframework.data.web.config.SortHandlerMethodArgumentResolverCustomizer; SearchStrategy: all) did not find any beans (OnBeanCondition)

   DataWebAutoConfiguration#springDataWebSettings matched:
      - @ConditionalOnMissingBean (types: org.springframework.data.web.config.SpringDataWebSettings; SearchStrategy: all) did not find any beans (OnBeanCondition)

   DispatcherServletAutoConfiguration matched:
      - @ConditionalOnClass found required class 'org.springframework.web.servlet.DispatcherServlet' (OnClassCondition)
      - found 'session' scope (OnWebApplicationCondition)

   DispatcherServletAutoConfiguration.DispatcherServletConfiguration matched:
      - @ConditionalOnClass found required class 'jakarta.servlet.ServletRegistration' (OnClassCondition)
      - Default DispatcherServlet did not find dispatcher servlet beans (DispatcherServletAutoConfiguration.DefaultDispatcherServletCondition)

   DispatcherServletAutoConfiguration.DispatcherServletRegistrationConfiguration matched:
      - @ConditionalOnClass found required class 'jakarta.servlet.ServletRegistration' (OnClassCondition)
      - DispatcherServlet Registration did not find servlet registration bean (DispatcherServletAutoConfiguration.DispatcherServletRegistrationCondition)

   DispatcherServletAutoConfiguration.DispatcherServletRegistrationConfiguration#dispatcherServletRegistration matched:
      - @ConditionalOnBean (names: dispatcherServlet types: org.springframework.web.servlet.DispatcherServlet; SearchStrategy: all) found bean 'dispatcherServlet' (OnBeanCondition)

   ErrorMvcAutoConfiguration matched:
      - @ConditionalOnClass found required classes 'jakarta.servlet.Servlet', 'org.springframework.web.servlet.DispatcherServlet' (OnClassCondition)
      - found 'session' scope (OnWebApplicationCondition)

   ErrorMvcAutoConfiguration#basicErrorController matched:
      - @ConditionalOnMissingBean (types: org.springframework.boot.webmvc.error.ErrorController; SearchStrategy: current) did not find any beans (OnBeanCondition)

   ErrorMvcAutoConfiguration#errorAttributes matched:
      - @ConditionalOnMissingBean (types: org.springframework.boot.webmvc.error.ErrorAttributes; SearchStrategy: current) did not find any beans (OnBeanCondition)

   ErrorMvcAutoConfiguration.DefaultErrorViewResolverConfiguration#conventionErrorViewResolver matched:
      - @ConditionalOnBean (types: org.springframework.web.servlet.DispatcherServlet; SearchStrategy: all) found bean 'dispatcherServlet'; @ConditionalOnMissingBean (types: org.springframework.boot.webmvc.autoconfigure.error.ErrorViewResolver; SearchStrategy: all) did not find any beans (OnBeanCondition)

   ErrorMvcAutoConfiguration.WhitelabelErrorViewConfiguration matched:
      - @ConditionalOnBooleanProperty (spring.web.error.whitelabel.enabled=true) matched (OnPropertyCondition)
      - ErrorTemplate Missing did not find error template view (ErrorMvcAutoConfiguration.ErrorTemplateMissingCondition)

   ErrorMvcAutoConfiguration.WhitelabelErrorViewConfiguration#beanNameViewResolver matched:
      - @ConditionalOnMissingBean (types: org.springframework.web.servlet.view.BeanNameViewResolver; SearchStrategy: all) did not find any beans (OnBeanCondition)

   ErrorMvcAutoConfiguration.WhitelabelErrorViewConfiguration#defaultErrorView matched:
      - @ConditionalOnMissingBean (names: error; SearchStrategy: all) did not find any beans (OnBeanCondition)

   HibernateJpaAutoConfiguration matched:
      - @ConditionalOnClass found required classes 'org.springframework.orm.jpa.LocalContainerEntityManagerFactoryBean', 'jakarta.persistence.EntityManager', 'org.hibernate.engine.spi.SessionImplementor' (OnClassCondition)

   HibernateJpaConfiguration matched:
      - @ConditionalOnSingleCandidate (types: javax.sql.DataSource; SearchStrategy: all) found a single bean 'dataSource' (OnBeanCondition)

   HttpEncodingAutoConfiguration matched:
      - @ConditionalOnClass found required class 'org.springframework.web.filter.CharacterEncodingFilter' (OnClassCondition)
      - found 'session' scope (OnWebApplicationCondition)
      - @ConditionalOnBooleanProperty (spring.servlet.encoding.enabled=true) matched (OnPropertyCondition)

   HttpEncodingAutoConfiguration#characterEncodingFilter matched:
      - @ConditionalOnMissingBean (types: org.springframework.web.filter.CharacterEncodingFilter; SearchStrategy: all) did not find any beans (OnBeanCondition)

   HttpMessageConvertersAutoConfiguration matched:
      - @ConditionalOnClass found required class 'org.springframework.http.converter.HttpMessageConverter' (OnClassCondition)
      - NoneNestedConditions 0 matched 1 did not; NestedCondition on HttpMessageConvertersAutoConfiguration.NotReactiveWebApplicationCondition.ReactiveWebApplication did not find reactive web application classes (HttpMessageConvertersAutoConfiguration.NotReactiveWebApplicationCondition)

   HttpMessageConvertersAutoConfiguration.StringHttpMessageConverterConfiguration matched:
      - @ConditionalOnClass found required class 'org.springframework.http.converter.StringHttpMessageConverter' (OnClassCondition)

   HttpMessageConvertersAutoConfiguration.StringHttpMessageConverterConfiguration#stringHttpMessageConverter matched:
      - @ConditionalOnMissingBean (types: org.springframework.http.converter.StringHttpMessageConverter; SearchStrategy: all) did not find any beans (OnBeanCondition)

   JacksonAutoConfiguration matched:
      - @ConditionalOnClass found required class 'tools.jackson.databind.json.JsonMapper' (OnClassCondition)

   JacksonAutoConfiguration#jacksonJsonMapper matched:
      - @ConditionalOnMissingBean (types: tools.jackson.databind.json.JsonMapper; SearchStrategy: all) did not find any beans (OnBeanCondition)

   JacksonAutoConfiguration#jsonMapperBuilder matched:
      - @ConditionalOnMissingBean (types: tools.jackson.databind.json.JsonMapper$Builder; SearchStrategy: all) did not find any beans (OnBeanCondition)

   JacksonAutoConfiguration.JsonProblemDetailsConfiguration matched:
      - @ConditionalOnClass found required class 'org.springframework.http.ProblemDetail' (OnClassCondition)

   JacksonHttpMessageConvertersConfiguration.JacksonJsonHttpMessageConverterConfiguration matched:
      - @ConditionalOnClass found required class 'tools.jackson.databind.json.JsonMapper' (OnClassCondition)
      - @ConditionalOnProperty (spring.http.converters.preferred-json-mapper=jackson) matched (OnPropertyCondition)
      - @ConditionalOnBean (types: tools.jackson.databind.json.JsonMapper; SearchStrategy: all) found bean 'jacksonJsonMapper' (OnBeanCondition)

   JacksonHttpMessageConvertersConfiguration.JacksonJsonHttpMessageConverterConfiguration#jacksonJsonHttpMessageConverter matched:
      - @ConditionalOnMissingBean (types: org.springframework.http.converter.json.JacksonJsonHttpMessageConverter ignored: ?; SearchStrategy: all) did not find any beans (OnBeanCondition)

   JdbcClientAutoConfiguration matched:
      - @ConditionalOnSingleCandidate (types: org.springframework.jdbc.core.namedparam.NamedParameterJdbcTemplate; SearchStrategy: all) found a single bean 'namedParameterJdbcTemplate'; @ConditionalOnMissingBean (types: org.springframework.jdbc.core.simple.JdbcClient; SearchStrategy: all) did not find any beans (OnBeanCondition)

   JdbcTemplateAutoConfiguration matched:
      - @ConditionalOnClass found required classes 'javax.sql.DataSource', 'org.springframework.jdbc.core.JdbcTemplate' (OnClassCondition)
      - @ConditionalOnSingleCandidate (types: javax.sql.DataSource; SearchStrategy: all) found a single bean 'dataSource' (OnBeanCondition)

   JdbcTemplateConfiguration matched:
      - @ConditionalOnMissingBean (types: org.springframework.jdbc.core.JdbcOperations; SearchStrategy: all) did not find any beans (OnBeanCondition)

   JpaBaseConfiguration#entityManagerFactory matched:
      - @ConditionalOnMissingBean (types: org.springframework.orm.jpa.LocalContainerEntityManagerFactoryBean,jakarta.persistence.EntityManagerFactory; SearchStrategy: all) did not find any beans (OnBeanCondition)

   JpaBaseConfiguration#entityManagerFactoryBuilder matched:
      - @ConditionalOnMissingBean (types: org.springframework.boot.jpa.EntityManagerFactoryBuilder; SearchStrategy: all) did not find any beans (OnBeanCondition)

   JpaBaseConfiguration#jpaVendorAdapter matched:
      - @ConditionalOnMissingBean (types: org.springframework.orm.jpa.JpaVendorAdapter; SearchStrategy: all) did not find any beans (OnBeanCondition)

   JpaBaseConfiguration#transactionManager matched:
      - @ConditionalOnMissingBean (types: org.springframework.transaction.TransactionManager; SearchStrategy: all) did not find any beans (OnBeanCondition)

   JpaBaseConfiguration.PersistenceManagedTypesConfiguration matched:
      - @ConditionalOnMissingBean (types: org.springframework.orm.jpa.LocalContainerEntityManagerFactoryBean,jakarta.persistence.EntityManagerFactory; SearchStrategy: all) did not find any beans (OnBeanCondition)

   JpaBaseConfiguration.PersistenceManagedTypesConfiguration#persistenceManagedTypes matched:
      - @ConditionalOnMissingBean (types: org.springframework.orm.jpa.persistenceunit.PersistenceManagedTypes; SearchStrategy: all) did not find any beans (OnBeanCondition)

   JtaAutoConfiguration matched:
      - @ConditionalOnClass found required class 'jakarta.transaction.Transaction' (OnClassCondition)
      - @ConditionalOnBooleanProperty (spring.jta.enabled=true) matched (OnPropertyCondition)

   LifecycleAutoConfiguration#defaultLifecycleProcessor matched:
      - @ConditionalOnMissingBean (names: lifecycleProcessor; SearchStrategy: current) did not find any beans (OnBeanCondition)

   MultipartAutoConfiguration matched:
      - @ConditionalOnClass found required classes 'jakarta.servlet.Servlet', 'org.springframework.web.multipart.support.StandardServletMultipartResolver', 'jakarta.servlet.MultipartConfigElement' (OnClassCondition)
      - found 'session' scope (OnWebApplicationCondition)
      - @ConditionalOnBooleanProperty (spring.servlet.multipart.enabled=true) matched (OnPropertyCondition)

   MultipartAutoConfiguration#multipartConfigElement matched:
      - @ConditionalOnMissingBean (types: jakarta.servlet.MultipartConfigElement; SearchStrategy: all) did not find any beans (OnBeanCondition)

   MultipartAutoConfiguration#multipartResolver matched:
      - @ConditionalOnMissingBean (types: org.springframework.web.multipart.MultipartResolver; SearchStrategy: all) did not find any beans (OnBeanCondition)

   NamedParameterJdbcTemplateConfiguration matched:
      - @ConditionalOnSingleCandidate (types: org.springframework.jdbc.core.JdbcTemplate; SearchStrategy: all) found a single bean 'jdbcTemplate'; @ConditionalOnMissingBean (types: org.springframework.jdbc.core.namedparam.NamedParameterJdbcOperations; SearchStrategy: all) did not find any beans (OnBeanCondition)

   PersistenceExceptionTranslationAutoConfiguration matched:
      - @ConditionalOnClass found required class 'org.springframework.dao.annotation.PersistenceExceptionTranslationPostProcessor' (OnClassCondition)

   PersistenceExceptionTranslationAutoConfiguration#persistenceExceptionTranslationPostProcessor matched:
      - @ConditionalOnBooleanProperty (spring.persistence.exceptiontranslation.enabled=true) matched (OnPropertyCondition)
      - @ConditionalOnMissingBean (types: org.springframework.dao.annotation.PersistenceExceptionTranslationPostProcessor; SearchStrategy: all) did not find any beans (OnBeanCondition)

   PropertyPlaceholderAutoConfiguration#propertySourcesPlaceholderConfigurer matched:
      - @ConditionalOnMissingBean (types: org.springframework.context.support.PropertySourcesPlaceholderConfigurer; SearchStrategy: current) did not find any beans (OnBeanCondition)

   SecurityAutoConfiguration matched:
      - @ConditionalOnClass found required class 'org.springframework.security.authentication.DefaultAuthenticationEventPublisher' (OnClassCondition)

   SecurityAutoConfiguration#authenticationEventPublisher matched:
      - @ConditionalOnMissingBean (types: org.springframework.security.authentication.AuthenticationEventPublisher; SearchStrategy: all) did not find any beans (OnBeanCondition)

   SecurityFilterAutoConfiguration matched:
      - @ConditionalOnClass found required classes 'org.springframework.security.web.context.AbstractSecurityWebApplicationInitializer', 'org.springframework.security.config.http.SessionCreationPolicy' (OnClassCondition)
      - found 'session' scope (OnWebApplicationCondition)

   SecurityFilterAutoConfiguration#securityFilterChainRegistration matched:
      - @ConditionalOnBean (names: springSecurityFilterChain; SearchStrategy: all) found bean 'springSecurityFilterChain' (OnBeanCondition)

   ServletWebSecurityAutoConfiguration matched:
      - @ConditionalOnClass found required class 'org.springframework.security.config.annotation.web.configuration.EnableWebSecurity' (OnClassCondition)
      - found 'session' scope (OnWebApplicationCondition)

   ServletWebSecurityAutoConfiguration.PathPatternRequestMatcherBuilderConfiguration matched:
      - @ConditionalOnClass found required class 'org.springframework.boot.webmvc.autoconfigure.DispatcherServletPath' (OnClassCondition)
      - @ConditionalOnBean (types: org.springframework.boot.webmvc.autoconfigure.DispatcherServletPath; SearchStrategy: all) found bean 'dispatcherServletRegistration' (OnBeanCondition)

   ServletWebSecurityAutoConfiguration.PathPatternRequestMatcherBuilderConfiguration#pathPatternRequestMatcherBuilder matched:
      - @ConditionalOnMissingBean (types: org.springframework.security.web.servlet.util.matcher.PathPatternRequestMatcher$Builder; SearchStrategy: all) did not find any beans (OnBeanCondition)

   SslAutoConfiguration#sslBundleRegistry matched:
      - @ConditionalOnMissingBean (types: org.springframework.boot.ssl.SslBundleRegistry,org.springframework.boot.ssl.SslBundles; SearchStrategy: all) did not find any beans (OnBeanCondition)

   TaskExecutionAutoConfiguration matched:
      - @ConditionalOnClass found required class 'org.springframework.scheduling.concurrent.ThreadPoolTaskExecutor' (OnClassCondition)

   TaskExecutorConfigurations.AsyncConfigurerConfiguration matched:
      - @ConditionalOnMissingBean (types: org.springframework.scheduling.annotation.AsyncConfigurer; SearchStrategy: all) did not find any beans (OnBeanCondition)

   TaskExecutorConfigurations.SimpleAsyncTaskExecutorBuilderConfiguration#simpleAsyncTaskExecutorBuilder matched:
      - @ConditionalOnMissingBean (types: org.springframework.boot.task.SimpleAsyncTaskExecutorBuilder; SearchStrategy: all) did not find any beans (OnBeanCondition)
      - @ConditionalOnThreading found PLATFORM (OnThreadingCondition)

   TaskExecutorConfigurations.TaskExecutorConfiguration matched:
      - AnyNestedCondition 1 matched 1 did not; NestedCondition on TaskExecutorConfigurations.OnExecutorCondition.ModelCondition @ConditionalOnProperty (spring.task.execution.mode=force) did not find property 'spring.task.execution.mode'; NestedCondition on TaskExecutorConfigurations.OnExecutorCondition.ExecutorBeanCondition @ConditionalOnMissingBean (types: java.util.concurrent.Executor; SearchStrategy: all) did not find any beans (TaskExecutorConfigurations.OnExecutorCondition)

   TaskExecutorConfigurations.TaskExecutorConfiguration#applicationTaskExecutor matched:
      - @ConditionalOnThreading found PLATFORM (OnThreadingCondition)

   TaskExecutorConfigurations.ThreadPoolTaskExecutorBuilderConfiguration#threadPoolTaskExecutorBuilder matched:
      - @ConditionalOnMissingBean (types: org.springframework.boot.task.ThreadPoolTaskExecutorBuilder; SearchStrategy: all) did not find any beans (OnBeanCondition)

   TaskSchedulingAutoConfiguration matched:
      - @ConditionalOnClass found required class 'org.springframework.scheduling.concurrent.ThreadPoolTaskScheduler' (OnClassCondition)

   TaskSchedulingConfigurations.SimpleAsyncTaskSchedulerBuilderConfiguration#simpleAsyncTaskSchedulerBuilder matched:
      - @ConditionalOnMissingBean (types: org.springframework.boot.task.SimpleAsyncTaskSchedulerBuilder; SearchStrategy: all) did not find any beans (OnBeanCondition)
      - @ConditionalOnThreading found PLATFORM (OnThreadingCondition)

   TaskSchedulingConfigurations.ThreadPoolTaskSchedulerBuilderConfiguration#threadPoolTaskSchedulerBuilder matched:
      - @ConditionalOnMissingBean (types: org.springframework.boot.task.ThreadPoolTaskSchedulerBuilder; SearchStrategy: all) did not find any beans (OnBeanCondition)

   TomcatServletWebServerAutoConfiguration matched:
      - @ConditionalOnClass found required classes 'jakarta.servlet.ServletRequest', 'org.apache.catalina.startup.Tomcat', 'org.apache.coyote.UpgradeProtocol', 'org.springframework.boot.tomcat.servlet.TomcatServletWebServerFactory' (OnClassCondition)
      - found 'session' scope (OnWebApplicationCondition)

   TomcatServletWebServerAutoConfiguration#tomcatServletWebServerFactory matched:
      - @ConditionalOnMissingBean (types: org.springframework.boot.web.server.servlet.ServletWebServerFactory; SearchStrategy: current) did not find any beans (OnBeanCondition)

   TransactionAutoConfiguration matched:
      - @ConditionalOnClass found required class 'org.springframework.transaction.PlatformTransactionManager' (OnClassCondition)

   TransactionAutoConfiguration.EnableTransactionManagementConfiguration matched:
      - @ConditionalOnBean (types: org.springframework.transaction.TransactionManager; SearchStrategy: all) found bean 'transactionManager'; @ConditionalOnMissingBean (types: org.springframework.transaction.annotation.AbstractTransactionManagementConfiguration; SearchStrategy: all) did not find any beans (OnBeanCondition)

   TransactionAutoConfiguration.EnableTransactionManagementConfiguration.CglibAutoProxyConfiguration matched:
      - @ConditionalOnBooleanProperty (spring.aop.proxy-target-class=true) matched (OnPropertyCondition)

   TransactionAutoConfiguration.TransactionTemplateConfiguration matched:
      - @ConditionalOnSingleCandidate (types: org.springframework.transaction.PlatformTransactionManager; SearchStrategy: all) found a single bean 'transactionManager' (OnBeanCondition)

   TransactionAutoConfiguration.TransactionTemplateConfiguration#transactionTemplate matched:
      - @ConditionalOnMissingBean (types: org.springframework.transaction.support.TransactionOperations; SearchStrategy: all) did not find any beans (OnBeanCondition)

   TransactionManagerCustomizationAutoConfiguration matched:
      - @ConditionalOnClass found required class 'org.springframework.transaction.PlatformTransactionManager' (OnClassCondition)

   TransactionManagerCustomizationAutoConfiguration#platformTransactionManagerCustomizers matched:
      - @ConditionalOnMissingBean (types: org.springframework.boot.transaction.autoconfigure.TransactionManagerCustomizers; SearchStrategy: all) did not find any beans (OnBeanCondition)

   UserDetailsServiceAutoConfiguration matched:
      - @ConditionalOnClass found required class 'org.springframework.security.authentication.AuthenticationManager' (OnClassCondition)
      - found 'session' scope (OnWebApplicationCondition)
      - AnyNestedCondition 1 matched 2 did not; NestedCondition on MissingAlternativeUserDetailsManagerOrUserPropertiesConfigured.PasswordConfigured @ConditionalOnProperty (spring.security.user.password) did not find property 'spring.security.user.password'; NestedCondition on MissingAlternativeUserDetailsManagerOrUserPropertiesConfigured.NameConfigured @ConditionalOnProperty (spring.security.user.name) did not find property 'spring.security.user.name'; NestedCondition on MissingAlternativeUserDetailsManagerOrUserPropertiesConfigured.MissingAlternative @ConditionalOnMissingClass did not find unwanted classes 'org.springframework.security.oauth2.client.registration.ClientRegistrationRepository', 'org.springframework.security.oauth2.server.resource.introspection.OpaqueTokenIntrospector', 'org.springframework.security.saml2.provider.service.registration.RelyingPartyRegistrationRepository' (MissingAlternativeUserDetailsManagerOrUserPropertiesConfigured)
      - @ConditionalOnMissingBean (types: org.springframework.security.authentication.AuthenticationManager,org.springframework.security.authentication.AuthenticationProvider,org.springframework.security.core.userdetails.UserDetailsService,org.springframework.security.authentication.AuthenticationManagerResolver,?; SearchStrategy: all) did not find any beans (OnBeanCondition)

   WebMvcAutoConfiguration matched:
      - @ConditionalOnClass found required classes 'jakarta.servlet.Servlet', 'org.springframework.web.servlet.DispatcherServlet', 'org.springframework.web.servlet.config.annotation.WebMvcConfigurer' (OnClassCondition)
      - found 'session' scope (OnWebApplicationCondition)
      - @ConditionalOnMissingBean (types: org.springframework.web.servlet.config.annotation.WebMvcConfigurationSupport; SearchStrategy: all) did not find any beans (OnBeanCondition)

   WebMvcAutoConfiguration#formContentFilter matched:
      - @ConditionalOnBooleanProperty (spring.mvc.formcontent.filter.enabled=true) matched (OnPropertyCondition)
      - @ConditionalOnMissingBean (types: org.springframework.web.filter.FormContentFilter; SearchStrategy: all) did not find any beans (OnBeanCondition)

   WebMvcAutoConfiguration.EnableWebMvcConfiguration#flashMapManager matched:
      - @ConditionalOnMissingBean (names: flashMapManager; SearchStrategy: all) did not find any beans (OnBeanCondition)

   WebMvcAutoConfiguration.EnableWebMvcConfiguration#localeResolver matched:
      - @ConditionalOnMissingBean (names: localeResolver; SearchStrategy: all) did not find any beans (OnBeanCondition)

   WebMvcAutoConfiguration.EnableWebMvcConfiguration#viewNameTranslator matched:
      - @ConditionalOnMissingBean (names: viewNameTranslator; SearchStrategy: all) did not find any beans (OnBeanCondition)

   WebMvcAutoConfiguration.WebMvcAutoConfigurationAdapter#defaultViewResolver matched:
      - @ConditionalOnMissingBean (types: org.springframework.web.servlet.view.InternalResourceViewResolver; SearchStrategy: all) did not find any beans (OnBeanCondition)

   WebMvcAutoConfiguration.WebMvcAutoConfigurationAdapter#requestContextFilter matched:
      - @ConditionalOnMissingBean (types: org.springframework.web.context.request.RequestContextListener,org.springframework.web.filter.RequestContextFilter; SearchStrategy: all) did not find any beans (OnBeanCondition)

   WebMvcAutoConfiguration.WebMvcAutoConfigurationAdapter#viewResolver matched:
      - @ConditionalOnBean (types: org.springframework.web.servlet.ViewResolver; SearchStrategy: all) found beans 'defaultViewResolver', 'beanNameViewResolver', 'mvcViewResolver'; @ConditionalOnMissingBean (names: viewResolver types: org.springframework.web.servlet.view.ContentNegotiatingViewResolver; SearchStrategy: all) did not find any beans (OnBeanCondition)


Negative matches:
-----------------

   AopAutoConfiguration.AspectJAutoProxyingConfiguration.JdkDynamicAutoProxyConfiguration:
      Did not match:
         - @ConditionalOnBooleanProperty (spring.aop.proxy-target-class=false) did not find property 'spring.aop.proxy-target-class' (OnPropertyCondition)

   AopAutoConfiguration.ClassProxyingConfiguration:
      Did not match:
         - @ConditionalOnMissingClass found unwanted class 'org.aspectj.weaver.Advice' (OnClassCondition)

   DataJpaRepositoriesAutoConfiguration#entityManagerFactoryBootstrapExecutorCustomizer:
      Did not match:
         - AnyNestedCondition 0 matched 2 did not; NestedCondition on DataJpaRepositoriesAutoConfiguration.BootstrapExecutorCondition.LazyBootstrapMode @ConditionalOnProperty (spring.data.jpa.repositories.bootstrap-mode=lazy) did not find property 'spring.data.jpa.repositories.bootstrap-mode'; NestedCondition on DataJpaRepositoriesAutoConfiguration.BootstrapExecutorCondition.DeferredBootstrapMode @ConditionalOnProperty (spring.data.jpa.repositories.bootstrap-mode=deferred) did not find property 'spring.data.jpa.repositories.bootstrap-mode' (DataJpaRepositoriesAutoConfiguration.BootstrapExecutorCondition)

   DataRepositoryMetricsAutoConfiguration:
      Did not match:
         - @ConditionalOnBean did not find required type 'io.micrometer.core.instrument.MeterRegistry' (OnBeanCondition)

   DataSourceAutoConfiguration.EmbeddedDatabaseConfiguration:
      Did not match:
         - EmbeddedDataSource spring.datasource.url is set (DataSourceAutoConfiguration.EmbeddedDatabaseCondition)

   DataSourceCheckpointRestoreConfiguration:
      Did not match:
         - @ConditionalOnClass did not find required class 'org.crac.Resource' (OnClassCondition)

   DataSourceConfiguration.Dbcp2:
      Did not match:
         - @ConditionalOnClass did not find required class 'org.apache.commons.dbcp2.BasicDataSource' (OnClassCondition)

   DataSourceConfiguration.Generic:
      Did not match:
         - @ConditionalOnProperty (spring.datasource.type) did not find property 'spring.datasource.type' (OnPropertyCondition)

   DataSourceConfiguration.OracleUcp:
      Did not match:
         - @ConditionalOnClass did not find required classes 'oracle.ucp.jdbc.PoolDataSourceImpl', 'oracle.jdbc.OracleConnection' (OnClassCondition)

   DataSourceConfiguration.Tomcat:
      Did not match:
         - @ConditionalOnClass did not find required class 'org.apache.tomcat.jdbc.pool.DataSource' (OnClassCondition)

   DataSourceHealthContributorAutoConfiguration:
      Did not match:
         - @ConditionalOnClass did not find required class 'org.springframework.boot.health.autoconfigure.contributor.ConditionalOnEnabledHealthIndicator' (OnClassCondition)

   DataSourceJmxConfiguration:
      Did not match:
         - @ConditionalOnBooleanProperty (spring.jmx.enabled=true) found different value in property 'spring.jmx.enabled' (OnPropertyCondition)

   DataSourcePoolMetadataProvidersConfiguration.CommonsDbcp2PoolDataSourceMetadataProviderConfiguration:
      Did not match:
         - @ConditionalOnClass did not find required class 'org.apache.commons.dbcp2.BasicDataSource' (OnClassCondition)

   DataSourcePoolMetadataProvidersConfiguration.OracleUcpPoolDataSourceMetadataProviderConfiguration:
      Did not match:
         - @ConditionalOnClass did not find required classes 'oracle.ucp.jdbc.PoolDataSource', 'oracle.jdbc.OracleConnection' (OnClassCondition)

   DataSourcePoolMetadataProvidersConfiguration.TomcatDataSourcePoolMetadataProviderConfiguration:
      Did not match:
         - @ConditionalOnClass did not find required class 'org.apache.tomcat.jdbc.pool.DataSource' (OnClassCondition)

   DataSourcePoolMetricsAutoConfiguration:
      Did not match:
         - @ConditionalOnClass did not find required class 'io.micrometer.core.instrument.MeterRegistry' (OnClassCondition)

   DataSourceTransactionManagerAutoConfiguration.JdbcTransactionManagerConfiguration#transactionManager:
      Did not match:
         - @ConditionalOnMissingBean (types: org.springframework.transaction.TransactionManager; SearchStrategy: all) found beans of type 'org.springframework.transaction.TransactionManager' transactionManager (OnBeanCondition)

   DispatcherServletAutoConfiguration.DispatcherServletConfiguration#multipartResolver:
      Did not match:
         - @ConditionalOnBean (types: org.springframework.web.multipart.MultipartResolver; SearchStrategy: all) did not find any beans of type org.springframework.web.multipart.MultipartResolver (OnBeanCondition)

   GsonHttpMessageConvertersConfiguration:
      Did not match:
         - @ConditionalOnClass did not find required class 'com.google.gson.Gson' (OnClassCondition)

   HibernateMetricsAutoConfiguration:
      Did not match:
         - @ConditionalOnClass did not find required class 'io.micrometer.core.instrument.MeterRegistry' (OnClassCondition)

   Jackson2HttpMessageConvertersConfiguration.MappingJackson2HttpMessageConverterConfiguration:
      Did not match:
         - @ConditionalOnClass did not find required class 'com.fasterxml.jackson.databind.ObjectMapper' (OnClassCondition)

   Jackson2HttpMessageConvertersConfiguration.MappingJackson2XmlHttpMessageConverterConfiguration:
      Did not match:
         - @ConditionalOnClass did not find required class 'tools.jackson.dataformat.xml.XmlMapper' (OnClassCondition)

   JacksonAutoConfiguration.CborConfiguration:
      Did not match:
         - @ConditionalOnClass did not find required class 'tools.jackson.dataformat.cbor.CBORMapper' (OnClassCondition)

   JacksonAutoConfiguration.XmlConfiguration:
      Did not match:
         - @ConditionalOnClass did not find required class 'tools.jackson.dataformat.xml.XmlMapper' (OnClassCondition)

   JacksonHttpMessageConvertersConfiguration.JacksonXmlHttpMessageConverterConfiguration:
      Did not match:
         - @ConditionalOnClass did not find required class 'tools.jackson.dataformat.xml.XmlMapper' (OnClassCondition)

   JmxAutoConfiguration:
      Did not match:
         - @ConditionalOnBooleanProperty (spring.jmx.enabled=true) found different value in property 'spring.jmx.enabled' (OnPropertyCondition)
      Matched:
         - @ConditionalOnClass found required class 'org.springframework.jmx.export.MBeanExporter' (OnClassCondition)

   JndiDataSourceAutoConfiguration:
      Did not match:
         - @ConditionalOnProperty (spring.datasource.jndi-name) did not find property 'spring.datasource.jndi-name' (OnPropertyCondition)
      Matched:
         - @ConditionalOnClass found required classes 'javax.sql.DataSource', 'org.springframework.jdbc.datasource.embedded.EmbeddedDatabaseType' (OnClassCondition)

   JndiJtaConfiguration:
      Did not match:
         - @ConditionalOnJndi JNDI environment is not available (OnJndiCondition)
      Matched:
         - @ConditionalOnClass found required class 'org.springframework.transaction.jta.JtaTransactionManager' (OnClassCondition)

   JpaBaseConfiguration.JpaWebConfiguration:
      Did not match:
         - @ConditionalOnBooleanProperty (spring.jpa.open-in-view=true) found different value in property 'spring.jpa.open-in-view' (OnPropertyCondition)
      Matched:
         - @ConditionalOnClass found required class 'org.springframework.web.servlet.config.annotation.WebMvcConfigurer' (OnClassCondition)
         - found 'session' scope (OnWebApplicationCondition)

   JsonbHttpMessageConvertersConfiguration:
      Did not match:
         - @ConditionalOnClass did not find required class 'jakarta.json.bind.Jsonb' (OnClassCondition)

   KotlinSerializationHttpMessageConvertersConfiguration:
      Did not match:
         - @ConditionalOnClass did not find required classes 'kotlinx.serialization.Serializable', 'kotlinx.serialization.json.Json' (OnClassCondition)

   ManagementWebSecurityAutoConfiguration:
      Did not match:
         - @ConditionalOnClass did not find required class 'org.springframework.boot.actuate.autoconfigure.endpoint.web.WebEndpointAutoConfiguration' (OnClassCondition)

   MessageSourceAutoConfiguration:
      Did not match:
         - ResourceBundle did not find bundle with basename messages (MessageSourceAutoConfiguration.ResourceBundleCondition)

   ProjectInfoAutoConfiguration#buildProperties:
      Did not match:
         - @ConditionalOnResource did not find resource '${spring.info.build.location:classpath:META-INF/build-info.properties}' (OnResourceCondition)

   ProjectInfoAutoConfiguration#gitProperties:
      Did not match:
         - GitResource did not find git info at classpath:git.properties (ProjectInfoAutoConfiguration.GitResourceAvailableCondition)

   RSocketSecurityAutoConfiguration:
      Did not match:
         - @ConditionalOnClass did not find required class 'org.springframework.boot.rsocket.server.RSocketServerCustomizer' (OnClassCondition)

   ReactiveManagementWebSecurityAutoConfiguration:
      Did not match:
         - @ConditionalOnClass did not find required class 'org.springframework.boot.actuate.autoconfigure.endpoint.web.WebEndpointAutoConfiguration' (OnClassCondition)

   ReactiveUserDetailsServiceAutoConfiguration:
      Did not match:
         - AnyNestedCondition 0 matched 2 did not; NestedCondition on ReactiveUserDetailsServiceAutoConfiguration.RSocketEnabledOrReactiveWebApplication.ReactiveWebApplicationCondition did not find reactive web application classes; NestedCondition on ReactiveUserDetailsServiceAutoConfiguration.RSocketEnabledOrReactiveWebApplication.RSocketSecurityEnabledCondition @ConditionalOnBean (types: ?; SearchStrategy: all) did not find any beans of type ? (ReactiveUserDetailsServiceAutoConfiguration.RSocketEnabledOrReactiveWebApplication)
      Matched:
         - @ConditionalOnClass found required class 'org.springframework.security.authentication.ReactiveAuthenticationManager' (OnClassCondition)
         - AnyNestedCondition 1 matched 2 did not; NestedCondition on MissingAlternativeUserDetailsManagerOrUserPropertiesConfigured.PasswordConfigured @ConditionalOnProperty (spring.security.user.password) did not find property 'spring.security.user.password'; NestedCondition on MissingAlternativeUserDetailsManagerOrUserPropertiesConfigured.NameConfigured @ConditionalOnProperty (spring.security.user.name) did not find property 'spring.security.user.name'; NestedCondition on MissingAlternativeUserDetailsManagerOrUserPropertiesConfigured.MissingAlternative @ConditionalOnMissingClass did not find unwanted classes 'org.springframework.security.oauth2.client.registration.ClientRegistrationRepository', 'org.springframework.security.oauth2.server.resource.introspection.OpaqueTokenIntrospector', 'org.springframework.security.saml2.provider.service.registration.RelyingPartyRegistrationRepository' (MissingAlternativeUserDetailsManagerOrUserPropertiesConfigured)

   ReactiveWebSecurityAutoConfiguration:
      Did not match:
         - @ConditionalOnClass did not find required class 'reactor.core.publisher.Flux' (OnClassCondition)

   SecurityAutoConfiguration.SecurityDataConfiguration:
      Did not match:
         - @ConditionalOnClass did not find required class 'org.springframework.security.data.repository.query.SecurityEvaluationContextExtension' (OnClassCondition)

   ServletHttpExchangesAutoConfiguration:
      Did not match:
         - @ConditionalOnBean did not find required type 'org.springframework.boot.actuate.web.exchanges.HttpExchangeRepository' (OnBeanCondition)

   ServletManagementContextAutoConfiguration:
      Did not match:
         - @ConditionalOnClass did not find required class 'org.springframework.boot.actuate.autoconfigure.endpoint.web.WebEndpointProperties' (OnClassCondition)

   ServletMappingsAutoConfiguration:
      Did not match:
         - @ConditionalOnClass did not find required class 'org.springframework.boot.actuate.autoconfigure.endpoint.condition.ConditionalOnAvailableEndpoint' (OnClassCondition)

   ServletWebSecurityAutoConfiguration.EnableWebSecurityConfiguration:
      Did not match:
         - @ConditionalOnMissingBean (names: springSecurityFilterChain; SearchStrategy: all) found beans named springSecurityFilterChain (OnBeanCondition)
      Matched:
         - @ConditionalOnClass found required class 'org.springframework.security.config.annotation.web.configuration.EnableWebSecurity' (OnClassCondition)

   ServletWebSecurityAutoConfiguration.SecurityFilterChainConfiguration:
      Did not match:
         - AllNestedConditions 1 matched 1 did not; NestedCondition on DefaultWebSecurityCondition.Beans @ConditionalOnMissingBean (types: org.springframework.security.web.SecurityFilterChain; SearchStrategy: all) found beans of type 'org.springframework.security.web.SecurityFilterChain' filterChain; NestedCondition on DefaultWebSecurityCondition.Classes @ConditionalOnClass found required classes 'org.springframework.security.web.SecurityFilterChain', 'org.springframework.security.config.annotation.web.builders.HttpSecurity' (DefaultWebSecurityCondition)

   ServletWebServerConfiguration#forwardedHeaderFilter:
      Did not match:
         - @ConditionalOnProperty (server.forward-headers-strategy=framework) did not find property 'server.forward-headers-strategy' (OnPropertyCondition)

   SpringApplicationAdminJmxAutoConfiguration:
      Did not match:
         - @ConditionalOnBooleanProperty (spring.application.admin.enabled=true) did not find property 'spring.application.admin.enabled' (OnPropertyCondition)

   TaskExecutorConfigurations.AsyncConfigurerWrapperConfiguration:
      Did not match:
         - @ConditionalOnBean (types: org.springframework.scheduling.annotation.AsyncConfigurer; SearchStrategy: all) did not find any beans of type org.springframework.scheduling.annotation.AsyncConfigurer (OnBeanCondition)

   TaskExecutorConfigurations.SimpleAsyncTaskExecutorBuilderConfiguration#simpleAsyncTaskExecutorBuilderVirtualThreads:
      Did not match:
         - @ConditionalOnMissingBean (types: org.springframework.boot.task.SimpleAsyncTaskExecutorBuilder; SearchStrategy: all) found beans of type 'org.springframework.boot.task.SimpleAsyncTaskExecutorBuilder' simpleAsyncTaskExecutorBuilder (OnBeanCondition)

   TaskExecutorConfigurations.TaskExecutorConfiguration#applicationTaskExecutorVirtualThreads:
      Did not match:
         - @ConditionalOnThreading did not find VIRTUAL (OnThreadingCondition)

   TaskSchedulingAutoConfiguration#scheduledBeanLazyInitializationExcludeFilter:
      Did not match:
         - @ConditionalOnBean (names: org.springframework.scheduling.config.internalScheduledAnnotationProcessor; SearchStrategy: all) did not find any beans named org.springframework.scheduling.config.internalScheduledAnnotationProcessor (OnBeanCondition)

   TaskSchedulingConfigurations.SimpleAsyncTaskSchedulerBuilderConfiguration#simpleAsyncTaskSchedulerBuilderVirtualThreads:
      Did not match:
         - @ConditionalOnMissingBean (types: org.springframework.boot.task.SimpleAsyncTaskSchedulerBuilder; SearchStrategy: all) found beans of type 'org.springframework.boot.task.SimpleAsyncTaskSchedulerBuilder' simpleAsyncTaskSchedulerBuilder (OnBeanCondition)

   TaskSchedulingConfigurations.TaskSchedulerConfiguration:
      Did not match:
         - @ConditionalOnBean (names: org.springframework.scheduling.config.internalScheduledAnnotationProcessor; SearchStrategy: all) did not find any beans named org.springframework.scheduling.config.internalScheduledAnnotationProcessor (OnBeanCondition)

   TomcatMetricsAutoConfiguration:
      Did not match:
         - @ConditionalOnClass did not find required class 'io.micrometer.core.instrument.binder.tomcat.TomcatMetrics' (OnClassCondition)

   TomcatReactiveManagementContextAutoConfiguration:
      Did not match:
         - @ConditionalOnClass did not find required class 'org.springframework.boot.actuate.autoconfigure.web.server.ManagementContextFactory' (OnClassCondition)

   TomcatReactiveWebServerAutoConfiguration:
      Did not match:
         - @ConditionalOnWebApplication did not find reactive web application classes (OnWebApplicationCondition)

   TomcatServletManagementContextAutoConfiguration:
      Did not match:
         - @ConditionalOnClass did not find required class 'org.springframework.boot.actuate.autoconfigure.web.server.ManagementContextFactory' (OnClassCondition)

   TomcatServletWebServerAutoConfiguration#tomcatForwardedHeaderFilterCustomizer:
      Did not match:
         - @ConditionalOnProperty (server.forward-headers-strategy=framework) did not find property 'server.forward-headers-strategy' (OnPropertyCondition)

   TomcatWebServerConfiguration:
      Did not match:
         - Application is deployed as a WAR file. (OnWarDeploymentCondition)

   TransactionAutoConfiguration#transactionalOperator:
      Did not match:
         - @ConditionalOnSingleCandidate (types: org.springframework.transaction.ReactiveTransactionManager; SearchStrategy: all) did not find any beans (OnBeanCondition)

   TransactionAutoConfiguration.AspectJTransactionManagementConfiguration:
      Did not match:
         - @ConditionalOnBean (types: org.springframework.transaction.aspectj.AbstractTransactionAspect; SearchStrategy: all) did not find any beans of type org.springframework.transaction.aspectj.AbstractTransactionAspect (OnBeanCondition)

   TransactionAutoConfiguration.EnableTransactionManagementConfiguration.JdkDynamicAutoProxyConfiguration:
      Did not match:
         - @ConditionalOnBooleanProperty (spring.aop.proxy-target-class=false) did not find property 'spring.aop.proxy-target-class' (OnPropertyCondition)

   WebMvcAutoConfiguration#hiddenHttpMethodFilter:
      Did not match:
         - @ConditionalOnBooleanProperty (spring.mvc.hiddenmethod.filter.enabled=true) did not find property 'spring.mvc.hiddenmethod.filter.enabled' (OnPropertyCondition)

   WebMvcAutoConfiguration.ProblemDetailsErrorHandlingConfiguration:
      Did not match:
         - @ConditionalOnBooleanProperty (spring.mvc.problemdetails.enabled=true) did not find property 'spring.mvc.problemdetails.enabled' (OnPropertyCondition)

   WebMvcAutoConfiguration.ResourceChainCustomizerConfiguration:
      Did not match:
         - @ConditionalOnEnabledResourceChain did not find class org.webjars.WebJarVersionLocator (OnEnabledResourceChainCondition)

   WebMvcAutoConfiguration.WebMvcAutoConfigurationAdapter#beanNameViewResolver:
      Did not match:
         - @ConditionalOnMissingBean (types: org.springframework.web.servlet.view.BeanNameViewResolver; SearchStrategy: all) found beans of type 'org.springframework.web.servlet.view.BeanNameViewResolver' beanNameViewResolver (OnBeanCondition)

   WebMvcHealthEndpointExtensionAutoConfiguration:
      Did not match:
         - @ConditionalOnClass did not find required class 'org.springframework.boot.health.actuate.endpoint.HealthEndpoint' (OnClassCondition)

   WebMvcMappingsAutoConfiguration:
      Did not match:
         - @ConditionalOnClass did not find required class 'org.springframework.boot.actuate.autoconfigure.endpoint.condition.ConditionalOnAvailableEndpoint' (OnClassCondition)

   WebMvcObservationAutoConfiguration:
      Did not match:
         - @ConditionalOnBean (types: io.micrometer.observation.ObservationRegistry; SearchStrategy: all) did not find any beans of type io.micrometer.observation.ObservationRegistry (OnBeanCondition)
      Matched:
         - @ConditionalOnClass found required classes 'org.springframework.web.servlet.DispatcherServlet', 'io.micrometer.observation.Observation' (OnClassCondition)
         - found 'session' scope (OnWebApplicationCondition)

   WebMvcObservationAutoConfiguration.MeterFilterConfiguration:
      Did not match:
         - @ConditionalOnClass did not find required class 'io.micrometer.core.instrument.MeterRegistry' (OnClassCondition)
         - Ancestor org.springframework.boot.webmvc.autoconfigure.WebMvcObservationAutoConfiguration did not match (ConditionEvaluationReport.AncestorsMatchedCondition)

   XADataSourceAutoConfiguration:
      Did not match:
         - @ConditionalOnBean (types: org.springframework.boot.jdbc.XADataSourceWrapper; SearchStrategy: all) did not find any beans of type org.springframework.boot.jdbc.XADataSourceWrapper (OnBeanCondition)
      Matched:
         - @ConditionalOnClass found required classes 'javax.sql.DataSource', 'jakarta.transaction.TransactionManager', 'org.springframework.jdbc.datasource.embedded.EmbeddedDatabaseType' (OnClassCondition)


Exclusions:
-----------

    None


Unconditional classes:
----------------------

    org.springframework.boot.autoconfigure.context.ConfigurationPropertiesAutoConfiguration

    org.springframework.boot.autoconfigure.ssl.SslAutoConfiguration

    org.springframework.boot.autoconfigure.context.LifecycleAutoConfiguration

    org.springframework.boot.autoconfigure.context.PropertyPlaceholderAutoConfiguration

    org.springframework.boot.autoconfigure.availability.ApplicationAvailabilityAutoConfiguration

    org.springframework.boot.autoconfigure.info.ProjectInfoAutoConfiguration



05/08/2026 10:47:55.123 INFO  c.N.NeptuneWebAutheticatorApplicationTests - Started NeptuneWebAutheticatorApplicationTests in 4.598 seconds (process running for 5.97)
05/08/2026 10:47:55.125 DEBUG o.s.b.a.ApplicationAvailabilityBean - Application availability state LivenessState changed to CORRECT
05/08/2026 10:47:55.132 DEBUG o.s.b.a.ApplicationAvailabilityBean - Application availability state ReadinessState changed to ACCEPTING_TRAFFIC
05/08/2026 10:47:55.132 DEBUG o.springframework.test.context.cache - Spring test ApplicationContext cache statistics: [DefaultContextCache@1cc771ae size = 1, maxSize = 32, contextUsageCount = 0, parentContextCount = 0, hitCount = 0, missCount = 1, failureCount = 0]
05/08/2026 10:47:55.133 DEBUG o.s.t.c.w.ServletTestExecutionListener - Setting up MockHttpServletRequest, MockHttpServletResponse, ServletWebRequest, and RequestContextHolder for test class com.NeptuneWebAutheticator.NeptuneWebAutheticatorApplicationTests
05/08/2026 10:47:55.142 DEBUG o.s.t.c.s.DependencyInjectionTestExecutionListener - Performing dependency injection for test class com.NeptuneWebAutheticator.NeptuneWebAutheticatorApplicationTests
05/08/2026 10:47:55.142 DEBUG o.springframework.test.context.cache - Spring test ApplicationContext cache statistics: [DefaultContextCache@1cc771ae size = 1, maxSize = 32, contextUsageCount = 1, parentContextCount = 0, hitCount = 1, missCount = 1, failureCount = 0]
05/08/2026 10:47:55.143 DEBUG o.springframework.test.context.cache - Spring test ApplicationContext cache statistics: [DefaultContextCache@1cc771ae size = 1, maxSize = 32, contextUsageCount = 1, parentContextCount = 0, hitCount = 2, missCount = 1, failureCount = 0]
05/08/2026 10:47:55.149 DEBUG o.s.t.c.s.DirtiesContextBeforeModesTestExecutionListener - Before test method: class [NeptuneWebAutheticatorApplicationTests], method [contextLoads], class annotated with @DirtiesContext [false] with mode [null], method annotated with @DirtiesContext [false] with mode [null]
05/08/2026 10:47:55.151 DEBUG o.springframework.test.context.cache - Spring test ApplicationContext cache statistics: [DefaultContextCache@1cc771ae size = 1, maxSize = 32, contextUsageCount = 1, parentContextCount = 0, hitCount = 3, missCount = 1, failureCount = 0]
05/08/2026 10:47:55.496 DEBUG o.springframework.test.context.cache - Spring test ApplicationContext cache statistics: [DefaultContextCache@1cc771ae size = 1, maxSize = 32, contextUsageCount = 1, parentContextCount = 0, hitCount = 4, missCount = 1, failureCount = 0]
05/08/2026 10:47:55.499 DEBUG o.springframework.test.context.cache - Spring test ApplicationContext cache statistics: [DefaultContextCache@1cc771ae size = 1, maxSize = 32, contextUsageCount = 1, parentContextCount = 0, hitCount = 5, missCount = 1, failureCount = 0]
05/08/2026 10:47:55.504 DEBUG o.springframework.test.context.cache - Spring test ApplicationContext cache statistics: [DefaultContextCache@1cc771ae size = 1, maxSize = 32, contextUsageCount = 1, parentContextCount = 0, hitCount = 6, missCount = 1, failureCount = 0]
05/08/2026 10:47:55.504 DEBUG o.springframework.test.context.cache - Spring test ApplicationContext cache statistics: [DefaultContextCache@1cc771ae size = 1, maxSize = 32, contextUsageCount = 1, parentContextCount = 0, hitCount = 7, missCount = 1, failureCount = 0]
05/08/2026 10:47:55.506 DEBUG o.springframework.test.context.cache - Spring test ApplicationContext cache statistics: [DefaultContextCache@1cc771ae size = 1, maxSize = 32, contextUsageCount = 1, parentContextCount = 0, hitCount = 8, missCount = 1, failureCount = 0]
05/08/2026 10:47:55.506 DEBUG o.s.t.c.s.DirtiesContextTestExecutionListener - After test method: class [NeptuneWebAutheticatorApplicationTests], method [contextLoads], class annotated with @DirtiesContext [false] with mode [null], method annotated with @DirtiesContext [false] with mode [null]
05/08/2026 10:47:55.506 DEBUG o.s.t.c.w.ServletTestExecutionListener - Resetting RequestContextHolder for test class com.NeptuneWebAutheticator.NeptuneWebAutheticatorApplicationTests
05/08/2026 10:47:55.513 DEBUG o.springframework.test.context.cache - Spring test ApplicationContext cache statistics: [DefaultContextCache@1cc771ae size = 1, maxSize = 32, contextUsageCount = 1, parentContextCount = 0, hitCount = 9, missCount = 1, failureCount = 0]
05/08/2026 10:47:55.514 DEBUG o.springframework.test.context.cache - Spring test ApplicationContext cache statistics: [DefaultContextCache@1cc771ae size = 1, maxSize = 32, contextUsageCount = 1, parentContextCount = 0, hitCount = 10, missCount = 1, failureCount = 0]
05/08/2026 10:47:55.514 DEBUG o.s.t.c.s.DirtiesContextTestExecutionListener - After test class: class [NeptuneWebAutheticatorApplicationTests], class annotated with @DirtiesContext [false] with mode [null]
05/08/2026 10:47:55.516 DEBUG o.s.c.s.DefaultLifecycleProcessor - Stopping beans in phase 1073741823
05/08/2026 10:47:55.516 DEBUG o.s.c.s.DefaultLifecycleProcessor - Bean 'applicationTaskExecutor' completed its stop procedure
05/08/2026 10:47:55.516 DEBUG o.s.c.s.DefaultLifecycleProcessor - Stopping beans in phase -2147483647
05/08/2026 10:47:55.516 DEBUG o.s.c.s.DefaultLifecycleProcessor - Bean 'springBootLoggingLifecycle' completed its stop procedure
05/08/2026 10:47:55.562 DEBUG o.s.w.c.s.GenericWebApplicationContext - Closing org.springframework.web.context.support.GenericWebApplicationContext@76889e60, started on Wed Aug 05 10:47:50 CEST 2026
05/08/2026 10:47:55.563 DEBUG o.s.c.s.DefaultLifecycleProcessor - Stopping beans in phase 1073741823
05/08/2026 10:47:55.563 DEBUG o.s.c.s.DefaultLifecycleProcessor - Stopping beans in phase -2147483647
05/08/2026 10:47:55.565 INFO  o.s.o.j.LocalContainerEntityManagerFactoryBean - Closing JPA EntityManagerFactory for persistence unit 'default'
05/08/2026 10:47:55.566 DEBUG o.h.internal.SessionFactoryImpl - HHH000031: Closing factory [2f01766e-7710-4134-95ac-c23e7e40131e]
05/08/2026 10:47:55.568 INFO  com.zaxxer.hikari.HikariDataSource - HikariPool-1 - Shutdown initiated...
05/08/2026 10:47:55.568 DEBUG com.zaxxer.hikari.pool.HikariPool - HikariPool-1 - Before shutdown stats (total=10/10, idle=10/10, active=0, waiting=0)
05/08/2026 10:47:55.569 DEBUG com.zaxxer.hikari.pool.PoolBase - HikariPool-1 - Closing connection org.mariadb.jdbc.Connection@4037cdb0: (connection evicted)
05/08/2026 10:47:55.571 DEBUG com.zaxxer.hikari.pool.PoolBase - HikariPool-1 - Closing connection org.mariadb.jdbc.Connection@5142c1f: (connection evicted)
05/08/2026 10:47:55.571 DEBUG com.zaxxer.hikari.pool.PoolBase - HikariPool-1 - Closing connection org.mariadb.jdbc.Connection@418ab616: (connection evicted)
05/08/2026 10:47:55.571 DEBUG com.zaxxer.hikari.pool.PoolBase - HikariPool-1 - Closing connection org.mariadb.jdbc.Connection@717d47f1: (connection evicted)
05/08/2026 10:47:55.572 DEBUG com.zaxxer.hikari.pool.PoolBase - HikariPool-1 - Closing connection org.mariadb.jdbc.Connection@204af8d6: (connection evicted)
05/08/2026 10:47:55.572 DEBUG com.zaxxer.hikari.pool.PoolBase - HikariPool-1 - Closing connection org.mariadb.jdbc.Connection@268c07db: (connection evicted)
05/08/2026 10:47:55.572 DEBUG com.zaxxer.hikari.pool.PoolBase - HikariPool-1 - Closing connection org.mariadb.jdbc.Connection@7ce294cf: (connection evicted)
05/08/2026 10:47:55.572 DEBUG com.zaxxer.hikari.pool.PoolBase - HikariPool-1 - Closing connection org.mariadb.jdbc.Connection@3e73bc21: (connection evicted)
05/08/2026 10:47:55.572 DEBUG com.zaxxer.hikari.pool.PoolBase - HikariPool-1 - Closing connection org.mariadb.jdbc.Connection@432e821e: (connection evicted)
05/08/2026 10:47:55.573 DEBUG com.zaxxer.hikari.pool.PoolBase - HikariPool-1 - Closing connection org.mariadb.jdbc.Connection@4bfcb53f: (connection evicted)
05/08/2026 10:47:55.573 DEBUG com.zaxxer.hikari.pool.HikariPool - HikariPool-1 - After  shutdown stats (total=0/10, idle=0/10, active=0, waiting=0)
05/08/2026 10:47:55.573 INFO  com.zaxxer.hikari.HikariDataSource - HikariPool-1 - Shutdown completed.
05/08/2026 10:47:55.573 DEBUG o.s.s.c.ThreadPoolTaskExecutor - Shutting down ExecutorService 'applicationTaskExecutor'
05/08/2026 10:48:12.830 DEBUG o.s.b.t.c.SpringBootTestContextBootstrapper - Neither @ContextConfiguration nor @ContextHierarchy found for test class [NeptuneWebAutheticatorApplicationTests]: using SpringBootContextLoader
05/08/2026 10:48:12.833 DEBUG o.s.t.c.s.AbstractContextLoader - Could not detect default resource locations for test class [com.NeptuneWebAutheticator.NeptuneWebAutheticatorApplicationTests]: no resource found for suffixes {-context.xml, Context.groovy}.
05/08/2026 10:48:12.834 INFO  o.s.t.c.s.AnnotationConfigContextLoaderUtils - Could not detect default configuration classes for test class [com.NeptuneWebAutheticator.NeptuneWebAutheticatorApplicationTests]: NeptuneWebAutheticatorApplicationTests does not declare any static, non-private, non-final, nested classes annotated with @Configuration.
05/08/2026 10:48:12.842 DEBUG o.s.b.t.c.SpringBootTestContextBootstrapper - Using ContextCustomizerFactory implementations for test class [NeptuneWebAutheticatorApplicationTests]: [SpringBootTestRandomPortContextCustomizerFactory, ImportsContextCustomizerFactory, PropertyMappingContextCustomizerFactory, ExcludeFilterContextCustomizerFactory, TypeExcludeFiltersContextCustomizerFactory, DisableReactorResourceFactoryGlobalResourcesContextCustomizerFactory, DuplicateJsonObjectContextCustomizerFactory, OnFailureConditionReportContextCustomizerFactory, OverrideAutoConfigurationContextCustomizerFactory, BeanOverrideContextCustomizerFactory, MockServerContainerContextCustomizerFactory, DynamicPropertiesContextCustomizerFactory]
05/08/2026 10:48:12.854 DEBUG o.s.b.t.c.SpringBootTestContextBootstrapper - Using ContextCustomizers for test class [NeptuneWebAutheticatorApplicationTests]: [Customizer, PropertyMappingContextCustomizer, ExcludeFilterContextCustomizer, DuplicateJsonObjectContextCustomizer, OnFailureConditionReportContextCustomizer, DynamicPropertiesContextCustomizer]
05/08/2026 10:48:12.918 DEBUG o.s.c.a.ClassPathScanningCandidateComponentProvider - Identified candidate component class: file [C:\Users\termo\Desktop\workspace\TruckingConfiguration\Modules\NeptuneWebAutheticator\target\classes\com\NeptuneWebAutheticator\NeptuneWebAutheticatorApplication.class]
05/08/2026 10:48:12.920 INFO  o.s.b.t.c.SpringBootTestContextBootstrapper - Found @SpringBootConfiguration com.NeptuneWebAutheticator.NeptuneWebAutheticatorApplication for test class com.NeptuneWebAutheticator.NeptuneWebAutheticatorApplicationTests
05/08/2026 10:48:13.007 DEBUG o.s.t.c.u.TestContextSpringFactoriesUtils - Skipping candidate TestExecutionListener [org.springframework.test.context.observation.MicrometerObservationRegistryTestExecutionListener] due to a missing dependency. Specify custom TestExecutionListener classes or make the default TestExecutionListener classes and their required dependencies available. Offending class: io.micrometer.context.ThreadLocalAccessor. MicrometerObservationRegistryTestExecutionListener requires io.micrometer:micrometer-observation:1.10.8 or higher and io.micrometer:context-propagation:1.0.3 or higher.
05/08/2026 10:48:13.017 DEBUG o.s.b.t.c.SpringBootTestContextBootstrapper - Using TestExecutionListeners for test class [NeptuneWebAutheticatorApplicationTests]: [ServletTestExecutionListener, DirtiesContextBeforeModesTestExecutionListener, ApplicationEventsTestExecutionListener, BeanOverrideTestExecutionListener, DependencyInjectionTestExecutionListener, DirtiesContextTestExecutionListener, CommonCachesTestExecutionListener, TransactionalTestExecutionListener, SqlScriptsTestExecutionListener, EventPublishingTestExecutionListener, MockitoResetTestExecutionListener]
05/08/2026 10:48:13.019 DEBUG o.s.t.c.s.DirtiesContextBeforeModesTestExecutionListener - Before test class: class [NeptuneWebAutheticatorApplicationTests], class annotated with @DirtiesContext [false] with mode [null]
05/08/2026 10:48:13.270 INFO  c.N.NeptuneWebAutheticatorApplicationTests - Starting NeptuneWebAutheticatorApplicationTests using Java 21.0.1 with PID 45084 (started by termo in C:\Users\termo\Desktop\workspace\TruckingConfiguration\Modules\NeptuneWebAutheticator)
05/08/2026 10:48:13.270 DEBUG c.N.NeptuneWebAutheticatorApplicationTests - Running with Spring Boot v4.0.0, Spring v7.0.1
05/08/2026 10:48:13.271 INFO  c.N.NeptuneWebAutheticatorApplicationTests - No active profile set, falling back to 1 default profile: "default"
05/08/2026 10:48:13.272 DEBUG o.s.boot.SpringApplication - Loading source class com.NeptuneWebAutheticator.NeptuneWebAutheticatorApplication
05/08/2026 10:48:13.319 DEBUG o.s.w.c.s.GenericWebApplicationContext - Refreshing org.springframework.web.context.support.GenericWebApplicationContext@76889e60
05/08/2026 10:48:13.335 DEBUG o.s.b.f.s.DefaultListableBeanFactory - Creating shared instance of singleton bean 'org.springframework.context.annotation.internalConfigurationAnnotationProcessor'
05/08/2026 10:48:13.350 DEBUG o.s.b.f.s.DefaultListableBeanFactory - Creating shared instance of singleton bean 'org.springframework.boot.autoconfigure.internalCachingMetadataReaderFactory'
05/08/2026 10:48:13.391 DEBUG o.s.c.a.ClassPathBeanDefinitionScanner - Identified candidate component class: file [C:\Users\termo\Desktop\workspace\TruckingConfiguration\Modules\NeptuneWebAutheticator\target\classes\com\NeptuneWebAutheticator\Configuration\SecurityConfig.class]
05/08/2026 10:48:13.404 DEBUG o.s.c.a.ClassPathBeanDefinitionScanner - Identified candidate component class: file [C:\Users\termo\Desktop\workspace\TruckingConfiguration\Modules\NeptuneWebAutheticator\target\classes\com\NeptuneWebAutheticator\Controller\AuthenticationController.class]
05/08/2026 10:48:13.409 DEBUG o.s.c.a.ClassPathBeanDefinitionScanner - Identified candidate component class: file [C:\Users\termo\Desktop\workspace\TruckingConfiguration\Modules\NeptuneWebAutheticator\target\classes\com\NeptuneWebAutheticator\Controller\MachineController.class]
05/08/2026 10:48:13.418 DEBUG o.s.c.a.ClassPathBeanDefinitionScanner - Ignored because not a concrete top-level class: file [C:\Users\termo\Desktop\workspace\TruckingConfiguration\Modules\NeptuneWebAutheticator\target\classes\com\NeptuneWebAutheticator\Repository\MachineRepository.class]
05/08/2026 10:48:13.419 DEBUG o.s.c.a.ClassPathBeanDefinitionScanner - Ignored because not a concrete top-level class: file [C:\Users\termo\Desktop\workspace\TruckingConfiguration\Modules\NeptuneWebAutheticator\target\classes\com\NeptuneWebAutheticator\Repository\TenantRepository.class]
05/08/2026 10:48:13.420 DEBUG o.s.c.a.ClassPathBeanDefinitionScanner - Ignored because not a concrete top-level class: file [C:\Users\termo\Desktop\workspace\TruckingConfiguration\Modules\NeptuneWebAutheticator\target\classes\com\NeptuneWebAutheticator\Repository\TokenRepository.class]
05/08/2026 10:48:13.421 DEBUG o.s.c.a.ClassPathBeanDefinitionScanner - Ignored because not a concrete top-level class: file [C:\Users\termo\Desktop\workspace\TruckingConfiguration\Modules\NeptuneWebAutheticator\target\classes\com\NeptuneWebAutheticator\Service\AuthenticationService.class]
05/08/2026 10:48:13.425 DEBUG o.s.c.a.ClassPathBeanDefinitionScanner - Identified candidate component class: file [C:\Users\termo\Desktop\workspace\TruckingConfiguration\Modules\NeptuneWebAutheticator\target\classes\com\NeptuneWebAutheticator\Service\AuthenticationServiceImpl.class]
05/08/2026 10:48:13.426 DEBUG o.s.c.a.ClassPathBeanDefinitionScanner - Ignored because not a concrete top-level class: file [C:\Users\termo\Desktop\workspace\TruckingConfiguration\Modules\NeptuneWebAutheticator\target\classes\com\NeptuneWebAutheticator\Service\MachineService.class]
05/08/2026 10:48:13.427 DEBUG o.s.c.a.ClassPathBeanDefinitionScanner - Identified candidate component class: file [C:\Users\termo\Desktop\workspace\TruckingConfiguration\Modules\NeptuneWebAutheticator\target\classes\com\NeptuneWebAutheticator\Service\MachineServiceImpl.class]
05/08/2026 10:48:13.909 INFO  o.s.d.r.c.RepositoryConfigurationDelegate - Bootstrapping Spring Data JPA repositories in DEFAULT mode.
05/08/2026 10:48:13.917 DEBUG o.s.b.f.s.DefaultListableBeanFactory - Creating shared instance of singleton bean 'org.springframework.boot.autoconfigure.AutoConfigurationPackages'
05/08/2026 10:48:13.930 DEBUG o.s.b.a.AutoConfigurationPackages - @EnableAutoConfiguration was declared on a class in the package 'com.NeptuneWebAutheticator'. Automatic @Repository and @Entity scanning is enabled.
05/08/2026 10:48:13.931 DEBUG o.s.d.r.c.RepositoryConfigurationDelegate - Scanning for JPA repositories in packages com.NeptuneWebAutheticator.
05/08/2026 10:48:13.940 DEBUG o.s.d.r.c.RepositoryComponentProvider - Identified candidate component class: file [C:\Users\termo\Desktop\workspace\TruckingConfiguration\Modules\NeptuneWebAutheticator\target\classes\com\NeptuneWebAutheticator\Repository\MachineRepository.class]
05/08/2026 10:48:13.940 DEBUG o.s.d.r.c.RepositoryComponentProvider - Identified candidate component class: file [C:\Users\termo\Desktop\workspace\TruckingConfiguration\Modules\NeptuneWebAutheticator\target\classes\com\NeptuneWebAutheticator\Repository\TenantRepository.class]
05/08/2026 10:48:13.940 DEBUG o.s.d.r.c.RepositoryComponentProvider - Identified candidate component class: file [C:\Users\termo\Desktop\workspace\TruckingConfiguration\Modules\NeptuneWebAutheticator\target\classes\com\NeptuneWebAutheticator\Repository\TokenRepository.class]
05/08/2026 10:48:13.961 DEBUG o.s.c.a.ClassPathScanningCandidateComponentProvider - Identified candidate component class: file [C:\Users\termo\Desktop\workspace\TruckingConfiguration\Modules\NeptuneWebAutheticator\target\classes\com\NeptuneWebAutheticator\Service\AuthenticationServiceImpl.class]
05/08/2026 10:48:13.962 DEBUG o.s.c.a.ClassPathScanningCandidateComponentProvider - Identified candidate component class: file [C:\Users\termo\Desktop\workspace\TruckingConfiguration\Modules\NeptuneWebAutheticator\target\classes\com\NeptuneWebAutheticator\Service\MachineServiceImpl.class]
05/08/2026 10:48:13.974 INFO  o.s.d.r.c.RepositoryConfigurationDelegate - Finished Spring Data repository scanning in 41 ms. Found 3 JPA repository interfaces.
05/08/2026 10:48:14.070 DEBUG o.s.b.f.s.DefaultListableBeanFactory - Creating shared instance of singleton bean 'springSecurityPathPatternParserBeanDefinitionRegistryPostProcessor'
05/08/2026 10:48:14.132 DEBUG o.s.b.f.s.DefaultListableBeanFactory - Creating shared instance of singleton bean 'propertySourcesPlaceholderConfigurer'
05/08/2026 10:48:14.135 DEBUG o.s.b.f.s.DefaultListableBeanFactory - Creating shared instance of singleton bean 'org.springframework.boot.sql.init.dependency.DatabaseInitializationDependencyConfigurer$DependsOnDatabaseInitializationPostProcessor'
05/08/2026 10:48:14.155 DEBUG o.s.b.f.s.DefaultListableBeanFactory - Creating shared instance of singleton bean 'org.springframework.context.event.internalEventListenerProcessor'
05/08/2026 10:48:14.156 DEBUG o.s.b.f.s.DefaultListableBeanFactory - Creating shared instance of singleton bean 'conversionServicePostProcessor'
05/08/2026 10:48:14.162 DEBUG o.s.b.f.s.DefaultListableBeanFactory - Creating shared instance of singleton bean 'bootstrapExecutorAliasPostProcessor'
05/08/2026 10:48:14.163 DEBUG o.s.b.f.s.DefaultListableBeanFactory - Creating shared instance of singleton bean 'preserveErrorControllerTargetClassPostProcessor'
05/08/2026 10:48:14.163 DEBUG o.s.b.f.s.DefaultListableBeanFactory - Creating shared instance of singleton bean 'org.springframework.context.event.internalEventListenerFactory'
05/08/2026 10:48:14.164 DEBUG o.s.b.f.s.DefaultListableBeanFactory - Creating shared instance of singleton bean 'org.springframework.transaction.config.internalTransactionalEventListenerFactory'
05/08/2026 10:48:14.166 DEBUG o.s.b.f.s.DefaultListableBeanFactory - Creating shared instance of singleton bean 'org.springframework.context.annotation.internalAutowiredAnnotationProcessor'
05/08/2026 10:48:14.167 DEBUG o.s.b.f.s.DefaultListableBeanFactory - Creating shared instance of singleton bean 'org.springframework.context.annotation.internalCommonAnnotationProcessor'
05/08/2026 10:48:14.169 DEBUG o.s.b.f.s.DefaultListableBeanFactory - Creating shared instance of singleton bean 'org.springframework.context.annotation.internalPersistenceAnnotationProcessor'
05/08/2026 10:48:14.170 DEBUG o.s.b.f.s.DefaultListableBeanFactory - Creating shared instance of singleton bean 'org.springframework.boot.context.properties.ConfigurationPropertiesBindingPostProcessor'
05/08/2026 10:48:14.170 DEBUG o.s.b.f.s.DefaultListableBeanFactory - Creating shared instance of singleton bean 'org.springframework.boot.context.internalConfigurationPropertiesBinder'
05/08/2026 10:48:14.172 DEBUG o.s.b.f.s.DefaultListableBeanFactory - Creating shared instance of singleton bean 'jdbcConnectionDetailsHikariBeanPostProcessor'
05/08/2026 10:48:14.174 DEBUG o.s.b.f.s.DefaultListableBeanFactory - Creating shared instance of singleton bean 'org.springframework.aop.config.internalAutoProxyCreator'
05/08/2026 10:48:14.182 DEBUG o.s.b.f.s.DefaultListableBeanFactory - Creating shared instance of singleton bean 'org.springframework.aop.framework.autoproxy.defaultProxyConfig'
05/08/2026 10:48:14.189 DEBUG o.s.b.f.s.DefaultListableBeanFactory - Creating shared instance of singleton bean 'persistenceExceptionTranslationPostProcessor'
05/08/2026 10:48:14.190 DEBUG o.s.b.f.s.DefaultListableBeanFactory - Autowiring by type from bean name 'persistenceExceptionTranslationPostProcessor' via factory method to bean named 'environment'
05/08/2026 10:48:14.194 DEBUG o.s.b.f.s.DefaultListableBeanFactory - Creating shared instance of singleton bean 'projectingArgumentResolverBeanPostProcessor'
05/08/2026 10:48:14.195 DEBUG o.s.b.f.s.DefaultListableBeanFactory - Creating shared instance of singleton bean 'org.springframework.transaction.config.internalTransactionAdvisor'
05/08/2026 10:48:14.195 DEBUG o.s.b.f.s.DefaultListableBeanFactory - Creating shared instance of singleton bean 'org.springframework.transaction.annotation.ProxyTransactionManagementConfiguration'
05/08/2026 10:48:14.217 DEBUG o.s.b.f.s.DefaultListableBeanFactory - Creating shared instance of singleton bean 'transactionAttributeSource'
05/08/2026 10:48:14.220 DEBUG o.s.b.f.s.DefaultListableBeanFactory - Creating shared instance of singleton bean 'transactionInterceptor'
05/08/2026 10:48:14.220 DEBUG o.s.b.f.s.DefaultListableBeanFactory - Autowiring by type from bean name 'transactionInterceptor' via factory method to bean named 'transactionAttributeSource'
05/08/2026 10:48:14.226 DEBUG o.s.b.f.s.DefaultListableBeanFactory - Autowiring by type from bean name 'org.springframework.transaction.config.internalTransactionAdvisor' via factory method to bean named 'transactionAttributeSource'
05/08/2026 10:48:14.226 DEBUG o.s.b.f.s.DefaultListableBeanFactory - Autowiring by type from bean name 'org.springframework.transaction.config.internalTransactionAdvisor' via factory method to bean named 'transactionInterceptor'
05/08/2026 10:48:14.245 DEBUG o.s.b.f.s.DefaultListableBeanFactory - Creating shared instance of singleton bean 'webServerFactoryCustomizerBeanPostProcessor'
05/08/2026 10:48:14.252 DEBUG o.s.b.f.s.DefaultListableBeanFactory - Creating shared instance of singleton bean 'errorPageRegistrarBeanPostProcessor'
05/08/2026 10:48:14.254 DEBUG o.s.b.f.s.DefaultListableBeanFactory - Creating shared instance of singleton bean 'applicationTaskExecutor'
05/08/2026 10:48:14.254 DEBUG o.s.b.f.s.DefaultListableBeanFactory - Creating shared instance of singleton bean 'org.springframework.boot.autoconfigure.task.TaskExecutorConfigurations$TaskExecutorConfiguration'
05/08/2026 10:48:14.256 DEBUG o.s.b.f.s.DefaultListableBeanFactory - Creating shared instance of singleton bean 'threadPoolTaskExecutorBuilder'
05/08/2026 10:48:14.256 DEBUG o.s.b.f.s.DefaultListableBeanFactory - Creating shared instance of singleton bean 'org.springframework.boot.autoconfigure.task.TaskExecutorConfigurations$ThreadPoolTaskExecutorBuilderConfiguration'
05/08/2026 10:48:14.257 DEBUG o.s.b.f.s.DefaultListableBeanFactory - Creating shared instance of singleton bean 'spring.task.execution-org.springframework.boot.autoconfigure.task.TaskExecutionProperties'
05/08/2026 10:48:14.258 DEBUG o.s.b.f.s.DefaultListableBeanFactory - Creating shared instance of singleton bean 'org.springframework.boot.context.properties.BoundConfigurationProperties'
05/08/2026 10:48:14.265 DEBUG o.s.b.f.s.DefaultListableBeanFactory - Autowiring by type from bean name 'threadPoolTaskExecutorBuilder' via factory method to bean named 'spring.task.execution-org.springframework.boot.autoconfigure.task.TaskExecutionProperties'
05/08/2026 10:48:14.270 DEBUG o.s.b.f.s.DefaultListableBeanFactory - Autowiring by type from bean name 'applicationTaskExecutor' via factory method to bean named 'threadPoolTaskExecutorBuilder'
05/08/2026 10:48:14.280 DEBUG o.s.s.c.ThreadPoolTaskExecutor - Initializing ExecutorService 'applicationTaskExecutor'
05/08/2026 10:48:14.284 DEBUG o.s.b.f.s.DefaultListableBeanFactory - Creating shared instance of singleton bean 'org.springframework.test.context.support.internalDynamicPropertyRegistrarBeanInitializer'
05/08/2026 10:48:14.286 DEBUG o.s.b.f.s.DefaultListableBeanFactory - Creating shared instance of singleton bean 'dataSourceScriptDatabaseInitializer'
05/08/2026 10:48:14.286 DEBUG o.s.b.f.s.DefaultListableBeanFactory - Creating shared instance of singleton bean 'org.springframework.boot.jdbc.autoconfigure.DataSourceInitializationAutoConfiguration'
05/08/2026 10:48:14.287 DEBUG o.s.b.f.s.DefaultListableBeanFactory - Creating shared instance of singleton bean 'dataSource'
05/08/2026 10:48:14.287 DEBUG o.s.b.f.s.DefaultListableBeanFactory - Creating shared instance of singleton bean 'org.springframework.boot.jdbc.autoconfigure.DataSourceConfiguration$Hikari'
05/08/2026 10:48:14.287 DEBUG o.s.b.f.s.DefaultListableBeanFactory - Creating shared instance of singleton bean 'spring.datasource-org.springframework.boot.jdbc.autoconfigure.DataSourceProperties'
05/08/2026 10:48:14.295 DEBUG o.s.b.f.s.DefaultListableBeanFactory - Creating shared instance of singleton bean 'jdbcConnectionDetails'
05/08/2026 10:48:14.295 DEBUG o.s.b.f.s.DefaultListableBeanFactory - Creating shared instance of singleton bean 'org.springframework.boot.jdbc.autoconfigure.DataSourceAutoConfiguration$PooledDataSourceConfiguration'
05/08/2026 10:48:14.296 DEBUG o.s.b.f.s.DefaultListableBeanFactory - Autowiring by type from bean name 'jdbcConnectionDetails' via factory method to bean named 'spring.datasource-org.springframework.boot.jdbc.autoconfigure.DataSourceProperties'
05/08/2026 10:48:14.297 DEBUG o.s.b.f.s.DefaultListableBeanFactory - Autowiring by type from bean name 'dataSource' via factory method to bean named 'spring.datasource-org.springframework.boot.jdbc.autoconfigure.DataSourceProperties'
05/08/2026 10:48:14.297 DEBUG o.s.b.f.s.DefaultListableBeanFactory - Autowiring by type from bean name 'dataSource' via factory method to bean named 'jdbcConnectionDetails'
05/08/2026 10:48:14.297 DEBUG o.s.b.f.s.DefaultListableBeanFactory - Autowiring by type from bean name 'dataSource' via factory method to bean named 'environment'
05/08/2026 10:48:14.304 DEBUG com.zaxxer.hikari.util.UtilityElf - Class org.mariadb.jdbc.Driver found in Thread context class loader jdk.internal.loader.ClassLoaders$AppClassLoader@70dea4e
05/08/2026 10:48:14.320 DEBUG o.s.b.f.s.DefaultListableBeanFactory - Creating shared instance of singleton bean 'spring.sql.init-org.springframework.boot.sql.autoconfigure.init.SqlInitializationProperties'
05/08/2026 10:48:14.322 DEBUG o.s.b.f.s.DefaultListableBeanFactory - Autowiring by type from bean name 'dataSourceScriptDatabaseInitializer' via factory method to bean named 'dataSource'
05/08/2026 10:48:14.323 DEBUG o.s.b.f.s.DefaultListableBeanFactory - Autowiring by type from bean name 'dataSourceScriptDatabaseInitializer' via factory method to bean named 'spring.sql.init-org.springframework.boot.sql.autoconfigure.init.SqlInitializationProperties'
05/08/2026 10:48:14.329 DEBUG o.s.b.f.s.DefaultListableBeanFactory - Creating shared instance of singleton bean 'entityManagerFactory'
05/08/2026 10:48:14.330 DEBUG o.s.b.f.s.DefaultListableBeanFactory - Creating shared instance of singleton bean 'org.springframework.boot.hibernate.autoconfigure.HibernateJpaConfiguration'
05/08/2026 10:48:14.331 DEBUG o.s.b.f.s.DefaultListableBeanFactory - Creating shared instance of singleton bean 'spring.jpa-org.springframework.boot.jpa.autoconfigure.JpaProperties'
05/08/2026 10:48:14.336 DEBUG o.s.b.f.s.DefaultListableBeanFactory - Creating shared instance of singleton bean 'spring.jpa.hibernate-org.springframework.boot.hibernate.autoconfigure.HibernateProperties'
05/08/2026 10:48:14.340 DEBUG o.s.b.f.s.DefaultListableBeanFactory - Autowiring by type from bean name 'org.springframework.boot.hibernate.autoconfigure.HibernateJpaConfiguration' via constructor to bean named 'dataSource'
05/08/2026 10:48:14.340 DEBUG o.s.b.f.s.DefaultListableBeanFactory - Autowiring by type from bean name 'org.springframework.boot.hibernate.autoconfigure.HibernateJpaConfiguration' via constructor to bean named 'spring.jpa-org.springframework.boot.jpa.autoconfigure.JpaProperties'
05/08/2026 10:48:14.340 DEBUG o.s.b.f.s.DefaultListableBeanFactory - Autowiring by type from bean name 'org.springframework.boot.hibernate.autoconfigure.HibernateJpaConfiguration' via constructor to bean named 'org.springframework.beans.factory.support.DefaultListableBeanFactory@5e5af8e1'
05/08/2026 10:48:14.340 DEBUG o.s.b.f.s.DefaultListableBeanFactory - Autowiring by type from bean name 'org.springframework.boot.hibernate.autoconfigure.HibernateJpaConfiguration' via constructor to bean named 'spring.jpa.hibernate-org.springframework.boot.hibernate.autoconfigure.HibernateProperties'
05/08/2026 10:48:14.344 DEBUG o.s.b.f.s.DefaultListableBeanFactory - Creating shared instance of singleton bean 'hikariPoolDataSourceMetadataProvider'
05/08/2026 10:48:14.345 DEBUG o.s.b.f.s.DefaultListableBeanFactory - Creating shared instance of singleton bean 'org.springframework.boot.jdbc.autoconfigure.DataSourcePoolMetadataProvidersConfiguration$HikariPoolDataSourceMetadataProviderConfiguration'
05/08/2026 10:48:14.349 DEBUG o.s.b.f.s.DefaultListableBeanFactory - Creating shared instance of singleton bean 'entityManagerFactoryBuilder'
05/08/2026 10:48:14.350 DEBUG o.s.b.f.s.DefaultListableBeanFactory - Creating shared instance of singleton bean 'jpaVendorAdapter'
05/08/2026 10:48:14.369 DEBUG org.jboss.logging - Logging Provider: org.jboss.logging.Slf4jLoggerProvider found via system property
05/08/2026 10:48:14.373 DEBUG o.s.b.f.s.DefaultListableBeanFactory - Autowiring by type from bean name 'entityManagerFactoryBuilder' via factory method to bean named 'jpaVendorAdapter'
05/08/2026 10:48:14.375 DEBUG o.s.b.f.s.DefaultListableBeanFactory - Creating shared instance of singleton bean 'persistenceManagedTypes'
05/08/2026 10:48:14.376 DEBUG o.s.b.f.s.DefaultListableBeanFactory - Autowiring by type from bean name 'persistenceManagedTypes' via factory method to bean named 'org.springframework.beans.factory.support.DefaultListableBeanFactory@5e5af8e1'
05/08/2026 10:48:14.376 DEBUG o.s.b.f.s.DefaultListableBeanFactory - Autowiring by type from bean name 'persistenceManagedTypes' via factory method to bean named 'org.springframework.web.context.support.GenericWebApplicationContext@76889e60'
05/08/2026 10:48:14.386 DEBUG o.s.b.f.s.DefaultListableBeanFactory - Autowiring by type from bean name 'entityManagerFactory' via factory method to bean named 'entityManagerFactoryBuilder'
05/08/2026 10:48:14.386 DEBUG o.s.b.f.s.DefaultListableBeanFactory - Autowiring by type from bean name 'entityManagerFactory' via factory method to bean named 'persistenceManagedTypes'
05/08/2026 10:48:14.402 DEBUG o.s.o.j.LocalContainerEntityManagerFactoryBean - Building JPA container EntityManagerFactory for persistence unit 'default'
05/08/2026 10:48:14.412 DEBUG o.h.jpa.internal.util.LogHelper - PersistenceUnitInfo [
	name: default
	persistence provider classname: null
	classloader: jdk.internal.loader.ClassLoaders$AppClassLoader@70dea4e
	excludeUnlistedClasses: true
	JTA datasource: null
	Non JTA datasource: HikariDataSource (null)
	Transaction type: RESOURCE_LOCAL
	PU root URL: file:/C:/Users/termo/Desktop/workspace/TruckingConfiguration/Modules/NeptuneWebAutheticator/target/test-classes/
	Shared Cache Mode: UNSPECIFIED
	Validation Mode: AUTO
	Jar files URLs []
	Managed classes names [
		com.NeptuneWebAutheticator.Entity.Machine
		com.NeptuneWebAutheticator.Entity.Tenant
		com.NeptuneWebAutheticator.Entity.Token]
	Mapping files names []
	Properties []
05/08/2026 10:48:14.422 DEBUG o.h.i.internal.IntegratorServiceImpl - Adding Integrator [org.hibernate.boot.beanvalidation.BeanValidationIntegrator]
05/08/2026 10:48:14.424 DEBUG o.h.i.internal.IntegratorServiceImpl - Adding Integrator [org.hibernate.cache.internal.CollectionCacheInvalidator]
05/08/2026 10:48:14.489 INFO  org.hibernate.Version - HHH000412: Hibernate ORM core version 7.1.8.Final
05/08/2026 10:48:14.490 DEBUG org.hibernate.cfg.Environment - HHH000206: 'hibernate.properties' not found
05/08/2026 10:48:14.511 DEBUG o.s.o.j.h.SpringBeanContainer - Falling back to Hibernate's default producer after bean creation failure for interface org.hibernate.engine.jdbc.connections.spi.MultiTenantConnectionProvider: org.springframework.beans.factory.BeanCreationException: Error creating bean with name 'org.hibernate.engine.jdbc.connections.spi.MultiTenantConnectionProvider': Failed to instantiate [org.hibernate.engine.jdbc.connections.spi.MultiTenantConnectionProvider]: Specified class is an interface
05/08/2026 10:48:14.512 DEBUG o.h.c.i.RegionFactoryInitiator - Cannot default RegionFactory based on registered strategies as `[]` RegionFactory strategies were registered
05/08/2026 10:48:14.513 DEBUG o.h.c.i.RegionFactoryInitiator - HHH000026: Second-level cache disabled
05/08/2026 10:48:15.003 INFO  o.s.o.j.p.SpringPersistenceUnitInfo - No LoadTimeWeaver setup: ignoring JPA class transformer
05/08/2026 10:48:15.032 DEBUG com.zaxxer.hikari.HikariConfig - HikariPool-1 - configuration:
05/08/2026 10:48:15.033 DEBUG com.zaxxer.hikari.HikariConfig - allowPoolSuspension.............false
05/08/2026 10:48:15.034 DEBUG com.zaxxer.hikari.HikariConfig - autoCommit......................true
05/08/2026 10:48:15.034 DEBUG com.zaxxer.hikari.HikariConfig - catalog.........................none
05/08/2026 10:48:15.034 DEBUG com.zaxxer.hikari.HikariConfig - connectionInitSql...............none
05/08/2026 10:48:15.034 DEBUG com.zaxxer.hikari.HikariConfig - connectionTestQuery.............none
05/08/2026 10:48:15.035 DEBUG com.zaxxer.hikari.HikariConfig - connectionTimeout...............30000
05/08/2026 10:48:15.035 DEBUG com.zaxxer.hikari.HikariConfig - credentials.....................com.zaxxer.hikari.util.Credentials@64540344
05/08/2026 10:48:15.035 DEBUG com.zaxxer.hikari.HikariConfig - credentialsProvider.............none
05/08/2026 10:48:15.035 DEBUG com.zaxxer.hikari.HikariConfig - credentialsProviderClassName....none
05/08/2026 10:48:15.035 DEBUG com.zaxxer.hikari.HikariConfig - dataSource......................none
05/08/2026 10:48:15.035 DEBUG com.zaxxer.hikari.HikariConfig - dataSourceClassName.............none
05/08/2026 10:48:15.035 DEBUG com.zaxxer.hikari.HikariConfig - dataSourceJNDI..................none
05/08/2026 10:48:15.036 DEBUG com.zaxxer.hikari.HikariConfig - dataSourceProperties............{password=<masked>}
05/08/2026 10:48:15.036 DEBUG com.zaxxer.hikari.HikariConfig - driverClassName................."org.mariadb.jdbc.Driver"
05/08/2026 10:48:15.036 DEBUG com.zaxxer.hikari.HikariConfig - exceptionOverride...............none
05/08/2026 10:48:15.036 DEBUG com.zaxxer.hikari.HikariConfig - exceptionOverrideClassName......none
05/08/2026 10:48:15.036 DEBUG com.zaxxer.hikari.HikariConfig - healthCheckProperties...........{}
05/08/2026 10:48:15.036 DEBUG com.zaxxer.hikari.HikariConfig - healthCheckRegistry.............none
05/08/2026 10:48:15.036 DEBUG com.zaxxer.hikari.HikariConfig - idleTimeout.....................600000
05/08/2026 10:48:15.036 DEBUG com.zaxxer.hikari.HikariConfig - initializationFailTimeout.......1
05/08/2026 10:48:15.036 DEBUG com.zaxxer.hikari.HikariConfig - isolateInternalQueries..........false
05/08/2026 10:48:15.037 DEBUG com.zaxxer.hikari.HikariConfig - jdbcUrl.........................jdbc:mariadb://localhost:3306/AuthenticationService
05/08/2026 10:48:15.037 DEBUG com.zaxxer.hikari.HikariConfig - keepaliveTime...................120000
05/08/2026 10:48:15.037 DEBUG com.zaxxer.hikari.HikariConfig - leakDetectionThreshold..........0
05/08/2026 10:48:15.037 DEBUG com.zaxxer.hikari.HikariConfig - maxLifetime.....................1800000
05/08/2026 10:48:15.037 DEBUG com.zaxxer.hikari.HikariConfig - maximumPoolSize.................10
05/08/2026 10:48:15.037 DEBUG com.zaxxer.hikari.HikariConfig - metricRegistry..................none
05/08/2026 10:48:15.037 DEBUG com.zaxxer.hikari.HikariConfig - metricsTrackerFactory...........none
05/08/2026 10:48:15.037 DEBUG com.zaxxer.hikari.HikariConfig - minimumIdle.....................10
05/08/2026 10:48:15.037 DEBUG com.zaxxer.hikari.HikariConfig - password........................<masked>
05/08/2026 10:48:15.037 DEBUG com.zaxxer.hikari.HikariConfig - poolName........................"HikariPool-1"
05/08/2026 10:48:15.038 DEBUG com.zaxxer.hikari.HikariConfig - readOnly........................false
05/08/2026 10:48:15.038 DEBUG com.zaxxer.hikari.HikariConfig - registerMbeans..................false
05/08/2026 10:48:15.038 DEBUG com.zaxxer.hikari.HikariConfig - scheduledExecutor...............none
05/08/2026 10:48:15.038 DEBUG com.zaxxer.hikari.HikariConfig - schema..........................none
05/08/2026 10:48:15.038 DEBUG com.zaxxer.hikari.HikariConfig - threadFactory...................internal
05/08/2026 10:48:15.038 DEBUG com.zaxxer.hikari.HikariConfig - transactionIsolation............default
05/08/2026 10:48:15.038 DEBUG com.zaxxer.hikari.HikariConfig - username........................"root"
05/08/2026 10:48:15.038 DEBUG com.zaxxer.hikari.HikariConfig - validationTimeout...............5000
05/08/2026 10:48:15.038 INFO  com.zaxxer.hikari.HikariDataSource - HikariPool-1 - Starting...
05/08/2026 10:48:15.048 DEBUG com.zaxxer.hikari.pool.PoolBase - HikariPool-1 - Attempting to create/setup new connection (2539442d-e0c8-4027-817d-d7b3b0edbc98)
05/08/2026 10:48:15.111 DEBUG o.m.jdbc.message.server.OkPacket - Database change: is 'authenticationservice'
05/08/2026 10:48:15.112 DEBUG o.m.jdbc.client.impl.StandardClient - execute query: set sql_mode=CONCAT(@@sql_mode,',STRICT_TRANS_TABLES'),session_track_system_variables = CONCAT(@@global.session_track_system_variables,',transaction_isolation'),NAMES utf8mb4
05/08/2026 10:48:15.112 DEBUG o.m.jdbc.message.server.OkPacket - System variable change:  character_set_client = utf8mb4
05/08/2026 10:48:15.112 DEBUG o.m.jdbc.message.server.OkPacket - System variable change:  character_set_connection = utf8mb4
05/08/2026 10:48:15.112 DEBUG o.m.jdbc.message.server.OkPacket - System variable change:  character_set_results = utf8mb4
05/08/2026 10:48:15.117 DEBUG o.m.jdbc.client.impl.StandardClient - execute query: SELECT @@session.transaction_isolation
05/08/2026 10:48:15.120 DEBUG com.zaxxer.hikari.pool.PoolBase - HikariPool-1 - Established new connection (2539442d-e0c8-4027-817d-d7b3b0edbc98)
05/08/2026 10:48:15.121 INFO  com.zaxxer.hikari.pool.HikariPool - HikariPool-1 - Added connection org.mariadb.jdbc.Connection@4037cdb0
05/08/2026 10:48:15.122 INFO  com.zaxxer.hikari.HikariDataSource - HikariPool-1 - Start completed.
05/08/2026 10:48:15.127 DEBUG org.hibernate.orm.jdbc - HHH100017: Database:
	name: MariaDB
	version: 11.4.0-MariaDB
	major: 11
	minor: 4
05/08/2026 10:48:15.127 DEBUG org.hibernate.orm.jdbc - HHH100018: Driver:
	name: MariaDB Connector/J
	version: 3.5.6
	major: 3
	minor: 5
	JDBC version: 4.2
05/08/2026 10:48:15.146 DEBUG o.m.jdbc.client.impl.StandardClient - execute query: SELECT @@character_set_database, @@sql_mode
05/08/2026 10:48:15.155 DEBUG org.hibernate.orm.dialect - HHH035001: Using dialect: org.hibernate.dialect.MariaDBDialect, version: 11.4
05/08/2026 10:48:15.157 DEBUG o.m.jdbc.client.impl.StandardClient - execute query: select @@lower_case_table_names
05/08/2026 10:48:15.158 DEBUG o.h.e.j.e.s.IdentifierHelperBuilder - IdentifierCaseStrategy for both quoted and unquoted identifiers was set to the same strategy [LOWER]; that will likely lead to problems in schema update and validation if using quoted identifiers
05/08/2026 10:48:15.160 DEBUG o.m.jdbc.client.impl.StandardClient - execute query: SELECT @@session.transaction_isolation
05/08/2026 10:48:15.163 DEBUG org.hibernate.orm.jdbc - HHH100122: Using default JDBC fetch size: 0
05/08/2026 10:48:15.171 INFO  o.hibernate.orm.connections.pooling - HHH10001005: Database info:
	Database JDBC URL [jdbc:mariadb://localhost/AuthenticationService?user=root]
	Database driver: MariaDB Connector/J
	Database dialect: MariaDBDialect
	Database version: 11.4
	Default catalog/schema: authenticationservice/undefined
	Autocommit mode: undefined/unknown
	Isolation level: REPEATABLE_READ [default REPEATABLE_READ]
	JDBC fetch size: none
	Pool: DatasourceConnectionProviderImpl
	Minimum pool size: undefined/unknown
	Maximum pool size: undefined/unknown
05/08/2026 10:48:15.225 DEBUG com.zaxxer.hikari.pool.HikariPool - HikariPool-1 - Pool stats (total=1/10, idle=1/10, active=0, waiting=0)
05/08/2026 10:48:15.225 DEBUG com.zaxxer.hikari.pool.PoolBase - HikariPool-1 - Attempting to create/setup new connection (ae0cd6c5-1e19-4730-8dc9-16988acc134e)
05/08/2026 10:48:15.228 DEBUG o.m.jdbc.message.server.OkPacket - Database change: is 'authenticationservice'
05/08/2026 10:48:15.228 DEBUG o.m.jdbc.client.impl.StandardClient - execute query: set sql_mode=CONCAT(@@sql_mode,',STRICT_TRANS_TABLES'),session_track_system_variables = CONCAT(@@global.session_track_system_variables,',transaction_isolation'),NAMES utf8mb4
05/08/2026 10:48:15.229 DEBUG o.m.jdbc.message.server.OkPacket - System variable change:  character_set_client = utf8mb4
05/08/2026 10:48:15.229 DEBUG o.m.jdbc.message.server.OkPacket - System variable change:  character_set_connection = utf8mb4
05/08/2026 10:48:15.229 DEBUG o.m.jdbc.message.server.OkPacket - System variable change:  character_set_results = utf8mb4
05/08/2026 10:48:15.229 DEBUG com.zaxxer.hikari.pool.PoolBase - HikariPool-1 - Established new connection (ae0cd6c5-1e19-4730-8dc9-16988acc134e)
05/08/2026 10:48:15.229 DEBUG com.zaxxer.hikari.pool.HikariPool - HikariPool-1 - Added connection org.mariadb.jdbc.Connection@6783cb4c
05/08/2026 10:48:15.272 DEBUG com.zaxxer.hikari.pool.HikariPool - HikariPool-1 - After adding stats (total=2/10, idle=2/10, active=0, waiting=0)
05/08/2026 10:48:15.272 DEBUG com.zaxxer.hikari.pool.PoolBase - HikariPool-1 - Attempting to create/setup new connection (608290a0-ca89-4607-ab42-ac09e6a0b682)
05/08/2026 10:48:15.275 DEBUG o.m.jdbc.message.server.OkPacket - Database change: is 'authenticationservice'
05/08/2026 10:48:15.275 DEBUG o.m.jdbc.client.impl.StandardClient - execute query: set sql_mode=CONCAT(@@sql_mode,',STRICT_TRANS_TABLES'),session_track_system_variables = CONCAT(@@global.session_track_system_variables,',transaction_isolation'),NAMES utf8mb4
05/08/2026 10:48:15.275 DEBUG o.m.jdbc.message.server.OkPacket - System variable change:  character_set_client = utf8mb4
05/08/2026 10:48:15.275 DEBUG o.m.jdbc.message.server.OkPacket - System variable change:  character_set_connection = utf8mb4
05/08/2026 10:48:15.275 DEBUG o.m.jdbc.message.server.OkPacket - System variable change:  character_set_results = utf8mb4
05/08/2026 10:48:15.275 DEBUG com.zaxxer.hikari.pool.PoolBase - HikariPool-1 - Established new connection (608290a0-ca89-4607-ab42-ac09e6a0b682)
05/08/2026 10:48:15.275 DEBUG com.zaxxer.hikari.pool.HikariPool - HikariPool-1 - Added connection org.mariadb.jdbc.Connection@23bb2e3c
05/08/2026 10:48:15.318 DEBUG com.zaxxer.hikari.pool.HikariPool - HikariPool-1 - After adding stats (total=3/10, idle=3/10, active=0, waiting=0)
05/08/2026 10:48:15.318 DEBUG com.zaxxer.hikari.pool.PoolBase - HikariPool-1 - Attempting to create/setup new connection (bfcd9910-140a-45ab-97eb-cc25f40ccd45)
05/08/2026 10:48:15.321 DEBUG o.m.jdbc.message.server.OkPacket - Database change: is 'authenticationservice'
05/08/2026 10:48:15.321 DEBUG o.m.jdbc.client.impl.StandardClient - execute query: set sql_mode=CONCAT(@@sql_mode,',STRICT_TRANS_TABLES'),session_track_system_variables = CONCAT(@@global.session_track_system_variables,',transaction_isolation'),NAMES utf8mb4
05/08/2026 10:48:15.321 DEBUG o.m.jdbc.message.server.OkPacket - System variable change:  character_set_client = utf8mb4
05/08/2026 10:48:15.321 DEBUG o.m.jdbc.message.server.OkPacket - System variable change:  character_set_connection = utf8mb4
05/08/2026 10:48:15.322 DEBUG o.m.jdbc.message.server.OkPacket - System variable change:  character_set_results = utf8mb4
05/08/2026 10:48:15.322 DEBUG com.zaxxer.hikari.pool.PoolBase - HikariPool-1 - Established new connection (bfcd9910-140a-45ab-97eb-cc25f40ccd45)
05/08/2026 10:48:15.322 DEBUG com.zaxxer.hikari.pool.HikariPool - HikariPool-1 - Added connection org.mariadb.jdbc.Connection@1664fb19
05/08/2026 10:48:15.333 DEBUG o.s.o.j.h.SpringBeanContainer - Falling back to Hibernate's default producer after bean creation failure for interface org.hibernate.context.spi.CurrentTenantIdentifierResolver: org.springframework.beans.factory.NoSuchBeanDefinitionException: No qualifying bean of type 'org.hibernate.context.spi.CurrentTenantIdentifierResolver<?>' available
05/08/2026 10:48:15.366 DEBUG com.zaxxer.hikari.pool.HikariPool - HikariPool-1 - After adding stats (total=4/10, idle=4/10, active=0, waiting=0)
05/08/2026 10:48:15.366 DEBUG com.zaxxer.hikari.pool.PoolBase - HikariPool-1 - Attempting to create/setup new connection (d4501daa-986f-4ca9-a918-5e730baeb99b)
05/08/2026 10:48:15.368 DEBUG o.m.jdbc.message.server.OkPacket - Database change: is 'authenticationservice'
05/08/2026 10:48:15.368 DEBUG o.m.jdbc.client.impl.StandardClient - execute query: set sql_mode=CONCAT(@@sql_mode,',STRICT_TRANS_TABLES'),session_track_system_variables = CONCAT(@@global.session_track_system_variables,',transaction_isolation'),NAMES utf8mb4
05/08/2026 10:48:15.369 DEBUG o.m.jdbc.message.server.OkPacket - System variable change:  character_set_client = utf8mb4
05/08/2026 10:48:15.369 DEBUG o.m.jdbc.message.server.OkPacket - System variable change:  character_set_connection = utf8mb4
05/08/2026 10:48:15.369 DEBUG o.m.jdbc.message.server.OkPacket - System variable change:  character_set_results = utf8mb4
05/08/2026 10:48:15.369 DEBUG com.zaxxer.hikari.pool.PoolBase - HikariPool-1 - Established new connection (d4501daa-986f-4ca9-a918-5e730baeb99b)
05/08/2026 10:48:15.369 DEBUG com.zaxxer.hikari.pool.HikariPool - HikariPool-1 - Added connection org.mariadb.jdbc.Connection@a930d38
05/08/2026 10:48:15.392 DEBUG o.h.internal.SessionFactoryImpl - HHH000030: Instantiating factory [e63dfdbf-6f11-47a0-b962-e8d18ddab462] with settings: {java.specification.version=21, sun.cpu.isalist=amd64, hibernate.resource.beans.container=org.springframework.orm.jpa.hibernate.SpringBeanContainer@1a4ae53d, hibernate.connection.handling_mode=DELAYED_ACQUISITION_AND_HOLD, sun.jnu.encoding=Cp1252, hibernate.implicit_naming_strategy=org.hibernate.boot.model.naming.ImplicitNamingStrategyLegacyJpaImpl, java.class.path=C:\Users\termo\Desktop\workspace\TruckingConfiguration\Modules\NeptuneWebAutheticator\target\test-classes;C:\Users\termo\Desktop\workspace\TruckingConfiguration\Modules\NeptuneWebAutheticator\target\classes;C:\Users\termo\.m2\repository\org\springframework\boot\spring-boot-starter-web\4.0.0\spring-boot-starter-web-4.0.0.jar;C:\Users\termo\.m2\repository\org\springframework\boot\spring-boot-starter-jackson\4.0.0\spring-boot-starter-jackson-4.0.0.jar;C:\Users\termo\.m2\repository\org\springframework\boot\spring-boot-jackson\4.0.0\spring-boot-jackson-4.0.0.jar;C:\Users\termo\.m2\repository\tools\jackson\core\jackson-databind\3.0.2\jackson-databind-3.0.2.jar;C:\Users\termo\.m2\repository\com\fasterxml\jackson\core\jackson-annotations\2.20\jackson-annotations-2.20.jar;C:\Users\termo\.m2\repository\tools\jackson\core\jackson-core\3.0.2\jackson-core-3.0.2.jar;C:\Users\termo\.m2\repository\org\springframework\boot\spring-boot-starter-tomcat\4.0.0\spring-boot-starter-tomcat-4.0.0.jar;C:\Users\termo\.m2\repository\org\springframework\boot\spring-boot-starter-tomcat-runtime\4.0.0\spring-boot-starter-tomcat-runtime-4.0.0.jar;C:\Users\termo\.m2\repository\org\springframework\boot\spring-boot-web-server\4.0.0\spring-boot-web-server-4.0.0.jar;C:\Users\termo\.m2\repository\org\apache\tomcat\embed\tomcat-embed-core\11.0.14\tomcat-embed-core-11.0.14.jar;C:\Users\termo\.m2\repository\org\apache\tomcat\embed\tomcat-embed-el\11.0.14\tomcat-embed-el-11.0.14.jar;C:\Users\termo\.m2\repository\org\apache\tomcat\embed\tomcat-embed-websocket\11.0.14\tomcat-embed-websocket-11.0.14.jar;C:\Users\termo\.m2\repository\org\springframework\boot\spring-boot-tomcat\4.0.0\spring-boot-tomcat-4.0.0.jar;C:\Users\termo\.m2\repository\org\springframework\boot\spring-boot-http-converter\4.0.0\spring-boot-http-converter-4.0.0.jar;C:\Users\termo\.m2\repository\org\springframework\boot\spring-boot\4.0.0\spring-boot-4.0.0.jar;C:\Users\termo\.m2\repository\org\springframework\spring-context\7.0.1\spring-context-7.0.1.jar;C:\Users\termo\.m2\repository\org\springframework\boot\spring-boot-webmvc\4.0.0\spring-boot-webmvc-4.0.0.jar;C:\Users\termo\.m2\repository\org\springframework\boot\spring-boot-servlet\4.0.0\spring-boot-servlet-4.0.0.jar;C:\Users\termo\.m2\repository\org\springframework\spring-webmvc\7.0.1\spring-webmvc-7.0.1.jar;C:\Users\termo\.m2\repository\org\springframework\spring-expression\7.0.1\spring-expression-7.0.1.jar;C:\Users\termo\.m2\repository\org\springframework\boot\spring-boot-starter-data-jpa\4.0.0\spring-boot-starter-data-jpa-4.0.0.jar;C:\Users\termo\.m2\repository\org\springframework\boot\spring-boot-starter\4.0.0\spring-boot-starter-4.0.0.jar;C:\Users\termo\.m2\repository\org\springframework\boot\spring-boot-starter-logging\4.0.0\spring-boot-starter-logging-4.0.0.jar;C:\Users\termo\.m2\repository\ch\qos\logback\logback-classic\1.5.21\logback-classic-1.5.21.jar;C:\Users\termo\.m2\repository\ch\qos\logback\logback-core\1.5.21\logback-core-1.5.21.jar;C:\Users\termo\.m2\repository\org\apache\logging\log4j\log4j-to-slf4j\2.25.2\log4j-to-slf4j-2.25.2.jar;C:\Users\termo\.m2\repository\org\apache\logging\log4j\log4j-api\2.25.2\log4j-api-2.25.2.jar;C:\Users\termo\.m2\repository\org\slf4j\jul-to-slf4j\2.0.17\jul-to-slf4j-2.0.17.jar;C:\Users\termo\.m2\repository\org\springframework\boot\spring-boot-autoconfigure\4.0.0\spring-boot-autoconfigure-4.0.0.jar;C:\Users\termo\.m2\repository\jakarta\annotation\jakarta.annotation-api\3.0.0\jakarta.annotation-api-3.0.0.jar;C:\Users\termo\.m2\repository\org\yaml\snakeyaml\2.5\snakeyaml-2.5.jar;C:\Users\termo\.m2\repository\org\springframework\boot\spring-boot-starter-jdbc\4.0.0\spring-boot-starter-jdbc-4.0.0.jar;C:\Users\termo\.m2\repository\com\zaxxer\HikariCP\7.0.2\HikariCP-7.0.2.jar;C:\Users\termo\.m2\repository\org\springframework\boot\spring-boot-data-jpa\4.0.0\spring-boot-data-jpa-4.0.0.jar;C:\Users\termo\.m2\repository\org\springframework\boot\spring-boot-data-commons\4.0.0\spring-boot-data-commons-4.0.0.jar;C:\Users\termo\.m2\repository\org\springframework\boot\spring-boot-persistence\4.0.0\spring-boot-persistence-4.0.0.jar;C:\Users\termo\.m2\repository\org\springframework\data\spring-data-commons\4.0.0\spring-data-commons-4.0.0.jar;C:\Users\termo\.m2\repository\org\springframework\boot\spring-boot-hibernate\4.0.0\spring-boot-hibernate-4.0.0.jar;C:\Users\termo\.m2\repository\org\springframework\boot\spring-boot-jpa\4.0.0\spring-boot-jpa-4.0.0.jar;C:\Users\termo\.m2\repository\jakarta\persistence\jakarta.persistence-api\3.2.0\jakarta.persistence-api-3.2.0.jar;C:\Users\termo\.m2\repository\org\hibernate\orm\hibernate-core\7.1.8.Final\hibernate-core-7.1.8.Final.jar;C:\Users\termo\.m2\repository\jakarta\transaction\jakarta.transaction-api\2.0.1\jakarta.transaction-api-2.0.1.jar;C:\Users\termo\.m2\repository\org\jboss\logging\jboss-logging\3.6.1.Final\jboss-logging-3.6.1.Final.jar;C:\Users\termo\.m2\repository\org\hibernate\models\hibernate-models\1.0.1\hibernate-models-1.0.1.jar;C:\Users\termo\.m2\repository\com\fasterxml\classmate\1.7.1\classmate-1.7.1.jar;C:\Users\termo\.m2\repository\org\glassfish\jaxb\jaxb-runtime\4.0.6\jaxb-runtime-4.0.6.jar;C:\Users\termo\.m2\repository\org\glassfish\jaxb\jaxb-core\4.0.6\jaxb-core-4.0.6.jar;C:\Users\termo\.m2\repository\org\glassfish\jaxb\txw2\4.0.6\txw2-4.0.6.jar;C:\Users\termo\.m2\repository\com\sun\istack\istack-commons-runtime\4.1.2\istack-commons-runtime-4.1.2.jar;C:\Users\termo\.m2\repository\jakarta\inject\jakarta.inject-api\2.0.1\jakarta.inject-api-2.0.1.jar;C:\Users\termo\.m2\repository\org\springframework\spring-orm\7.0.1\spring-orm-7.0.1.jar;C:\Users\termo\.m2\repository\org\springframework\data\spring-data-jpa\4.0.0\spring-data-jpa-4.0.0.jar;C:\Users\termo\.m2\repository\org\springframework\spring-tx\7.0.1\spring-tx-7.0.1.jar;C:\Users\termo\.m2\repository\org\antlr\antlr4-runtime\4.13.2\antlr4-runtime-4.13.2.jar;C:\Users\termo\.m2\repository\org\springframework\spring-aspects\7.0.1\spring-aspects-7.0.1.jar;C:\Users\termo\.m2\repository\org\aspectj\aspectjweaver\1.9.25\aspectjweaver-1.9.25.jar;C:\Users\termo\.m2\repository\org\springframework\boot\spring-boot-jdbc\4.0.0\spring-boot-jdbc-4.0.0.jar;C:\Users\termo\.m2\repository\org\springframework\boot\spring-boot-sql\4.0.0\spring-boot-sql-4.0.0.jar;C:\Users\termo\.m2\repository\org\springframework\boot\spring-boot-transaction\4.0.0\spring-boot-transaction-4.0.0.jar;C:\Users\termo\.m2\repository\org\springframework\spring-jdbc\7.0.1\spring-jdbc-7.0.1.jar;C:\Users\termo\.m2\repository\org\springframework\boot\spring-boot-starter-security\4.0.0\spring-boot-starter-security-4.0.0.jar;C:\Users\termo\.m2\repository\org\springframework\boot\spring-boot-security\4.0.0\spring-boot-security-4.0.0.jar;C:\Users\termo\.m2\repository\org\springframework\security\spring-security-config\7.0.0\spring-security-config-7.0.0.jar;C:\Users\termo\.m2\repository\org\springframework\security\spring-security-core\7.0.0\spring-security-core-7.0.0.jar;C:\Users\termo\.m2\repository\org\springframework\security\spring-security-crypto\7.0.0\spring-security-crypto-7.0.0.jar;C:\Users\termo\.m2\repository\org\springframework\security\spring-security-web\7.0.0\spring-security-web-7.0.0.jar;C:\Users\termo\.m2\repository\org\springframework\spring-aop\7.0.1\spring-aop-7.0.1.jar;C:\Users\termo\.m2\repository\org\springframework\spring-beans\7.0.1\spring-beans-7.0.1.jar;C:\Users\termo\.m2\repository\org\mariadb\jdbc\mariadb-java-client\3.5.6\mariadb-java-client-3.5.6.jar;C:\Users\termo\.m2\repository\org\projectlombok\lombok\1.18.42\lombok-1.18.42.jar;C:\Users\termo\.m2\repository\org\springframework\boot\spring-boot-starter-test\4.0.0\spring-boot-starter-test-4.0.0.jar;C:\Users\termo\.m2\repository\org\springframework\boot\spring-boot-test\4.0.0\spring-boot-test-4.0.0.jar;C:\Users\termo\.m2\repository\org\springframework\boot\spring-boot-test-autoconfigure\4.0.0\spring-boot-test-autoconfigure-4.0.0.jar;C:\Users\termo\.m2\repository\com\jayway\jsonpath\json-path\2.9.0\json-path-2.9.0.jar;C:\Users\termo\.m2\repository\org\slf4j\slf4j-api\2.0.17\slf4j-api-2.0.17.jar;C:\Users\termo\.m2\repository\jakarta\xml\bind\jakarta.xml.bind-api\4.0.4\jakarta.xml.bind-api-4.0.4.jar;C:\Users\termo\.m2\repository\jakarta\activation\jakarta.activation-api\2.1.4\jakarta.activation-api-2.1.4.jar;C:\Users\termo\.m2\repository\net\minidev\json-smart\2.6.0\json-smart-2.6.0.jar;C:\Users\termo\.m2\repository\net\minidev\accessors-smart\2.6.0\accessors-smart-2.6.0.jar;C:\Users\termo\.m2\repository\org\ow2\asm\asm\9.7.1\asm-9.7.1.jar;C:\Users\termo\.m2\repository\org\assertj\assertj-core\3.27.6\assertj-core-3.27.6.jar;C:\Users\termo\.m2\repository\net\bytebuddy\byte-buddy\1.17.8\byte-buddy-1.17.8.jar;C:\Users\termo\.m2\repository\org\awaitility\awaitility\4.3.0\awaitility-4.3.0.jar;C:\Users\termo\.m2\repository\org\hamcrest\hamcrest\3.0\hamcrest-3.0.jar;C:\Users\termo\.m2\repository\org\junit\jupiter\junit-jupiter\6.0.1\junit-jupiter-6.0.1.jar;C:\Users\termo\.m2\repository\org\junit\jupiter\junit-jupiter-api\6.0.1\junit-jupiter-api-6.0.1.jar;C:\Users\termo\.m2\repository\org\opentest4j\opentest4j\1.3.0\opentest4j-1.3.0.jar;C:\Users\termo\.m2\repository\org\junit\platform\junit-platform-commons\6.0.1\junit-platform-commons-6.0.1.jar;C:\Users\termo\.m2\repository\org\apiguardian\apiguardian-api\1.1.2\apiguardian-api-1.1.2.jar;C:\Users\termo\.m2\repository\org\junit\jupiter\junit-jupiter-params\6.0.1\junit-jupiter-params-6.0.1.jar;C:\Users\termo\.m2\repository\org\junit\jupiter\junit-jupiter-engine\6.0.1\junit-jupiter-engine-6.0.1.jar;C:\Users\termo\.m2\repository\org\junit\platform\junit-platform-engine\6.0.1\junit-platform-engine-6.0.1.jar;C:\Users\termo\.m2\repository\org\mockito\mockito-core\5.20.0\mockito-core-5.20.0.jar;C:\Users\termo\.m2\repository\net\bytebuddy\byte-buddy-agent\1.17.8\byte-buddy-agent-1.17.8.jar;C:\Users\termo\.m2\repository\org\objenesis\objenesis\3.3\objenesis-3.3.jar;C:\Users\termo\.m2\repository\org\mockito\mockito-junit-jupiter\5.20.0\mockito-junit-jupiter-5.20.0.jar;C:\Users\termo\.m2\repository\org\skyscreamer\jsonassert\1.5.3\jsonassert-1.5.3.jar;C:\Users\termo\.m2\repository\com\vaadin\external\google\android-json\0.0.20131108.vaadin1\android-json-0.0.20131108.vaadin1.jar;C:\Users\termo\.m2\repository\org\springframework\spring-core\7.0.1\spring-core-7.0.1.jar;C:\Users\termo\.m2\repository\commons-logging\commons-logging\1.3.5\commons-logging-1.3.5.jar;C:\Users\termo\.m2\repository\org\jspecify\jspecify\1.0.0\jspecify-1.0.0.jar;C:\Users\termo\.m2\repository\org\springframework\spring-test\7.0.1\spring-test-7.0.1.jar;C:\Users\termo\.m2\repository\org\xmlunit\xmlunit-core\2.10.4\xmlunit-core-2.10.4.jar;C:\Users\termo\.m2\repository\com\SMTPServerManager\SMTPServerManager\0.0.1-SNAPSHOT\SMTPServerManager-0.0.1-SNAPSHOT.jar;C:\Users\termo\.m2\repository\org\eclipse\angus\jakarta.mail\2.0.5\jakarta.mail-2.0.5.jar;C:\Users\termo\.m2\repository\org\eclipse\angus\angus-activation\2.0.3\angus-activation-2.0.3.jar;C:\Users\termo\.m2\repository\org\springframework\spring-web\7.0.1\spring-web-7.0.1.jar;C:\Users\termo\.m2\repository\io\micrometer\micrometer-observation\1.16.0\micrometer-observation-1.16.0.jar;C:\Users\termo\.m2\repository\io\micrometer\micrometer-commons\1.16.0\micrometer-commons-1.16.0.jar;, java.vm.vendor=Oracle Corporation, sun.arch.data.model=64, user.variant=, java.vendor.url=https://java.oracle.com/, user.timezone=Europe/Rome, jakarta.persistence.sharedCache.mode=UNSPECIFIED, org.jboss.logging.provider=slf4j, hibernate.jdbc.time_zone=UTC, java.vm.specification.version=21, os.name=Windows 11, APPLICATION_NAME=NeptuneWebAutheticator, jakarta.persistence.nonJtaDataSource=HikariDataSource (HikariPool-1), sun.java.launcher=SUN_STANDARD, user.country=IT, sun.boot.library.path=C:\Program Files\Java\jdk-21\bin, sun.java.command=C:\Users\termo\AppData\Local\Temp\surefire6665489788950141541\surefirebooter-20260805104811703_3.jar C:\Users\termo\AppData\Local\Temp\surefire6665489788950141541 2026-08-05T10-48-11_590-jvmRun1 surefire-20260805104811703_1tmp surefire_0-20260805104811703_2tmp, javax.persistence.nonJtaDataSource=HikariDataSource (HikariPool-1), hibernate.transaction.jta.platform=org.hibernate.engine.transaction.jta.platform.internal.NoJtaPlatform@1368e2f7, jdk.debug=release, surefire.test.class.path=C:\Users\termo\Desktop\workspace\TruckingConfiguration\Modules\NeptuneWebAutheticator\target\test-classes;C:\Users\termo\Desktop\workspace\TruckingConfiguration\Modules\NeptuneWebAutheticator\target\classes;C:\Users\termo\.m2\repository\org\springframework\boot\spring-boot-starter-web\4.0.0\spring-boot-starter-web-4.0.0.jar;C:\Users\termo\.m2\repository\org\springframework\boot\spring-boot-starter-jackson\4.0.0\spring-boot-starter-jackson-4.0.0.jar;C:\Users\termo\.m2\repository\org\springframework\boot\spring-boot-jackson\4.0.0\spring-boot-jackson-4.0.0.jar;C:\Users\termo\.m2\repository\tools\jackson\core\jackson-databind\3.0.2\jackson-databind-3.0.2.jar;C:\Users\termo\.m2\repository\com\fasterxml\jackson\core\jackson-annotations\2.20\jackson-annotations-2.20.jar;C:\Users\termo\.m2\repository\tools\jackson\core\jackson-core\3.0.2\jackson-core-3.0.2.jar;C:\Users\termo\.m2\repository\org\springframework\boot\spring-boot-starter-tomcat\4.0.0\spring-boot-starter-tomcat-4.0.0.jar;C:\Users\termo\.m2\repository\org\springframework\boot\spring-boot-starter-tomcat-runtime\4.0.0\spring-boot-starter-tomcat-runtime-4.0.0.jar;C:\Users\termo\.m2\repository\org\springframework\boot\spring-boot-web-server\4.0.0\spring-boot-web-server-4.0.0.jar;C:\Users\termo\.m2\repository\org\apache\tomcat\embed\tomcat-embed-core\11.0.14\tomcat-embed-core-11.0.14.jar;C:\Users\termo\.m2\repository\org\apache\tomcat\embed\tomcat-embed-el\11.0.14\tomcat-embed-el-11.0.14.jar;C:\Users\termo\.m2\repository\org\apache\tomcat\embed\tomcat-embed-websocket\11.0.14\tomcat-embed-websocket-11.0.14.jar;C:\Users\termo\.m2\repository\org\springframework\boot\spring-boot-tomcat\4.0.0\spring-boot-tomcat-4.0.0.jar;C:\Users\termo\.m2\repository\org\springframework\boot\spring-boot-http-converter\4.0.0\spring-boot-http-converter-4.0.0.jar;C:\Users\termo\.m2\repository\org\springframework\boot\spring-boot\4.0.0\spring-boot-4.0.0.jar;C:\Users\termo\.m2\repository\org\springframework\spring-context\7.0.1\spring-context-7.0.1.jar;C:\Users\termo\.m2\repository\org\springframework\boot\spring-boot-webmvc\4.0.0\spring-boot-webmvc-4.0.0.jar;C:\Users\termo\.m2\repository\org\springframework\boot\spring-boot-servlet\4.0.0\spring-boot-servlet-4.0.0.jar;C:\Users\termo\.m2\repository\org\springframework\spring-webmvc\7.0.1\spring-webmvc-7.0.1.jar;C:\Users\termo\.m2\repository\org\springframework\spring-expression\7.0.1\spring-expression-7.0.1.jar;C:\Users\termo\.m2\repository\org\springframework\boot\spring-boot-starter-data-jpa\4.0.0\spring-boot-starter-data-jpa-4.0.0.jar;C:\Users\termo\.m2\repository\org\springframework\boot\spring-boot-starter\4.0.0\spring-boot-starter-4.0.0.jar;C:\Users\termo\.m2\repository\org\springframework\boot\spring-boot-starter-logging\4.0.0\spring-boot-starter-logging-4.0.0.jar;C:\Users\termo\.m2\repository\ch\qos\logback\logback-classic\1.5.21\logback-classic-1.5.21.jar;C:\Users\termo\.m2\repository\ch\qos\logback\logback-core\1.5.21\logback-core-1.5.21.jar;C:\Users\termo\.m2\repository\org\apache\logging\log4j\log4j-to-slf4j\2.25.2\log4j-to-slf4j-2.25.2.jar;C:\Users\termo\.m2\repository\org\apache\logging\log4j\log4j-api\2.25.2\log4j-api-2.25.2.jar;C:\Users\termo\.m2\repository\org\slf4j\jul-to-slf4j\2.0.17\jul-to-slf4j-2.0.17.jar;C:\Users\termo\.m2\repository\org\springframework\boot\spring-boot-autoconfigure\4.0.0\spring-boot-autoconfigure-4.0.0.jar;C:\Users\termo\.m2\repository\jakarta\annotation\jakarta.annotation-api\3.0.0\jakarta.annotation-api-3.0.0.jar;C:\Users\termo\.m2\repository\org\yaml\snakeyaml\2.5\snakeyaml-2.5.jar;C:\Users\termo\.m2\repository\org\springframework\boot\spring-boot-starter-jdbc\4.0.0\spring-boot-starter-jdbc-4.0.0.jar;C:\Users\termo\.m2\repository\com\zaxxer\HikariCP\7.0.2\HikariCP-7.0.2.jar;C:\Users\termo\.m2\repository\org\springframework\boot\spring-boot-data-jpa\4.0.0\spring-boot-data-jpa-4.0.0.jar;C:\Users\termo\.m2\repository\org\springframework\boot\spring-boot-data-commons\4.0.0\spring-boot-data-commons-4.0.0.jar;C:\Users\termo\.m2\repository\org\springframework\boot\spring-boot-persistence\4.0.0\spring-boot-persistence-4.0.0.jar;C:\Users\termo\.m2\repository\org\springframework\data\spring-data-commons\4.0.0\spring-data-commons-4.0.0.jar;C:\Users\termo\.m2\repository\org\springframework\boot\spring-boot-hibernate\4.0.0\spring-boot-hibernate-4.0.0.jar;C:\Users\termo\.m2\repository\org\springframework\boot\spring-boot-jpa\4.0.0\spring-boot-jpa-4.0.0.jar;C:\Users\termo\.m2\repository\jakarta\persistence\jakarta.persistence-api\3.2.0\jakarta.persistence-api-3.2.0.jar;C:\Users\termo\.m2\repository\org\hibernate\orm\hibernate-core\7.1.8.Final\hibernate-core-7.1.8.Final.jar;C:\Users\termo\.m2\repository\jakarta\transaction\jakarta.transaction-api\2.0.1\jakarta.transaction-api-2.0.1.jar;C:\Users\termo\.m2\repository\org\jboss\logging\jboss-logging\3.6.1.Final\jboss-logging-3.6.1.Final.jar;C:\Users\termo\.m2\repository\org\hibernate\models\hibernate-models\1.0.1\hibernate-models-1.0.1.jar;C:\Users\termo\.m2\repository\com\fasterxml\classmate\1.7.1\classmate-1.7.1.jar;C:\Users\termo\.m2\repository\org\glassfish\jaxb\jaxb-runtime\4.0.6\jaxb-runtime-4.0.6.jar;C:\Users\termo\.m2\repository\org\glassfish\jaxb\jaxb-core\4.0.6\jaxb-core-4.0.6.jar;C:\Users\termo\.m2\repository\org\glassfish\jaxb\txw2\4.0.6\txw2-4.0.6.jar;C:\Users\termo\.m2\repository\com\sun\istack\istack-commons-runtime\4.1.2\istack-commons-runtime-4.1.2.jar;C:\Users\termo\.m2\repository\jakarta\inject\jakarta.inject-api\2.0.1\jakarta.inject-api-2.0.1.jar;C:\Users\termo\.m2\repository\org\springframework\spring-orm\7.0.1\spring-orm-7.0.1.jar;C:\Users\termo\.m2\repository\org\springframework\data\spring-data-jpa\4.0.0\spring-data-jpa-4.0.0.jar;C:\Users\termo\.m2\repository\org\springframework\spring-tx\7.0.1\spring-tx-7.0.1.jar;C:\Users\termo\.m2\repository\org\antlr\antlr4-runtime\4.13.2\antlr4-runtime-4.13.2.jar;C:\Users\termo\.m2\repository\org\springframework\spring-aspects\7.0.1\spring-aspects-7.0.1.jar;C:\Users\termo\.m2\repository\org\aspectj\aspectjweaver\1.9.25\aspectjweaver-1.9.25.jar;C:\Users\termo\.m2\repository\org\springframework\boot\spring-boot-jdbc\4.0.0\spring-boot-jdbc-4.0.0.jar;C:\Users\termo\.m2\repository\org\springframework\boot\spring-boot-sql\4.0.0\spring-boot-sql-4.0.0.jar;C:\Users\termo\.m2\repository\org\springframework\boot\spring-boot-transaction\4.0.0\spring-boot-transaction-4.0.0.jar;C:\Users\termo\.m2\repository\org\springframework\spring-jdbc\7.0.1\spring-jdbc-7.0.1.jar;C:\Users\termo\.m2\repository\org\springframework\boot\spring-boot-starter-security\4.0.0\spring-boot-starter-security-4.0.0.jar;C:\Users\termo\.m2\repository\org\springframework\boot\spring-boot-security\4.0.0\spring-boot-security-4.0.0.jar;C:\Users\termo\.m2\repository\org\springframework\security\spring-security-config\7.0.0\spring-security-config-7.0.0.jar;C:\Users\termo\.m2\repository\org\springframework\security\spring-security-core\7.0.0\spring-security-core-7.0.0.jar;C:\Users\termo\.m2\repository\org\springframework\security\spring-security-crypto\7.0.0\spring-security-crypto-7.0.0.jar;C:\Users\termo\.m2\repository\org\springframework\security\spring-security-web\7.0.0\spring-security-web-7.0.0.jar;C:\Users\termo\.m2\repository\org\springframework\spring-aop\7.0.1\spring-aop-7.0.1.jar;C:\Users\termo\.m2\repository\org\springframework\spring-beans\7.0.1\spring-beans-7.0.1.jar;C:\Users\termo\.m2\repository\org\mariadb\jdbc\mariadb-java-client\3.5.6\mariadb-java-client-3.5.6.jar;C:\Users\termo\.m2\repository\org\projectlombok\lombok\1.18.42\lombok-1.18.42.jar;C:\Users\termo\.m2\repository\org\springframework\boot\spring-boot-starter-test\4.0.0\spring-boot-starter-test-4.0.0.jar;C:\Users\termo\.m2\repository\org\springframework\boot\spring-boot-test\4.0.0\spring-boot-test-4.0.0.jar;C:\Users\termo\.m2\repository\org\springframework\boot\spring-boot-test-autoconfigure\4.0.0\spring-boot-test-autoconfigure-4.0.0.jar;C:\Users\termo\.m2\repository\com\jayway\jsonpath\json-path\2.9.0\json-path-2.9.0.jar;C:\Users\termo\.m2\repository\org\slf4j\slf4j-api\2.0.17\slf4j-api-2.0.17.jar;C:\Users\termo\.m2\repository\jakarta\xml\bind\jakarta.xml.bind-api\4.0.4\jakarta.xml.bind-api-4.0.4.jar;C:\Users\termo\.m2\repository\jakarta\activation\jakarta.activation-api\2.1.4\jakarta.activation-api-2.1.4.jar;C:\Users\termo\.m2\repository\net\minidev\json-smart\2.6.0\json-smart-2.6.0.jar;C:\Users\termo\.m2\repository\net\minidev\accessors-smart\2.6.0\accessors-smart-2.6.0.jar;C:\Users\termo\.m2\repository\org\ow2\asm\asm\9.7.1\asm-9.7.1.jar;C:\Users\termo\.m2\repository\org\assertj\assertj-core\3.27.6\assertj-core-3.27.6.jar;C:\Users\termo\.m2\repository\net\bytebuddy\byte-buddy\1.17.8\byte-buddy-1.17.8.jar;C:\Users\termo\.m2\repository\org\awaitility\awaitility\4.3.0\awaitility-4.3.0.jar;C:\Users\termo\.m2\repository\org\hamcrest\hamcrest\3.0\hamcrest-3.0.jar;C:\Users\termo\.m2\repository\org\junit\jupiter\junit-jupiter\6.0.1\junit-jupiter-6.0.1.jar;C:\Users\termo\.m2\repository\org\junit\jupiter\junit-jupiter-api\6.0.1\junit-jupiter-api-6.0.1.jar;C:\Users\termo\.m2\repository\org\opentest4j\opentest4j\1.3.0\opentest4j-1.3.0.jar;C:\Users\termo\.m2\repository\org\junit\platform\junit-platform-commons\6.0.1\junit-platform-commons-6.0.1.jar;C:\Users\termo\.m2\repository\org\apiguardian\apiguardian-api\1.1.2\apiguardian-api-1.1.2.jar;C:\Users\termo\.m2\repository\org\junit\jupiter\junit-jupiter-params\6.0.1\junit-jupiter-params-6.0.1.jar;C:\Users\termo\.m2\repository\org\junit\jupiter\junit-jupiter-engine\6.0.1\junit-jupiter-engine-6.0.1.jar;C:\Users\termo\.m2\repository\org\junit\platform\junit-platform-engine\6.0.1\junit-platform-engine-6.0.1.jar;C:\Users\termo\.m2\repository\org\mockito\mockito-core\5.20.0\mockito-core-5.20.0.jar;C:\Users\termo\.m2\repository\net\bytebuddy\byte-buddy-agent\1.17.8\byte-buddy-agent-1.17.8.jar;C:\Users\termo\.m2\repository\org\objenesis\objenesis\3.3\objenesis-3.3.jar;C:\Users\termo\.m2\repository\org\mockito\mockito-junit-jupiter\5.20.0\mockito-junit-jupiter-5.20.0.jar;C:\Users\termo\.m2\repository\org\skyscreamer\jsonassert\1.5.3\jsonassert-1.5.3.jar;C:\Users\termo\.m2\repository\com\vaadin\external\google\android-json\0.0.20131108.vaadin1\android-json-0.0.20131108.vaadin1.jar;C:\Users\termo\.m2\repository\org\springframework\spring-core\7.0.1\spring-core-7.0.1.jar;C:\Users\termo\.m2\repository\commons-logging\commons-logging\1.3.5\commons-logging-1.3.5.jar;C:\Users\termo\.m2\repository\org\jspecify\jspecify\1.0.0\jspecify-1.0.0.jar;C:\Users\termo\.m2\repository\org\springframework\spring-test\7.0.1\spring-test-7.0.1.jar;C:\Users\termo\.m2\repository\org\xmlunit\xmlunit-core\2.10.4\xmlunit-core-2.10.4.jar;C:\Users\termo\.m2\repository\com\SMTPServerManager\SMTPServerManager\0.0.1-SNAPSHOT\SMTPServerManager-0.0.1-SNAPSHOT.jar;C:\Users\termo\.m2\repository\org\eclipse\angus\jakarta.mail\2.0.5\jakarta.mail-2.0.5.jar;C:\Users\termo\.m2\repository\org\eclipse\angus\angus-activation\2.0.3\angus-activation-2.0.3.jar;C:\Users\termo\.m2\repository\org\springframework\spring-web\7.0.1\spring-web-7.0.1.jar;C:\Users\termo\.m2\repository\io\micrometer\micrometer-observation\1.16.0\micrometer-observation-1.16.0.jar;C:\Users\termo\.m2\repository\io\micrometer\micrometer-commons\1.16.0\micrometer-commons-1.16.0.jar;, sun.cpu.endian=little, hibernate.cdi.extensions=true, user.home=C:\Users\termo, user.language=it, java.specification.vendor=Oracle Corporation, java.version.date=2023-10-17, java.home=C:\Program Files\Java\jdk-21, file.separator=\, basedir=C:\Users\termo\Desktop\workspace\TruckingConfiguration\Modules\NeptuneWebAutheticator, java.vm.compressedOopsMode=Zero based, line.separator=
, hibernate.persistenceUnitName=default, java.vm.specification.vendor=Oracle Corporation, java.specification.name=Java Platform API Specification, FILE_LOG_CHARSET=UTF-8, hibernate.transaction.coordinator_class=class org.hibernate.resource.transaction.backend.jdbc.internal.JdbcResourceLocalTransactionCoordinatorBuilderImpl, java.awt.headless=true, surefire.real.class.path=C:\Users\termo\AppData\Local\Temp\surefire6665489788950141541\surefirebooter-20260805104811703_3.jar, jakarta.persistence.validation.mode=AUTO, hibernate.hbm2ddl.auto=update, user.script=, sun.management.compiler=HotSpot 64-Bit Tiered Compilers, java.runtime.version=21.0.1+12-LTS-29, user.name=termo, stdout.encoding=Cp1252, path.separator=;, os.version=10.0, java.runtime.name=Java(TM) SE Runtime Environment, file.encoding=UTF-8, java.vm.name=Java HotSpot(TM) 64-Bit Server VM, localRepository=C:\Users\termo\.m2\repository, java.vendor.url.bug=https://bugreport.java.com/bugreport/, java.io.tmpdir=C:\Users\termo\AppData\Local\Temp\, java.version=21.0.1, hibernate.physical_naming_strategy=org.hibernate.boot.model.naming.PhysicalNamingStrategyStandardImpl, user.dir=C:\Users\termo\Desktop\workspace\TruckingConfiguration\Modules\NeptuneWebAutheticator, os.arch=amd64, java.vm.specification.name=Java Virtual Machine Specification, PID=45084, sun.os.patch.level=, CONSOLE_LOG_CHARSET=UTF-8, hibernate.boot.CfgXmlAccessService.key=org.hibernate.boot.registry.StandardServiceRegistryBuilder$1@4d84688f, native.encoding=Cp1252, java.library.path=C:\Program Files\Java\jdk-21\bin;C:\WINDOWS\Sun\Java\bin;C:\WINDOWS\system32;C:\WINDOWS;C:\Program Files\apache-maven-3.9.9\bin;C:\Windows\System32;C:\Windows;C:\Windows\System32\wbem;C:\Windows\System32\WindowsPowerShell\v1.0\;C:\Windows\System32\OpenSSH\;C:\Program Files\PuTTY\;C:\Program Files\Git\cmd;C:\Program Files\TortoiseSVN\bin;C:\Program Files\Microsoft SQL Server\150\Tools\Binn\;C:\Users\termo\AppData\Roaming\nvm;C:\Program Files\nodejs;C:\xampp\php;C:\Program Files\WireGuard\;C:\Program Files (x86)\GnuPG\bin;C:\ProgramData\chocolatey\bin;C:\Program Files\Docker\Docker\resources\bin;C:\composer;C:\Program Files\PuTTY;C:\Program Files\dotnet\;C:\Program Files\Java\jdk-21\bin;C:\Windows\System32;C:\Program Files\MariaDB 11.4\bin;C:\Program Files\Microsoft Visual Studio\2022\Community\VC\Tools\MSVC\14.42.34433\bin\Hostx64\x64;C:\Python27;C:\src\flutter\bin;C:\Program Files (x86)\Windows Kits\10\Windows Performance Toolkit\;C:\Users\termo\AppData\Local\Programs\Python\Python313\Scripts\;C:\Users\termo\AppData\Local\Programs\Python\Python313\;C:\Users\termo\AppData\Local\Microsoft\WindowsApps;C:\Program Files\JetBrains\IntelliJ IDEA 2023.3.2\bin;;C:\Program Files\JetBrains\IntelliJ IDEA Community Edition 2023.3.2\bin;;C:\Users\termo\.dotnet\tools;C:\Users\termo\AppData\Roaming\npm;C:\Users\termo\AppData\Roaming\nvm;C:\Program Files\nodejs;C:\Users\termo\AppData\Local\GitHubDesktop\bin;C:\Users\termo\.jdks\temurin-1.8.0_392\bin;C:\Program Files\Java\jdk-21;C:\Program Files\apache-maven-3.9.9\bin;C:\Users\termo\AppData\Roaming\Composer\vendor\bin;C:\Users\termo\AppData\Local\Programs\Microsoft VS Code\bin;., stderr.encoding=Cp1252, java.vendor=Oracle Corporation, java.vm.info=mixed mode, sharing, java.vm.version=21.0.1+12-LTS-29, sun.io.unicode.encoding=UnicodeLittle, hibernate.archive.scanner=org.hibernate.boot.archive.scan.internal.DisabledScanner, hibernate.connection.datasource=HikariDataSource (HikariPool-1), java.class.version=65.0, LOGGED_APPLICATION_NAME=[NeptuneWebAutheticator] }
05/08/2026 10:48:15.413 DEBUG com.zaxxer.hikari.pool.HikariPool - HikariPool-1 - After adding stats (total=5/10, idle=5/10, active=0, waiting=0)
05/08/2026 10:48:15.413 DEBUG com.zaxxer.hikari.pool.PoolBase - HikariPool-1 - Attempting to create/setup new connection (8cecda18-6388-490b-a2ae-5338db6846ee)
05/08/2026 10:48:15.416 DEBUG o.m.jdbc.message.server.OkPacket - Database change: is 'authenticationservice'
05/08/2026 10:48:15.416 DEBUG o.m.jdbc.client.impl.StandardClient - execute query: set sql_mode=CONCAT(@@sql_mode,',STRICT_TRANS_TABLES'),session_track_system_variables = CONCAT(@@global.session_track_system_variables,',transaction_isolation'),NAMES utf8mb4
05/08/2026 10:48:15.416 DEBUG o.m.jdbc.message.server.OkPacket - System variable change:  character_set_client = utf8mb4
05/08/2026 10:48:15.417 DEBUG o.m.jdbc.message.server.OkPacket - System variable change:  character_set_connection = utf8mb4
05/08/2026 10:48:15.417 DEBUG o.m.jdbc.message.server.OkPacket - System variable change:  character_set_results = utf8mb4
05/08/2026 10:48:15.417 DEBUG com.zaxxer.hikari.pool.PoolBase - HikariPool-1 - Established new connection (8cecda18-6388-490b-a2ae-5338db6846ee)
05/08/2026 10:48:15.417 DEBUG com.zaxxer.hikari.pool.HikariPool - HikariPool-1 - Added connection org.mariadb.jdbc.Connection@7cf219df
05/08/2026 10:48:15.459 DEBUG com.zaxxer.hikari.pool.HikariPool - HikariPool-1 - After adding stats (total=6/10, idle=6/10, active=0, waiting=0)
05/08/2026 10:48:15.459 DEBUG com.zaxxer.hikari.pool.PoolBase - HikariPool-1 - Attempting to create/setup new connection (aef614c3-5c8c-4e6f-8805-520b0b67efa8)
05/08/2026 10:48:15.460 DEBUG org.hibernate.HQL_FUNCTIONS - Available HQL Functions:
	abs(NUMERIC arg)
	Double acos(NUMERIC arg)
	adddate(DATE datetime, INTEGER days)
	addtime(TIME datetime, TIME time)
	Boolean any(BOOLEAN arg)
	Integer ascii(STRING arg)
	Double asin(NUMERIC arg)
	Double atan(NUMERIC arg)
	Double atan2(NUMERIC arg0, NUMERIC arg1)
	avg(arg)
	bit_and(arg)
	Integer bit_length(STRING_OR_CLOB arg)
	bit_or(arg)
	bitand(arg0, arg1)
	bitnot(arg)
	bitor(arg0, arg1)
	bitxor(arg0, arg1)
	cast(arg as Type)
	ceiling(NUMERIC arg)
	Character char(INTEGER arg)
	Integer character_length(STRING_OR_CLOB arg)
	Character chr(INTEGER arg)
	coalesce(arg0[, arg1[, ...]])
	String collate(STRING string as COLLATION collation)
	String concat(STRING string0[, STRING string1[, ...]])
	Double cos(NUMERIC arg)
	Double cosh(NUMERIC arg)
	Double cot(NUMERIC arg)
	Long count([distinct ]{arg|*})
	Integer crc32(arg)
	Double cume_dist([arg0[, ...]])
	Date curdate()
	Date current date
	Time current time
	Timestamp current timestamp
	Date current_date
	Instant current_instant
	Time current_time
	Timestamp current_timestamp
	Time curtime()
	Date date(arg)
	dateadd(TEMPORAL_UNIT field, INTEGER magnitude, TEMPORAL datetime)
	Integer datediff(DATE end, DATE start)
	Integer day(DATE arg)
	String dayname(DATE arg)
	Integer dayofmonth(DATE arg)
	Integer dayofweek(DATE arg)
	Integer dayofyear(DATE arg)
	Double degrees(NUMERIC arg)
	Long dense_rank([arg0[, ...]])
	Boolean every(BOOLEAN arg)
	Double exp(NUMERIC arg)
	extract(TEMPORAL_UNIT field from TEMPORAL arg)
	first_valueANY value
	floor(NUMERIC arg)
	String format(TEMPORAL datetime as STRING pattern)
	greatest(COMPARABLE arg0, COMPARABLE arg1[, arg2[, ...]])
	String hex(arg)
	Integer hour(TIME arg)
	ifnull(arg0, arg1)
	String insert(STRING string, INTEGER start, INTEGER length, STRING replacement)
	Instant instant
	Integer instr(STRING string, STRING pattern[, INTEGER start[, INTEGER occurrence]])
	String json_array([arg0[, ...]])
	String json_array_append(IMPLICIT_JSON arg0, STRING arg1, ANY arg2)
	String json_array_insert(IMPLICIT_JSON arg0, STRING arg1, ANY arg2)
	String json_arrayagg(arg0[, arg1])
	Boolean json_exists(IMPLICIT_JSON arg0, STRING arg1)
	String json_insert(IMPLICIT_JSON arg0, STRING arg1, ANY arg2)
	String json_mergepatch(IMPLICIT_JSON arg0, IMPLICIT_JSON arg1[, arg2[, ...]])
	String json_object( ... )
	String json_objectagg(arg0, arg1[, arg2, arg3])
	String json_query( ... )
	String json_remove(IMPLICIT_JSON arg0, STRING arg1)
	String json_replace(IMPLICIT_JSON arg0, STRING arg1, ANY arg2)
	String json_set(IMPLICIT_JSON arg0, STRING arg1, ANY arg2)
	Boolean json_valid([arg0[, ...]])
	json_value( ... )
	lagANY value[, INTEGER offset[, ANY default]]
	Date last_day(DATE arg)
	last_valueANY value
	leadANY value[, INTEGER offset[, ANY default]]
	least(COMPARABLE arg0, COMPARABLE arg1[, arg2[, ...]])
	String left(STRING string, INTEGER length)
	Integer length(STRING_OR_CLOB arg)
	String listagg(STRING arg0, STRING arg1)
	Double ln(NUMERIC arg)
	LocalDate local date
	LocalDateTime local datetime
	LocalTime local time
	LocalDate local_date
	LocalDateTime local_datetime
	LocalTime local_time
	Time localtime
	Timestamp localtimestamp
	Integer locate(STRING pattern, STRING string[, INTEGER start])
	Double log(NUMERIC arg0[, NUMERIC arg1])
	Double log10(NUMERIC arg)
	Double log2(NUMERIC arg)
	String lower(STRING string)
	String lpad(string, length[, padding])
	String ltrim(STRING string[, STRING characters])
	Date makedate(INTEGER year, INTEGER dayofyear)
	Time maketime(INTEGER hour, INTEGER min, INTEGER sec)
	max(COMPARABLE arg)
	byte[] md5(arg)
	Double median(NUMERIC arg)
	Integer microsecond(TIME arg)
	min(COMPARABLE arg)
	Integer minute(TIME arg)
	Integer mod(INTEGER arg0, INTEGER arg1)
	Integer month(DATE arg)
	String monthname(DATE arg)
	Timestamp now()
	nth_valueANY value, INTEGER nth
	nullif(arg0, arg1)
	Integer octet_length(STRING_OR_CLOB arg)
	OffsetDateTime offset datetime
	OffsetDateTime offset_datetime
	Integer ordinal(ENUM arg)
	String overlay(STRING string placing STRING replacement from INTEGER start[ for INTEGER length])
	String pad(STRING string with INTEGER length {leading|trailing}[ STRING character])
	Double percent_rank([arg0[, ...]])
	percentile_cont(NUMERIC arg)
	percentile_disc(NUMERIC arg)
	Double pi
	Integer position(STRING pattern in STRING string)
	Double power(NUMERIC arg0, NUMERIC arg1)
	Integer quarter(DATE arg)
	Double radians(NUMERIC arg)
	Double rand([INTEGER seed])
	Long rank([arg0[, ...]])
	String repeat(STRING string, INTEGER times)
	String replace(STRING string, STRING pattern, STRING replacement)
	String reverse(STRING arg)
	String right(STRING string, INTEGER length)
	round(NUMERIC number[, INTEGER places])
	Long row_number()
	String rpad(string, length[, padding])
	String rtrim(STRING string[, STRING characters])
	Integer second(TIME arg)
	byte[] sha(arg)
	String sha1(arg)
	String sha2(arg0, arg1)
	Integer sign(NUMERIC arg)
	Double sin(NUMERIC arg)
	Double sinh(NUMERIC arg)
	String soundex(arg)
	String space(INTEGER arg)
	sql
	Double sqrt(NUMERIC arg)
	Double stddev(NUMERIC arg)
	Double stddev_pop(NUMERIC arg)
	Double stddev_samp(NUMERIC arg)
	String str(arg)
	String string(ENUM arg)
	subdate(DATE datetime, INTEGER days)
	String substr(STRING string, INTEGER start[, INTEGER length])
	String substring(STRING string{ from|,} INTEGER start[{ for|,} INTEGER length])
	subtime(TIME datetime, TIME time)
	sum(arg)
	Timestamp sysdate()
	Double tan(NUMERIC arg)
	Double tanh(NUMERIC arg)
	String time(arg)
	Timestamp timestamp(arg0[, arg1])
	timestampadd(TEMPORAL_UNIT field, INTEGER magnitude, TEMPORAL datetime)
	Long|Double timestampdiff(TEMPORAL_UNIT field, TEMPORAL start, TEMPORAL end)
	String trim([[{leading|trailing|both} ][STRING arg0 ]from] STRING arg1)
	trunc( ... )
	truncate( ... )
	String upper(STRING string)
	Date utc_date
	Time utc_time
	Timestamp utc_timestamp
	Double var_pop(NUMERIC arg)
	Double var_samp(NUMERIC arg)
	Double variance(NUMERIC arg)
	Integer week(DATE arg)
	Integer year(DATE arg)

05/08/2026 10:48:15.461 DEBUG o.m.jdbc.message.server.OkPacket - Database change: is 'authenticationservice'
05/08/2026 10:48:15.461 DEBUG o.m.jdbc.client.impl.StandardClient - execute query: set sql_mode=CONCAT(@@sql_mode,',STRICT_TRANS_TABLES'),session_track_system_variables = CONCAT(@@global.session_track_system_variables,',transaction_isolation'),NAMES utf8mb4
05/08/2026 10:48:15.461 DEBUG o.m.jdbc.message.server.OkPacket - System variable change:  character_set_client = utf8mb4
05/08/2026 10:48:15.461 DEBUG o.m.jdbc.message.server.OkPacket - System variable change:  character_set_connection = utf8mb4
05/08/2026 10:48:15.461 DEBUG o.m.jdbc.message.server.OkPacket - System variable change:  character_set_results = utf8mb4
05/08/2026 10:48:15.461 DEBUG com.zaxxer.hikari.pool.PoolBase - HikariPool-1 - Established new connection (aef614c3-5c8c-4e6f-8805-520b0b67efa8)
05/08/2026 10:48:15.461 DEBUG com.zaxxer.hikari.pool.HikariPool - HikariPool-1 - Added connection org.mariadb.jdbc.Connection@254d2162
05/08/2026 10:48:15.506 DEBUG com.zaxxer.hikari.pool.HikariPool - HikariPool-1 - After adding stats (total=7/10, idle=7/10, active=0, waiting=0)
05/08/2026 10:48:15.506 DEBUG com.zaxxer.hikari.pool.PoolBase - HikariPool-1 - Attempting to create/setup new connection (d05e6320-5b73-4f89-9e63-3c3970f5d6ac)
05/08/2026 10:48:15.508 DEBUG o.m.jdbc.message.server.OkPacket - Database change: is 'authenticationservice'
05/08/2026 10:48:15.509 DEBUG o.m.jdbc.client.impl.StandardClient - execute query: set sql_mode=CONCAT(@@sql_mode,',STRICT_TRANS_TABLES'),session_track_system_variables = CONCAT(@@global.session_track_system_variables,',transaction_isolation'),NAMES utf8mb4
05/08/2026 10:48:15.509 DEBUG o.m.jdbc.message.server.OkPacket - System variable change:  character_set_client = utf8mb4
05/08/2026 10:48:15.509 DEBUG o.m.jdbc.message.server.OkPacket - System variable change:  character_set_connection = utf8mb4
05/08/2026 10:48:15.509 DEBUG o.m.jdbc.message.server.OkPacket - System variable change:  character_set_results = utf8mb4
05/08/2026 10:48:15.509 DEBUG com.zaxxer.hikari.pool.PoolBase - HikariPool-1 - Established new connection (d05e6320-5b73-4f89-9e63-3c3970f5d6ac)
05/08/2026 10:48:15.509 DEBUG com.zaxxer.hikari.pool.HikariPool - HikariPool-1 - Added connection org.mariadb.jdbc.Connection@29788284
05/08/2026 10:48:15.551 DEBUG com.zaxxer.hikari.pool.HikariPool - HikariPool-1 - After adding stats (total=8/10, idle=8/10, active=0, waiting=0)
05/08/2026 10:48:15.551 DEBUG com.zaxxer.hikari.pool.PoolBase - HikariPool-1 - Attempting to create/setup new connection (5c6ee61d-9d21-4ca1-9a5f-e6c3b5e87ffa)
05/08/2026 10:48:15.553 DEBUG o.m.jdbc.message.server.OkPacket - Database change: is 'authenticationservice'
05/08/2026 10:48:15.553 DEBUG o.m.jdbc.client.impl.StandardClient - execute query: set sql_mode=CONCAT(@@sql_mode,',STRICT_TRANS_TABLES'),session_track_system_variables = CONCAT(@@global.session_track_system_variables,',transaction_isolation'),NAMES utf8mb4
05/08/2026 10:48:15.554 DEBUG o.m.jdbc.message.server.OkPacket - System variable change:  character_set_client = utf8mb4
05/08/2026 10:48:15.554 DEBUG o.m.jdbc.message.server.OkPacket - System variable change:  character_set_connection = utf8mb4
05/08/2026 10:48:15.554 DEBUG o.m.jdbc.message.server.OkPacket - System variable change:  character_set_results = utf8mb4
05/08/2026 10:48:15.554 DEBUG com.zaxxer.hikari.pool.PoolBase - HikariPool-1 - Established new connection (5c6ee61d-9d21-4ca1-9a5f-e6c3b5e87ffa)
05/08/2026 10:48:15.554 DEBUG com.zaxxer.hikari.pool.HikariPool - HikariPool-1 - Added connection org.mariadb.jdbc.Connection@4d47feb9
05/08/2026 10:48:15.598 DEBUG com.zaxxer.hikari.pool.HikariPool - HikariPool-1 - After adding stats (total=9/10, idle=9/10, active=0, waiting=0)
05/08/2026 10:48:15.598 DEBUG com.zaxxer.hikari.pool.PoolBase - HikariPool-1 - Attempting to create/setup new connection (118a1801-f750-4f49-85c5-90c7f1632e2f)
05/08/2026 10:48:15.601 DEBUG o.m.jdbc.message.server.OkPacket - Database change: is 'authenticationservice'
05/08/2026 10:48:15.601 DEBUG o.m.jdbc.client.impl.StandardClient - execute query: set sql_mode=CONCAT(@@sql_mode,',STRICT_TRANS_TABLES'),session_track_system_variables = CONCAT(@@global.session_track_system_variables,',transaction_isolation'),NAMES utf8mb4
05/08/2026 10:48:15.603 DEBUG o.m.jdbc.message.server.OkPacket - System variable change:  character_set_client = utf8mb4
05/08/2026 10:48:15.603 DEBUG o.m.jdbc.message.server.OkPacket - System variable change:  character_set_connection = utf8mb4
05/08/2026 10:48:15.603 DEBUG o.m.jdbc.message.server.OkPacket - System variable change:  character_set_results = utf8mb4
05/08/2026 10:48:15.603 DEBUG com.zaxxer.hikari.pool.PoolBase - HikariPool-1 - Established new connection (118a1801-f750-4f49-85c5-90c7f1632e2f)
05/08/2026 10:48:15.603 DEBUG com.zaxxer.hikari.pool.HikariPool - HikariPool-1 - Added connection org.mariadb.jdbc.Connection@5494f18b
05/08/2026 10:48:15.645 DEBUG com.zaxxer.hikari.pool.HikariPool - HikariPool-1 - After adding stats (total=10/10, idle=10/10, active=0, waiting=0)
05/08/2026 10:48:15.696 DEBUG o.h.b.i.b.BytecodeProviderImpl - HHH000513: Unable to create the ReflectionOptimizer for [com.NeptuneWebAutheticator.Entity.Tenant]: private accessor [password]
05/08/2026 10:48:15.712 DEBUG o.h.b.i.b.BytecodeProviderImpl - HHH000513: Unable to create the ReflectionOptimizer for [com.NeptuneWebAutheticator.Entity.Machine]: private accessor [ipAddress]
05/08/2026 10:48:15.723 DEBUG o.h.b.i.b.BytecodeProviderImpl - HHH000513: Unable to create the ReflectionOptimizer for [com.NeptuneWebAutheticator.Entity.Token]: private accessor [expirationDate]
05/08/2026 10:48:15.882 INFO  o.h.e.t.j.p.i.JtaPlatformInitiator - HHH000489: No JTA platform available (set 'hibernate.transaction.jta.platform' to enable JTA platform integration)
05/08/2026 10:48:15.887 DEBUG o.h.s.i.SessionFactoryServiceRegistryImpl - EventListenerRegistry access via ServiceRegistry is deprecated - use 'sessionFactory.getEventEngine().getListenerRegistry()' instead
05/08/2026 10:48:15.906 DEBUG o.m.jdbc.client.impl.StandardClient - execute query: select table_name from information_schema.TABLES where table_schema=database() and table_type='SEQUENCE'
05/08/2026 10:48:15.912 DEBUG o.m.jdbc.client.impl.StandardClient - execute query: SELECT TABLE_SCHEMA TABLE_CAT, NULL TABLE_SCHEM, TABLE_NAME,   IF(TABLE_SCHEMA IN ('mysql', 'performance_schema', 'sys'), IF(TABLE_TYPE='BASE TABLE', 'SYSTEM TABLE', IF(TABLE_TYPE='VIEW', 'SYSTEM VIEW', TABLE_TYPE)), IF(TABLE_TYPE='BASE TABLE' or TABLE_TYPE='SYSTEM VERSIONED', 'TABLE', IF(TABLE_TYPE='TEMPORARY', 'LOCAL TEMPORARY', TABLE_TYPE))) as TABLE_TYPE,  TABLE_COMMENT REMARKS, NULL TYPE_CAT, NULL TYPE_SCHEM, NULL TYPE_NAME, NULL SELF_REFERENCING_COL_NAME,  NULL REF_GENERATION FROM INFORMATION_SCHEMA.TABLES WHERE TABLE_SCHEMA='authenticationservice' AND  TABLE_TYPE IN ('BASE TABLE','SYSTEM VERSIONED','VIEW') ORDER BY TABLE_TYPE,TABLE_CAT,TABLE_SCHEMA,TABLE_NAME
05/08/2026 10:48:15.913 DEBUG o.m.jdbc.client.impl.StandardClient - execute query: SELECT TABLE_SCHEMA TABLE_CAT, NULL TABLE_SCHEM, TABLE_NAME, COLUMN_NAME, CASE data_type WHEN 'bit' THEN -7 WHEN 'tinyblob' THEN -3 WHEN 'mediumblob' THEN -4 WHEN 'longblob' THEN -4 WHEN 'blob' THEN -4 WHEN 'tinytext' THEN 12 WHEN 'mediumtext' THEN -1 WHEN 'longtext' THEN -1 WHEN 'text' THEN -1 WHEN 'date' THEN 91 WHEN 'datetime' THEN 93 WHEN 'decimal' THEN 3 WHEN 'double' THEN 8 WHEN 'enum' THEN 12 WHEN 'float' THEN 7 WHEN 'int' THEN IF( COLUMN_TYPE like '%unsigned%', 4,4) WHEN 'bigint' THEN -5 WHEN 'mediumint' THEN 4 WHEN 'null' THEN 0 WHEN 'set' THEN 12 WHEN 'smallint' THEN IF( COLUMN_TYPE like '%unsigned%', 5,5) WHEN 'varchar' THEN 12 WHEN 'varbinary' THEN -3 WHEN 'char' THEN 1 WHEN 'binary' THEN -2 WHEN 'time' THEN 92 WHEN 'timestamp' THEN 93 WHEN 'tinyint' THEN IF(COLUMN_TYPE like 'tinyint(1)%',16,-6)  WHEN 'year' THEN 91 ELSE 1111 END  DATA_TYPE, IF(COLUMN_TYPE like 'tinyint(1)%', 'BOOLEAN',  UCASE(IF( COLUMN_TYPE LIKE '%(%)%', CONCAT(SUBSTRING( COLUMN_TYPE,1, LOCATE('(',COLUMN_TYPE) - 1 ), SUBSTRING(COLUMN_TYPE ,1+locate(')', COLUMN_TYPE))), COLUMN_TYPE))) TYPE_NAME, CASE DATA_TYPE WHEN 'date' THEN 10  WHEN 'time' THEN IF(DATETIME_PRECISION = 0, 10, CAST(11 + DATETIME_PRECISION as signed integer))  WHEN 'datetime' THEN IF(DATETIME_PRECISION = 0, 19, CAST(20 + DATETIME_PRECISION as signed integer))  WHEN 'timestamp' THEN IF(DATETIME_PRECISION = 0, 19, CAST(20 + DATETIME_PRECISION as signed integer))  ELSE   IF(NUMERIC_PRECISION IS NULL, LEAST(CHARACTER_MAXIMUM_LENGTH,2147483647), NUMERIC_PRECISION)  END COLUMN_SIZE, 65535 BUFFER_LENGTH,  CONVERT (CASE DATA_TYPE WHEN 'year' THEN NUMERIC_SCALE WHEN 'tinyint' THEN 0 ELSE NUMERIC_SCALE END, UNSIGNED INTEGER) DECIMAL_DIGITS, 10 NUM_PREC_RADIX, IF(IS_NULLABLE = 'yes',1,0) NULLABLE,COLUMN_COMMENT REMARKS, COLUMN_DEFAULT COLUMN_DEF, 0 SQL_DATA_TYPE, 0 SQL_DATETIME_SUB,   LEAST(CHARACTER_OCTET_LENGTH,2147483647) CHAR_OCTET_LENGTH, ORDINAL_POSITION, IS_NULLABLE, NULL SCOPE_CATALOG, NULL SCOPE_SCHEMA, NULL SCOPE_TABLE, NULL SOURCE_DATA_TYPE, IF(EXTRA = 'auto_increment','YES','NO') IS_AUTOINCREMENT,  IF(EXTRA in ('VIRTUAL', 'PERSISTENT', 'VIRTUAL GENERATED', 'STORED GENERATED') ,'YES','NO') IS_GENERATEDCOLUMN  FROM INFORMATION_SCHEMA.COLUMNS WHERE TABLE_SCHEMA='authenticationservice' ORDER BY TABLE_CAT, TABLE_SCHEM, TABLE_NAME, ORDINAL_POSITION
05/08/2026 10:48:15.934 DEBUG org.hibernate.mapping.Table - No alter strings for table : Machines
05/08/2026 10:48:15.935 DEBUG org.hibernate.mapping.Table - No alter strings for table : Tenants
05/08/2026 10:48:15.935 DEBUG org.hibernate.mapping.Table - No alter strings for table : Token
05/08/2026 10:48:15.936 DEBUG o.m.jdbc.client.impl.StandardClient - execute query: SHOW CREATE TABLE `authenticationservice`.`machines`
05/08/2026 10:48:15.937 DEBUG o.m.jdbc.client.impl.StandardClient - execute query: SHOW CREATE TABLE `authenticationservice`.`tenants`
05/08/2026 10:48:15.938 DEBUG o.m.jdbc.client.impl.StandardClient - execute query: SELECT TABLE_SCHEMA TABLE_CAT, NULL TABLE_SCHEM, TABLE_NAME,   IF(TABLE_SCHEMA IN ('mysql', 'performance_schema', 'sys'), IF(TABLE_TYPE='BASE TABLE', 'SYSTEM TABLE', IF(TABLE_TYPE='VIEW', 'SYSTEM VIEW', TABLE_TYPE)), IF(TABLE_TYPE='BASE TABLE' or TABLE_TYPE='SYSTEM VERSIONED', 'TABLE', IF(TABLE_TYPE='TEMPORARY', 'LOCAL TEMPORARY', TABLE_TYPE))) as TABLE_TYPE,  TABLE_COMMENT REMARKS, NULL TYPE_CAT, NULL TYPE_SCHEM, NULL TYPE_NAME, NULL SELF_REFERENCING_COL_NAME,  NULL REF_GENERATION FROM INFORMATION_SCHEMA.TABLES WHERE TABLE_SCHEMA='authenticationservice' AND TABLE_NAME='tenants' AND  TABLE_TYPE IN ('BASE TABLE','SYSTEM VERSIONED','VIEW') ORDER BY TABLE_TYPE,TABLE_CAT,TABLE_SCHEMA,TABLE_NAME
05/08/2026 10:48:15.940 DEBUG o.m.jdbc.client.impl.StandardClient - execute query: select * from `authenticationservice`.`tenants` where 1=0
05/08/2026 10:48:15.944 DEBUG org.hibernate.orm.factoryRegistry - HHH020384: Registering SessionFactory: e63dfdbf-6f11-47a0-b962-e8d18ddab462 (default)
05/08/2026 10:48:15.944 INFO  o.s.o.j.LocalContainerEntityManagerFactoryBean - Initialized JPA EntityManagerFactory for persistence unit 'default'
05/08/2026 10:48:15.964 DEBUG o.s.b.f.s.DefaultListableBeanFactory - Creating shared instance of singleton bean 'neptuneWebAutheticatorApplication'
05/08/2026 10:48:15.964 DEBUG o.s.b.f.s.DefaultListableBeanFactory - Creating shared instance of singleton bean 'securityConfig'
05/08/2026 10:48:15.965 DEBUG o.s.b.f.s.DefaultListableBeanFactory - Creating shared instance of singleton bean 'authenticationController'
05/08/2026 10:48:15.969 DEBUG o.s.b.f.s.DefaultListableBeanFactory - Creating shared instance of singleton bean 'authenticationServiceImpl'
05/08/2026 10:48:15.970 DEBUG o.s.b.f.s.DefaultListableBeanFactory - Creating shared instance of singleton bean 'tenantRepository'
05/08/2026 10:48:15.976 DEBUG o.s.b.f.s.DefaultListableBeanFactory - Creating shared instance of singleton bean 'jpa.named-queries#2'
05/08/2026 10:48:15.979 DEBUG o.s.b.f.s.DefaultListableBeanFactory - Creating shared instance of singleton bean 'jpa.TenantRepository.fragments#0'
05/08/2026 10:48:15.981 DEBUG o.s.b.f.s.DefaultListableBeanFactory - Creating shared instance of singleton bean 'jpaSharedEM_entityManagerFactory'
05/08/2026 10:48:15.991 DEBUG o.s.b.f.s.DefaultListableBeanFactory - Creating shared instance of singleton bean 'jpaMappingContext'
05/08/2026 10:48:15.991 DEBUG o.s.d.j.r.c.JpaMetamodelMappingContextFactoryBean - Initializing JpaMetamodelMappingContext…
05/08/2026 10:48:16.005 DEBUG o.s.d.j.r.c.JpaMetamodelMappingContextFactoryBean - Finished initializing JpaMetamodelMappingContext
05/08/2026 10:48:16.029 INFO  o.s.d.j.r.q.QueryEnhancerFactories - Hibernate is in classpath; If applicable, HQL parser will be used.
05/08/2026 10:48:16.077 DEBUG o.s.d.r.c.s.RepositoryFactorySupport - Initializing repository instance for com.NeptuneWebAutheticator.Repository.TenantRepository…
05/08/2026 10:48:16.167 DEBUG org.hibernate.session.metrics - HHH000401: Logging session metrics:
	0 ns acquiring 0 JDBC connections
	0 ns releasing 0 JDBC connections
	0 ns preparing 0 JDBC statements
	0 ns executing 0 JDBC statements
	0 ns executing 0 JDBC batches
	0 ns performing 0 second-level cache puts
	0 ns performing 0 second-level cache hits
	0 ns performing 0 second-level cache misses
	0 ns executing 0 flushes (flushing a total of 0 entities and 0 collections)
	0 ns executing 0 pre-partial-flushes
	0 ns executing 0 partial-flushes (flushing a total of 0 entities and 0 collections)

05/08/2026 10:48:16.168 DEBUG o.s.d.j.repository.query.NamedQuery - Did not find named query Tenant.findByUsername.count
05/08/2026 10:48:16.664 DEBUG org.hibernate.session.metrics - HHH000401: Logging session metrics:
	0 ns acquiring 0 JDBC connections
	0 ns releasing 0 JDBC connections
	0 ns preparing 0 JDBC statements
	0 ns executing 0 JDBC statements
	0 ns executing 0 JDBC batches
	0 ns performing 0 second-level cache puts
	0 ns performing 0 second-level cache hits
	0 ns performing 0 second-level cache misses
	0 ns executing 0 flushes (flushing a total of 0 entities and 0 collections)
	0 ns executing 0 pre-partial-flushes
	0 ns executing 0 partial-flushes (flushing a total of 0 entities and 0 collections)

05/08/2026 10:48:16.666 DEBUG org.hibernate.session.metrics - HHH000401: Logging session metrics:
	0 ns acquiring 0 JDBC connections
	0 ns releasing 0 JDBC connections
	0 ns preparing 0 JDBC statements
	0 ns executing 0 JDBC statements
	0 ns executing 0 JDBC batches
	0 ns performing 0 second-level cache puts
	0 ns performing 0 second-level cache hits
	0 ns performing 0 second-level cache misses
	0 ns executing 0 flushes (flushing a total of 0 entities and 0 collections)
	0 ns executing 0 pre-partial-flushes
	0 ns executing 0 partial-flushes (flushing a total of 0 entities and 0 collections)

05/08/2026 10:48:16.666 DEBUG o.s.d.j.repository.query.NamedQuery - Did not find named query Tenant.findByUsernameAndPassword.count
05/08/2026 10:48:16.679 DEBUG org.hibernate.session.metrics - HHH000401: Logging session metrics:
	0 ns acquiring 0 JDBC connections
	0 ns releasing 0 JDBC connections
	0 ns preparing 0 JDBC statements
	0 ns executing 0 JDBC statements
	0 ns executing 0 JDBC batches
	0 ns performing 0 second-level cache puts
	0 ns performing 0 second-level cache hits
	0 ns performing 0 second-level cache misses
	0 ns executing 0 flushes (flushing a total of 0 entities and 0 collections)
	0 ns executing 0 pre-partial-flushes
	0 ns executing 0 partial-flushes (flushing a total of 0 entities and 0 collections)

05/08/2026 10:48:16.682 DEBUG o.s.d.r.c.s.RepositoryFactorySupport - Finished creation of repository instance for com.NeptuneWebAutheticator.Repository.TenantRepository.
05/08/2026 10:48:16.684 DEBUG o.s.b.f.s.DefaultListableBeanFactory - Creating shared instance of singleton bean 'tokenRepository'
05/08/2026 10:48:16.685 DEBUG o.s.b.f.s.DefaultListableBeanFactory - Creating shared instance of singleton bean 'jpa.named-queries#0'
05/08/2026 10:48:16.687 DEBUG o.s.b.f.s.DefaultListableBeanFactory - Creating shared instance of singleton bean 'jpa.TokenRepository.fragments#0'
05/08/2026 10:48:16.690 DEBUG o.s.d.r.c.s.RepositoryFactorySupport - Initializing repository instance for com.NeptuneWebAutheticator.Repository.TokenRepository…
05/08/2026 10:48:16.692 DEBUG org.hibernate.session.metrics - HHH000401: Logging session metrics:
	0 ns acquiring 0 JDBC connections
	0 ns releasing 0 JDBC connections
	0 ns preparing 0 JDBC statements
	0 ns executing 0 JDBC statements
	0 ns executing 0 JDBC batches
	0 ns performing 0 second-level cache puts
	0 ns performing 0 second-level cache hits
	0 ns performing 0 second-level cache misses
	0 ns executing 0 flushes (flushing a total of 0 entities and 0 collections)
	0 ns executing 0 pre-partial-flushes
	0 ns executing 0 partial-flushes (flushing a total of 0 entities and 0 collections)

05/08/2026 10:48:16.692 DEBUG o.s.d.j.repository.query.NamedQuery - Did not find named query Token.findByToken.count
05/08/2026 10:48:16.695 DEBUG org.hibernate.session.metrics - HHH000401: Logging session metrics:
	0 ns acquiring 0 JDBC connections
	0 ns releasing 0 JDBC connections
	0 ns preparing 0 JDBC statements
	0 ns executing 0 JDBC statements
	0 ns executing 0 JDBC batches
	0 ns performing 0 second-level cache puts
	0 ns performing 0 second-level cache hits
	0 ns performing 0 second-level cache misses
	0 ns executing 0 flushes (flushing a total of 0 entities and 0 collections)
	0 ns executing 0 pre-partial-flushes
	0 ns executing 0 partial-flushes (flushing a total of 0 entities and 0 collections)

05/08/2026 10:48:16.696 DEBUG org.hibernate.session.metrics - HHH000401: Logging session metrics:
	0 ns acquiring 0 JDBC connections
	0 ns releasing 0 JDBC connections
	0 ns preparing 0 JDBC statements
	0 ns executing 0 JDBC statements
	0 ns executing 0 JDBC batches
	0 ns performing 0 second-level cache puts
	0 ns performing 0 second-level cache hits
	0 ns performing 0 second-level cache misses
	0 ns executing 0 flushes (flushing a total of 0 entities and 0 collections)
	0 ns executing 0 pre-partial-flushes
	0 ns executing 0 partial-flushes (flushing a total of 0 entities and 0 collections)

05/08/2026 10:48:16.696 DEBUG o.s.d.j.repository.query.NamedQuery - Did not find named query Token.findByTenantId.count
05/08/2026 10:48:16.697 DEBUG org.hibernate.session.metrics - HHH000401: Logging session metrics:
	0 ns acquiring 0 JDBC connections
	0 ns releasing 0 JDBC connections
	0 ns preparing 0 JDBC statements
	0 ns executing 0 JDBC statements
	0 ns executing 0 JDBC batches
	0 ns performing 0 second-level cache puts
	0 ns performing 0 second-level cache hits
	0 ns performing 0 second-level cache misses
	0 ns executing 0 flushes (flushing a total of 0 entities and 0 collections)
	0 ns executing 0 pre-partial-flushes
	0 ns executing 0 partial-flushes (flushing a total of 0 entities and 0 collections)

05/08/2026 10:48:16.699 DEBUG o.s.d.r.c.s.RepositoryFactorySupport - Finished creation of repository instance for com.NeptuneWebAutheticator.Repository.TokenRepository.
05/08/2026 10:48:16.729 DEBUG o.s.b.f.s.DefaultListableBeanFactory - Creating shared instance of singleton bean 'machineController'
05/08/2026 10:48:16.731 DEBUG o.s.b.f.s.DefaultListableBeanFactory - Creating shared instance of singleton bean 'machineServiceImpl'
05/08/2026 10:48:16.733 DEBUG o.s.b.f.s.DefaultListableBeanFactory - Creating shared instance of singleton bean 'machineRepository'
05/08/2026 10:48:16.734 DEBUG o.s.b.f.s.DefaultListableBeanFactory - Creating shared instance of singleton bean 'jpa.named-queries#1'
05/08/2026 10:48:16.735 DEBUG o.s.b.f.s.DefaultListableBeanFactory - Creating shared instance of singleton bean 'jpa.MachineRepository.fragments#0'
05/08/2026 10:48:16.740 DEBUG o.s.d.r.c.s.RepositoryFactorySupport - Initializing repository instance for com.NeptuneWebAutheticator.Repository.MachineRepository…
05/08/2026 10:48:16.742 DEBUG org.hibernate.session.metrics - HHH000401: Logging session metrics:
	0 ns acquiring 0 JDBC connections
	0 ns releasing 0 JDBC connections
	0 ns preparing 0 JDBC statements
	0 ns executing 0 JDBC statements
	0 ns executing 0 JDBC batches
	0 ns performing 0 second-level cache puts
	0 ns performing 0 second-level cache hits
	0 ns performing 0 second-level cache misses
	0 ns executing 0 flushes (flushing a total of 0 entities and 0 collections)
	0 ns executing 0 pre-partial-flushes
	0 ns executing 0 partial-flushes (flushing a total of 0 entities and 0 collections)

05/08/2026 10:48:16.742 DEBUG o.s.d.j.repository.query.NamedQuery - Did not find named query Machine.findByTenantId.count
05/08/2026 10:48:16.746 DEBUG org.hibernate.session.metrics - HHH000401: Logging session metrics:
	0 ns acquiring 0 JDBC connections
	0 ns releasing 0 JDBC connections
	0 ns preparing 0 JDBC statements
	0 ns executing 0 JDBC statements
	0 ns executing 0 JDBC batches
	0 ns performing 0 second-level cache puts
	0 ns performing 0 second-level cache hits
	0 ns performing 0 second-level cache misses
	0 ns executing 0 flushes (flushing a total of 0 entities and 0 collections)
	0 ns executing 0 pre-partial-flushes
	0 ns executing 0 partial-flushes (flushing a total of 0 entities and 0 collections)

05/08/2026 10:48:16.746 DEBUG org.hibernate.session.metrics - HHH000401: Logging session metrics:
	0 ns acquiring 0 JDBC connections
	0 ns releasing 0 JDBC connections
	0 ns preparing 0 JDBC statements
	0 ns executing 0 JDBC statements
	0 ns executing 0 JDBC batches
	0 ns performing 0 second-level cache puts
	0 ns performing 0 second-level cache hits
	0 ns performing 0 second-level cache misses
	0 ns executing 0 flushes (flushing a total of 0 entities and 0 collections)
	0 ns executing 0 pre-partial-flushes
	0 ns executing 0 partial-flushes (flushing a total of 0 entities and 0 collections)

05/08/2026 10:48:16.747 DEBUG o.s.d.j.repository.query.NamedQuery - Did not find named query Machine.findByMachineIdAndTenantId.count
05/08/2026 10:48:16.749 DEBUG org.hibernate.session.metrics - HHH000401: Logging session metrics:
	0 ns acquiring 0 JDBC connections
	0 ns releasing 0 JDBC connections
	0 ns preparing 0 JDBC statements
	0 ns executing 0 JDBC statements
	0 ns executing 0 JDBC batches
	0 ns performing 0 second-level cache puts
	0 ns performing 0 second-level cache hits
	0 ns performing 0 second-level cache misses
	0 ns executing 0 flushes (flushing a total of 0 entities and 0 collections)
	0 ns executing 0 pre-partial-flushes
	0 ns executing 0 partial-flushes (flushing a total of 0 entities and 0 collections)

05/08/2026 10:48:16.752 DEBUG o.s.d.r.c.s.RepositoryFactorySupport - Finished creation of repository instance for com.NeptuneWebAutheticator.Repository.MachineRepository.
05/08/2026 10:48:16.762 DEBUG o.s.b.f.s.DefaultListableBeanFactory - Creating shared instance of singleton bean 'org.springframework.security.config.annotation.configuration.ObjectPostProcessorConfiguration'
05/08/2026 10:48:16.762 DEBUG o.s.b.f.s.DefaultListableBeanFactory - Creating shared instance of singleton bean 'objectPostProcessor'
05/08/2026 10:48:16.763 DEBUG o.s.b.f.s.DefaultListableBeanFactory - Autowiring by type from bean name 'objectPostProcessor' via factory method to bean named 'org.springframework.beans.factory.support.DefaultListableBeanFactory@5e5af8e1'
05/08/2026 10:48:16.764 DEBUG o.s.b.f.s.DefaultListableBeanFactory - Creating shared instance of singleton bean 'org.springframework.security.config.annotation.authentication.configuration.AuthenticationConfiguration'
05/08/2026 10:48:16.765 DEBUG o.s.b.f.s.DefaultListableBeanFactory - Creating shared instance of singleton bean 'enableGlobalAuthenticationAutowiredConfigurer'
05/08/2026 10:48:16.767 DEBUG o.s.b.f.s.DefaultListableBeanFactory - Autowiring by type from bean name 'enableGlobalAuthenticationAutowiredConfigurer' via factory method to bean named 'org.springframework.web.context.support.GenericWebApplicationContext@76889e60'
05/08/2026 10:48:16.767 DEBUG o.s.b.f.s.DefaultListableBeanFactory - Creating shared instance of singleton bean 'initializeUserDetailsBeanManagerConfigurer'
05/08/2026 10:48:16.768 DEBUG o.s.b.f.s.DefaultListableBeanFactory - Autowiring by type from bean name 'initializeUserDetailsBeanManagerConfigurer' via factory method to bean named 'org.springframework.web.context.support.GenericWebApplicationContext@76889e60'
05/08/2026 10:48:16.769 DEBUG o.s.b.f.s.DefaultListableBeanFactory - Creating shared instance of singleton bean 'initializeAuthenticationProviderBeanManagerConfigurer'
05/08/2026 10:48:16.769 DEBUG o.s.b.f.s.DefaultListableBeanFactory - Autowiring by type from bean name 'initializeAuthenticationProviderBeanManagerConfigurer' via factory method to bean named 'org.springframework.web.context.support.GenericWebApplicationContext@76889e60'
05/08/2026 10:48:16.770 DEBUG o.s.b.f.s.DefaultListableBeanFactory - Creating shared instance of singleton bean 'authenticationManagerBuilder'
05/08/2026 10:48:16.771 DEBUG o.s.b.f.s.DefaultListableBeanFactory - Autowiring by type from bean name 'authenticationManagerBuilder' via factory method to bean named 'objectPostProcessor'
05/08/2026 10:48:16.771 DEBUG o.s.b.f.s.DefaultListableBeanFactory - Autowiring by type from bean name 'authenticationManagerBuilder' via factory method to bean named 'org.springframework.web.context.support.GenericWebApplicationContext@76889e60'
05/08/2026 10:48:16.773 DEBUG o.s.b.f.s.DefaultListableBeanFactory - Creating shared instance of singleton bean 'authenticationEventPublisher'
05/08/2026 10:48:16.773 DEBUG o.s.b.f.s.DefaultListableBeanFactory - Creating shared instance of singleton bean 'org.springframework.boot.security.autoconfigure.SecurityAutoConfiguration'
05/08/2026 10:48:16.774 DEBUG o.s.b.f.s.DefaultListableBeanFactory - Autowiring by type from bean name 'authenticationEventPublisher' via factory method to bean named 'org.springframework.web.context.support.GenericWebApplicationContext@76889e60'
05/08/2026 10:48:16.782 DEBUG o.s.b.f.s.DefaultListableBeanFactory - Creating shared instance of singleton bean 'org.springframework.security.config.annotation.web.configuration.WebSecurityConfiguration'
05/08/2026 10:48:16.796 DEBUG o.s.b.f.s.DefaultListableBeanFactory - Creating shared instance of singleton bean 'filterChainDecoratorPostProcessor'
05/08/2026 10:48:16.802 DEBUG o.s.b.f.s.DefaultListableBeanFactory - Creating shared instance of singleton bean 'filterChain'
05/08/2026 10:48:16.802 DEBUG o.s.b.f.s.DefaultListableBeanFactory - Creating shared instance of singleton bean 'org.springframework.security.config.annotation.web.configuration.HttpSecurityConfiguration'
05/08/2026 10:48:16.807 DEBUG o.s.b.f.s.DefaultListableBeanFactory - Creating shared instance of singleton bean 'mvcContentNegotiationManager'
05/08/2026 10:48:16.807 DEBUG o.s.b.f.s.DefaultListableBeanFactory - Creating shared instance of singleton bean 'org.springframework.boot.webmvc.autoconfigure.WebMvcAutoConfiguration$EnableWebMvcConfiguration'
05/08/2026 10:48:16.808 DEBUG o.s.b.f.s.DefaultListableBeanFactory - Creating shared instance of singleton bean 'spring.mvc-org.springframework.boot.webmvc.autoconfigure.WebMvcProperties'
05/08/2026 10:48:16.815 DEBUG o.s.b.f.s.DefaultListableBeanFactory - Creating shared instance of singleton bean 'spring.web-org.springframework.boot.autoconfigure.web.WebProperties'
05/08/2026 10:48:16.822 DEBUG o.s.b.f.s.DefaultListableBeanFactory - Autowiring by type from bean name 'org.springframework.boot.webmvc.autoconfigure.WebMvcAutoConfiguration$EnableWebMvcConfiguration' via constructor to bean named 'spring.mvc-org.springframework.boot.webmvc.autoconfigure.WebMvcProperties'
05/08/2026 10:48:16.822 DEBUG o.s.b.f.s.DefaultListableBeanFactory - Autowiring by type from bean name 'org.springframework.boot.webmvc.autoconfigure.WebMvcAutoConfiguration$EnableWebMvcConfiguration' via constructor to bean named 'spring.web-org.springframework.boot.autoconfigure.web.WebProperties'
05/08/2026 10:48:16.822 DEBUG o.s.b.f.s.DefaultListableBeanFactory - Autowiring by type from bean name 'org.springframework.boot.webmvc.autoconfigure.WebMvcAutoConfiguration$EnableWebMvcConfiguration' via constructor to bean named 'org.springframework.beans.factory.support.DefaultListableBeanFactory@5e5af8e1'
05/08/2026 10:48:16.826 DEBUG o.s.b.f.s.DefaultListableBeanFactory - Creating shared instance of singleton bean 'org.springframework.security.config.annotation.web.configuration.WebMvcSecurityConfiguration'
05/08/2026 10:48:16.828 DEBUG o.s.b.f.s.DefaultListableBeanFactory - Creating shared instance of singleton bean 'org.springframework.boot.webmvc.autoconfigure.WebMvcAutoConfiguration$WebMvcAutoConfigurationAdapter'
05/08/2026 10:48:16.829 DEBUG o.s.b.f.s.DefaultListableBeanFactory - Autowiring by type from bean name 'org.springframework.boot.webmvc.autoconfigure.WebMvcAutoConfiguration$WebMvcAutoConfigurationAdapter' via constructor to bean named 'spring.web-org.springframework.boot.autoconfigure.web.WebProperties'
05/08/2026 10:48:16.830 DEBUG o.s.b.f.s.DefaultListableBeanFactory - Autowiring by type from bean name 'org.springframework.boot.webmvc.autoconfigure.WebMvcAutoConfiguration$WebMvcAutoConfigurationAdapter' via constructor to bean named 'spring.mvc-org.springframework.boot.webmvc.autoconfigure.WebMvcProperties'
05/08/2026 10:48:16.830 DEBUG o.s.b.f.s.DefaultListableBeanFactory - Autowiring by type from bean name 'org.springframework.boot.webmvc.autoconfigure.WebMvcAutoConfiguration$WebMvcAutoConfigurationAdapter' via constructor to bean named 'org.springframework.beans.factory.support.DefaultListableBeanFactory@5e5af8e1'
05/08/2026 10:48:16.832 DEBUG o.s.b.f.s.DefaultListableBeanFactory - Creating shared instance of singleton bean 'org.springframework.data.web.config.SpringDataWebConfiguration'
05/08/2026 10:48:16.834 DEBUG o.s.b.f.s.DefaultListableBeanFactory - Autowiring by type from bean name 'org.springframework.data.web.config.SpringDataWebConfiguration' via constructor to bean named 'org.springframework.web.context.support.GenericWebApplicationContext@76889e60'
05/08/2026 10:48:16.838 DEBUG o.s.b.f.s.DefaultListableBeanFactory - Creating shared instance of singleton bean 'serverConvertersCustomizer'
05/08/2026 10:48:16.839 DEBUG o.s.b.f.s.DefaultListableBeanFactory - Creating shared instance of singleton bean 'org.springframework.boot.http.converter.autoconfigure.HttpMessageConvertersAutoConfiguration'
05/08/2026 10:48:16.842 DEBUG o.s.b.f.s.DefaultListableBeanFactory - Creating shared instance of singleton bean 'stringHttpMessageConverter'
05/08/2026 10:48:16.843 DEBUG o.s.b.f.s.DefaultListableBeanFactory - Creating shared instance of singleton bean 'org.springframework.boot.http.converter.autoconfigure.HttpMessageConvertersAutoConfiguration$StringHttpMessageConverterConfiguration'
05/08/2026 10:48:16.843 DEBUG o.s.b.f.s.DefaultListableBeanFactory - Creating shared instance of singleton bean 'spring.http.converters-org.springframework.boot.http.converter.autoconfigure.HttpMessageConvertersProperties'
05/08/2026 10:48:16.844 DEBUG o.s.b.f.s.DefaultListableBeanFactory - Autowiring by type from bean name 'stringHttpMessageConverter' via factory method to bean named 'spring.http.converters-org.springframework.boot.http.converter.autoconfigure.HttpMessageConvertersProperties'
05/08/2026 10:48:16.848 DEBUG o.s.b.f.s.DefaultListableBeanFactory - Creating shared instance of singleton bean 'jacksonJsonHttpMessageConverter'
05/08/2026 10:48:16.848 DEBUG o.s.b.f.s.DefaultListableBeanFactory - Creating shared instance of singleton bean 'org.springframework.boot.http.converter.autoconfigure.JacksonHttpMessageConvertersConfiguration$JacksonJsonHttpMessageConverterConfiguration'
05/08/2026 10:48:16.849 DEBUG o.s.b.f.s.DefaultListableBeanFactory - Creating shared instance of singleton bean 'jacksonJsonMapper'
05/08/2026 10:48:16.849 DEBUG o.s.b.f.s.DefaultListableBeanFactory - Creating shared instance of singleton bean 'org.springframework.boot.jackson.autoconfigure.JacksonAutoConfiguration'
05/08/2026 10:48:16.850 DEBUG o.s.b.f.s.DefaultListableBeanFactory - Creating shared instance of singleton bean 'problemDetailJsonMapperBuilderCustomizer'
05/08/2026 10:48:16.850 DEBUG o.s.b.f.s.DefaultListableBeanFactory - Creating shared instance of singleton bean 'org.springframework.boot.jackson.autoconfigure.JacksonAutoConfiguration$JsonProblemDetailsConfiguration'
05/08/2026 10:48:16.851 DEBUG o.s.b.f.s.DefaultListableBeanFactory - Creating shared instance of singleton bean 'standardJsonMapperBuilderCustomizer'
05/08/2026 10:48:16.851 DEBUG o.s.b.f.s.DefaultListableBeanFactory - Creating shared instance of singleton bean 'org.springframework.boot.jackson.autoconfigure.JacksonAutoConfiguration$JacksonJsonMapperBuilderCustomizerConfiguration'
05/08/2026 10:48:16.852 DEBUG o.s.b.f.s.DefaultListableBeanFactory - Creating shared instance of singleton bean 'spring.jackson-org.springframework.boot.jackson.autoconfigure.JacksonProperties'
05/08/2026 10:48:16.856 DEBUG o.s.b.f.s.DefaultListableBeanFactory - Autowiring by type from bean name 'standardJsonMapperBuilderCustomizer' via factory method to bean named 'spring.jackson-org.springframework.boot.jackson.autoconfigure.JacksonProperties'
05/08/2026 10:48:16.857 DEBUG o.s.b.f.s.DefaultListableBeanFactory - Creating shared instance of singleton bean 'jackson3GeoModule'
05/08/2026 10:48:16.857 DEBUG o.s.b.f.s.DefaultListableBeanFactory - Creating shared instance of singleton bean 'org.springframework.data.web.config.SpringDataJackson3Configuration'
05/08/2026 10:48:16.857 DEBUG o.s.b.f.s.DefaultListableBeanFactory - Creating shared instance of singleton bean 'springDataWebSettings'
05/08/2026 10:48:16.857 DEBUG o.s.b.f.s.DefaultListableBeanFactory - Creating shared instance of singleton bean 'org.springframework.boot.data.autoconfigure.web.DataWebAutoConfiguration'
05/08/2026 10:48:16.858 DEBUG o.s.b.f.s.DefaultListableBeanFactory - Creating shared instance of singleton bean 'spring.data.web-org.springframework.boot.data.autoconfigure.web.DataWebProperties'
05/08/2026 10:48:16.858 DEBUG o.s.b.f.s.DefaultListableBeanFactory - Autowiring by type from bean name 'org.springframework.boot.data.autoconfigure.web.DataWebAutoConfiguration' via constructor to bean named 'spring.data.web-org.springframework.boot.data.autoconfigure.web.DataWebProperties'
05/08/2026 10:48:16.870 DEBUG o.s.b.f.s.DefaultListableBeanFactory - Creating shared instance of singleton bean 'jackson3pageModule'
05/08/2026 10:48:16.872 DEBUG o.s.b.f.s.DefaultListableBeanFactory - Creating shared instance of singleton bean 'jacksonMixinModule'
05/08/2026 10:48:16.872 DEBUG o.s.b.f.s.DefaultListableBeanFactory - Creating shared instance of singleton bean 'org.springframework.boot.jackson.autoconfigure.JacksonAutoConfiguration$JacksonMixinConfiguration'
05/08/2026 10:48:16.873 DEBUG o.s.b.f.s.DefaultListableBeanFactory - Creating shared instance of singleton bean 'jacksonMixinModuleEntries'
05/08/2026 10:48:16.873 DEBUG o.s.b.f.s.DefaultListableBeanFactory - Autowiring by type from bean name 'jacksonMixinModuleEntries' via factory method to bean named 'org.springframework.web.context.support.GenericWebApplicationContext@76889e60'
05/08/2026 10:48:16.880 DEBUG o.s.b.f.s.DefaultListableBeanFactory - Autowiring by type from bean name 'jacksonMixinModule' via factory method to bean named 'org.springframework.web.context.support.GenericWebApplicationContext@76889e60'
05/08/2026 10:48:16.880 DEBUG o.s.b.f.s.DefaultListableBeanFactory - Autowiring by type from bean name 'jacksonMixinModule' via factory method to bean named 'jacksonMixinModuleEntries'
05/08/2026 10:48:16.882 DEBUG o.s.b.f.s.DefaultListableBeanFactory - Creating shared instance of singleton bean 'jsonComponentModule'
05/08/2026 10:48:16.886 DEBUG o.s.b.f.s.DefaultListableBeanFactory - Autowiring by type from bean name 'jsonMapperBuilder' via factory method to bean named 'problemDetailJsonMapperBuilderCustomizer'
05/08/2026 10:48:16.886 DEBUG o.s.b.f.s.DefaultListableBeanFactory - Autowiring by type from bean name 'jsonMapperBuilder' via factory method to bean named 'standardJsonMapperBuilderCustomizer'
05/08/2026 10:48:16.898 DEBUG o.s.b.f.s.DefaultListableBeanFactory - Autowiring by type from bean name 'jacksonJsonMapper' via factory method to bean named 'jsonMapperBuilder'
05/08/2026 10:48:16.907 DEBUG o.s.b.f.s.DefaultListableBeanFactory - Autowiring by type from bean name 'jacksonJsonHttpMessageConverter' via factory method to bean named 'jacksonJsonMapper'
05/08/2026 10:48:16.956 DEBUG o.s.b.f.s.DefaultListableBeanFactory - Creating shared instance of singleton bean 'inMemoryUserDetailsManager'
05/08/2026 10:48:16.956 DEBUG o.s.b.f.s.DefaultListableBeanFactory - Creating shared instance of singleton bean 'org.springframework.boot.security.autoconfigure.UserDetailsServiceAutoConfiguration'
05/08/2026 10:48:16.957 DEBUG o.s.b.f.s.DefaultListableBeanFactory - Creating shared instance of singleton bean 'spring.security-org.springframework.boot.security.autoconfigure.SecurityProperties'
05/08/2026 10:48:16.959 DEBUG o.s.b.f.s.DefaultListableBeanFactory - Autowiring by type from bean name 'inMemoryUserDetailsManager' via factory method to bean named 'spring.security-org.springframework.boot.security.autoconfigure.SecurityProperties'
05/08/2026 10:48:16.962 DEBUG o.s.b.f.s.DefaultListableBeanFactory - Creating shared instance of singleton bean 'passwordEncoder'
05/08/2026 10:48:16.964 WARN  o.s.b.s.a.UserDetailsServiceAutoConfiguration - 

Using generated security password: 1f62fb80-330c-4d9f-b802-e9f5767fd907

This generated password is for development use only. Your security configuration must be updated before running your application in production.

05/08/2026 10:48:16.973 INFO  o.s.s.c.a.a.c.InitializeUserDetailsBeanManagerConfigurer$InitializeUserDetailsManagerConfigurer - Global AuthenticationManager configured with UserDetailsService bean with name inMemoryUserDetailsManager
05/08/2026 10:48:16.986 DEBUG o.s.b.f.s.DefaultListableBeanFactory - Creating shared instance of singleton bean 'mvcPatternParser'
05/08/2026 10:48:17.066 DEBUG o.s.b.f.s.DefaultListableBeanFactory - Autowiring by type from bean name 'filterChain' via factory method to bean named 'org.springframework.security.config.annotation.web.configuration.HttpSecurityConfiguration.httpSecurity'
05/08/2026 10:48:17.073 DEBUG o.s.b.f.s.DefaultListableBeanFactory - Creating shared instance of singleton bean 'webAuthorizationManagerPostProcessor'
05/08/2026 10:48:17.075 DEBUG o.s.b.f.s.DefaultListableBeanFactory - Creating shared instance of singleton bean 'pathPatternRequestMatcherBuilder'
05/08/2026 10:48:17.075 DEBUG o.s.b.f.s.DefaultListableBeanFactory - Creating shared instance of singleton bean 'org.springframework.boot.security.autoconfigure.web.servlet.ServletWebSecurityAutoConfiguration$PathPatternRequestMatcherBuilderConfiguration'
05/08/2026 10:48:17.076 DEBUG o.s.b.f.s.DefaultListableBeanFactory - Creating shared instance of singleton bean 'dispatcherServletRegistration'
05/08/2026 10:48:17.076 DEBUG o.s.b.f.s.DefaultListableBeanFactory - Creating shared instance of singleton bean 'org.springframework.boot.webmvc.autoconfigure.DispatcherServletAutoConfiguration$DispatcherServletRegistrationConfiguration'
05/08/2026 10:48:17.077 DEBUG o.s.b.f.s.DefaultListableBeanFactory - Creating shared instance of singleton bean 'dispatcherServlet'
05/08/2026 10:48:17.077 DEBUG o.s.b.f.s.DefaultListableBeanFactory - Creating shared instance of singleton bean 'org.springframework.boot.webmvc.autoconfigure.DispatcherServletAutoConfiguration$DispatcherServletConfiguration'
05/08/2026 10:48:17.077 DEBUG o.s.b.f.s.DefaultListableBeanFactory - Autowiring by type from bean name 'dispatcherServlet' via factory method to bean named 'spring.mvc-org.springframework.boot.webmvc.autoconfigure.WebMvcProperties'
05/08/2026 10:48:17.087 DEBUG o.s.b.f.s.DefaultListableBeanFactory - Autowiring by type from bean name 'dispatcherServletRegistration' via factory method to bean named 'dispatcherServlet'
05/08/2026 10:48:17.087 DEBUG o.s.b.f.s.DefaultListableBeanFactory - Autowiring by type from bean name 'dispatcherServletRegistration' via factory method to bean named 'spring.mvc-org.springframework.boot.webmvc.autoconfigure.WebMvcProperties'
05/08/2026 10:48:17.089 DEBUG o.s.b.f.s.DefaultListableBeanFactory - Creating shared instance of singleton bean 'multipartConfigElement'
05/08/2026 10:48:17.089 DEBUG o.s.b.f.s.DefaultListableBeanFactory - Creating shared instance of singleton bean 'org.springframework.boot.servlet.autoconfigure.MultipartAutoConfiguration'
05/08/2026 10:48:17.090 DEBUG o.s.b.f.s.DefaultListableBeanFactory - Creating shared instance of singleton bean 'spring.servlet.multipart-org.springframework.boot.servlet.autoconfigure.MultipartProperties'
05/08/2026 10:48:17.093 DEBUG o.s.b.f.s.DefaultListableBeanFactory - Autowiring by type from bean name 'org.springframework.boot.servlet.autoconfigure.MultipartAutoConfiguration' via constructor to bean named 'spring.servlet.multipart-org.springframework.boot.servlet.autoconfigure.MultipartProperties'
05/08/2026 10:48:17.097 DEBUG o.s.b.f.s.DefaultListableBeanFactory - Autowiring by type from bean name 'pathPatternRequestMatcherBuilder' via factory method to bean named 'dispatcherServletRegistration'
05/08/2026 10:48:17.107 DEBUG o.s.b.f.s.DefaultListableBeanFactory - Creating shared instance of singleton bean 'authenticationManagerPostProcessor'
05/08/2026 10:48:17.124 DEBUG o.s.s.web.DefaultSecurityFilterChain - Will secure any request with filters: DisableEncodeUrlFilter, WebAsyncManagerIntegrationFilter, SecurityContextHolderFilter, HeaderWriterFilter, LogoutFilter, RequestCacheAwareFilter, SecurityContextHolderAwareRequestFilter, AnonymousAuthenticationFilter, ExceptionTranslationFilter, AuthorizationFilter
05/08/2026 10:48:17.126 DEBUG o.s.b.f.s.DefaultListableBeanFactory - Creating shared instance of singleton bean 'delegatingApplicationListener'
05/08/2026 10:48:17.126 DEBUG o.s.b.f.s.DefaultListableBeanFactory - Creating shared instance of singleton bean 'springSecurityFilterChain'
05/08/2026 10:48:17.140 DEBUG o.s.b.f.s.DefaultListableBeanFactory - Creating shared instance of singleton bean 'webSecurityExpressionHandler'
05/08/2026 10:48:17.141 DEBUG o.s.b.f.s.DefaultListableBeanFactory - Creating shared instance of singleton bean 'privilegeEvaluator'
05/08/2026 10:48:17.142 DEBUG o.s.b.f.s.DefaultListableBeanFactory - Creating shared instance of singleton bean 'requestDataValueProcessor'
05/08/2026 10:48:17.143 DEBUG o.s.b.f.s.DefaultListableBeanFactory - Creating shared instance of singleton bean 'org.springframework.security.config.annotation.web.configuration.ObservationConfiguration'
05/08/2026 10:48:17.143 DEBUG o.s.b.f.s.DefaultListableBeanFactory - Creating shared instance of singleton bean 'corsConfigurationSource'
05/08/2026 10:48:17.147 DEBUG o.s.b.f.s.DefaultListableBeanFactory - Creating shared instance of singleton bean 'passwordEncoderCustom'
05/08/2026 10:48:17.147 DEBUG o.s.b.f.s.DefaultListableBeanFactory - Creating shared instance of singleton bean 'org.springframework.boot.autoconfigure.context.PropertyPlaceholderAutoConfiguration'
05/08/2026 10:48:17.148 DEBUG o.s.b.f.s.DefaultListableBeanFactory - Creating shared instance of singleton bean 'org.springframework.boot.context.properties.EnableConfigurationPropertiesRegistrar.methodValidationExcludeFilter'
05/08/2026 10:48:17.149 DEBUG o.s.b.f.s.DefaultListableBeanFactory - Creating shared instance of singleton bean 'org.springframework.boot.webmvc.autoconfigure.DispatcherServletAutoConfiguration'
05/08/2026 10:48:17.149 DEBUG o.s.b.f.s.DefaultListableBeanFactory - Creating shared instance of singleton bean 'org.springframework.boot.autoconfigure.task.TaskExecutorConfigurations$SimpleAsyncTaskExecutorBuilderConfiguration'
05/08/2026 10:48:17.150 DEBUG o.s.b.f.s.DefaultListableBeanFactory - Autowiring by type from bean name 'org.springframework.boot.autoconfigure.task.TaskExecutorConfigurations$SimpleAsyncTaskExecutorBuilderConfiguration' via constructor to bean named 'spring.task.execution-org.springframework.boot.autoconfigure.task.TaskExecutionProperties'
05/08/2026 10:48:17.151 DEBUG o.s.b.f.s.DefaultListableBeanFactory - Creating shared instance of singleton bean 'simpleAsyncTaskExecutorBuilder'
05/08/2026 10:48:17.152 DEBUG o.s.b.f.s.DefaultListableBeanFactory - Creating shared instance of singleton bean 'org.springframework.boot.autoconfigure.task.TaskExecutorConfigurations$AsyncConfigurerConfiguration'
05/08/2026 10:48:17.153 DEBUG o.s.b.f.s.DefaultListableBeanFactory - Creating shared instance of singleton bean 'applicationTaskExecutorAsyncConfigurer'
05/08/2026 10:48:17.153 DEBUG o.s.b.f.s.DefaultListableBeanFactory - Autowiring by type from bean name 'applicationTaskExecutorAsyncConfigurer' via factory method to bean named 'org.springframework.beans.factory.support.DefaultListableBeanFactory@5e5af8e1'
05/08/2026 10:48:17.154 DEBUG o.s.b.f.s.DefaultListableBeanFactory - Creating shared instance of singleton bean 'org.springframework.boot.autoconfigure.task.TaskExecutorConfigurations$BootstrapExecutorConfiguration'
05/08/2026 10:48:17.155 DEBUG o.s.b.f.s.DefaultListableBeanFactory - Creating shared instance of singleton bean 'org.springframework.boot.autoconfigure.task.TaskExecutionAutoConfiguration'
05/08/2026 10:48:17.155 DEBUG o.s.b.f.s.DefaultListableBeanFactory - Creating shared instance of singleton bean 'org.springframework.boot.webmvc.autoconfigure.error.ErrorMvcAutoConfiguration$WhitelabelErrorViewConfiguration'
05/08/2026 10:48:17.156 DEBUG o.s.b.f.s.DefaultListableBeanFactory - Creating shared instance of singleton bean 'error'
05/08/2026 10:48:17.157 DEBUG o.s.b.f.s.DefaultListableBeanFactory - Creating shared instance of singleton bean 'beanNameViewResolver'
05/08/2026 10:48:17.157 DEBUG o.s.b.f.s.DefaultListableBeanFactory - Creating shared instance of singleton bean 'org.springframework.boot.webmvc.autoconfigure.error.ErrorMvcAutoConfiguration$DefaultErrorViewResolverConfiguration'
05/08/2026 10:48:17.158 DEBUG o.s.b.f.s.DefaultListableBeanFactory - Autowiring by type from bean name 'org.springframework.boot.webmvc.autoconfigure.error.ErrorMvcAutoConfiguration$DefaultErrorViewResolverConfiguration' via constructor to bean named 'org.springframework.web.context.support.GenericWebApplicationContext@76889e60'
05/08/2026 10:48:17.158 DEBUG o.s.b.f.s.DefaultListableBeanFactory - Autowiring by type from bean name 'org.springframework.boot.webmvc.autoconfigure.error.ErrorMvcAutoConfiguration$DefaultErrorViewResolverConfiguration' via constructor to bean named 'spring.web-org.springframework.boot.autoconfigure.web.WebProperties'
05/08/2026 10:48:17.158 DEBUG o.s.b.f.s.DefaultListableBeanFactory - Creating shared instance of singleton bean 'conventionErrorViewResolver'
05/08/2026 10:48:17.159 DEBUG o.s.b.f.s.DefaultListableBeanFactory - Creating shared instance of singleton bean 'org.springframework.boot.webmvc.autoconfigure.error.ErrorMvcAutoConfiguration'
05/08/2026 10:48:17.159 DEBUG o.s.b.f.s.DefaultListableBeanFactory - Autowiring by type from bean name 'org.springframework.boot.webmvc.autoconfigure.error.ErrorMvcAutoConfiguration' via constructor to bean named 'spring.web-org.springframework.boot.autoconfigure.web.WebProperties'
05/08/2026 10:48:17.159 DEBUG o.s.b.f.s.DefaultListableBeanFactory - Creating shared instance of singleton bean 'errorAttributes'
05/08/2026 10:48:17.161 DEBUG o.s.b.f.s.DefaultListableBeanFactory - Creating shared instance of singleton bean 'basicErrorController'
05/08/2026 10:48:17.161 DEBUG o.s.b.f.s.DefaultListableBeanFactory - Autowiring by type from bean name 'basicErrorController' via factory method to bean named 'errorAttributes'
05/08/2026 10:48:17.165 DEBUG o.s.b.f.s.DefaultListableBeanFactory - Creating shared instance of singleton bean 'errorPageCustomizer'
05/08/2026 10:48:17.165 DEBUG o.s.b.f.s.DefaultListableBeanFactory - Autowiring by type from bean name 'errorPageCustomizer' via factory method to bean named 'dispatcherServletRegistration'
05/08/2026 10:48:17.166 DEBUG o.s.b.f.s.DefaultListableBeanFactory - Creating shared instance of singleton bean 'welcomePageHandlerMapping'
05/08/2026 10:48:17.166 DEBUG o.s.b.f.s.DefaultListableBeanFactory - Creating shared instance of singleton bean 'mvcConversionService'
05/08/2026 10:48:17.172 DEBUG o.s.b.f.s.DefaultListableBeanFactory - Creating shared instance of singleton bean 'mvcResourceUrlProvider'
05/08/2026 10:48:17.173 DEBUG o.s.b.f.s.DefaultListableBeanFactory - Autowiring by type from bean name 'welcomePageHandlerMapping' via factory method to bean named 'org.springframework.web.context.support.GenericWebApplicationContext@76889e60'
05/08/2026 10:48:17.174 DEBUG o.s.b.f.s.DefaultListableBeanFactory - Autowiring by type from bean name 'welcomePageHandlerMapping' via factory method to bean named 'mvcConversionService'
05/08/2026 10:48:17.174 DEBUG o.s.b.f.s.DefaultListableBeanFactory - Autowiring by type from bean name 'welcomePageHandlerMapping' via factory method to bean named 'mvcResourceUrlProvider'
05/08/2026 10:48:17.187 DEBUG o.s.b.f.s.DefaultListableBeanFactory - Creating shared instance of singleton bean 'welcomePageNotAcceptableHandlerMapping'
05/08/2026 10:48:17.188 DEBUG o.s.b.f.s.DefaultListableBeanFactory - Autowiring by type from bean name 'welcomePageNotAcceptableHandlerMapping' via factory method to bean named 'org.springframework.web.context.support.GenericWebApplicationContext@76889e60'
05/08/2026 10:48:17.188 DEBUG o.s.b.f.s.DefaultListableBeanFactory - Autowiring by type from bean name 'welcomePageNotAcceptableHandlerMapping' via factory method to bean named 'mvcConversionService'
05/08/2026 10:48:17.188 DEBUG o.s.b.f.s.DefaultListableBeanFactory - Autowiring by type from bean name 'welcomePageNotAcceptableHandlerMapping' via factory method to bean named 'mvcResourceUrlProvider'
05/08/2026 10:48:17.192 DEBUG o.s.b.f.s.DefaultListableBeanFactory - Creating shared instance of singleton bean 'localeResolver'
05/08/2026 10:48:17.193 DEBUG o.s.b.f.s.DefaultListableBeanFactory - Creating shared instance of singleton bean 'flashMapManager'
05/08/2026 10:48:17.195 DEBUG o.s.b.f.s.DefaultListableBeanFactory - Creating shared instance of singleton bean 'viewNameTranslator'
05/08/2026 10:48:17.196 DEBUG o.s.b.f.s.DefaultListableBeanFactory - Creating shared instance of singleton bean 'mvcValidator'
05/08/2026 10:48:17.197 DEBUG o.s.b.f.s.DefaultListableBeanFactory - Creating shared instance of singleton bean 'requestMappingHandlerMapping'
05/08/2026 10:48:17.197 DEBUG o.s.b.f.s.DefaultListableBeanFactory - Creating shared instance of singleton bean 'mvcApiVersionStrategy'
05/08/2026 10:48:17.204 DEBUG o.s.b.f.s.DefaultListableBeanFactory - Autowiring by type from bean name 'requestMappingHandlerMapping' via factory method to bean named 'mvcContentNegotiationManager'
05/08/2026 10:48:17.204 DEBUG o.s.b.f.s.DefaultListableBeanFactory - Autowiring by type from bean name 'requestMappingHandlerMapping' via factory method to bean named 'mvcApiVersionStrategy'
05/08/2026 10:48:17.204 DEBUG o.s.b.f.s.DefaultListableBeanFactory - Autowiring by type from bean name 'requestMappingHandlerMapping' via factory method to bean named 'mvcConversionService'
05/08/2026 10:48:17.204 DEBUG o.s.b.f.s.DefaultListableBeanFactory - Autowiring by type from bean name 'requestMappingHandlerMapping' via factory method to bean named 'mvcResourceUrlProvider'
05/08/2026 10:48:17.229 DEBUG _.s.w.s.HandlerMapping.Mappings - 
	c.N.C.AuthenticationController:
	{POST [/api/logout]}: logout(HttpServletRequest)
	{POST [/api/login]}: login(HttpServletRequest,Map)
	{GET [/api/isUserAuthenticate]}: isUserAuthenticate(HttpServletRequest)
	{GET [/api/getUserRoleAuthenticated]}: getUserRoleAuthenticated(HttpServletRequest)
05/08/2026 10:48:17.233 DEBUG _.s.w.s.HandlerMapping.Mappings - 
	c.N.C.MachineController:
	{GET [/Machine]}: getMachines(HttpServletRequest)
	{PUT [/api/Tenant]}: updateTenant(HttpServletRequest,Map)
	{DELETE [/Machine]}: deleteMachine(HttpServletRequest,Map)
	{POST [/api/Tenant]}: addTenant(HttpServletRequest,Map)
	{POST [/Machine]}: addMachine(HttpServletRequest,Map)
05/08/2026 10:48:17.236 DEBUG _.s.w.s.HandlerMapping.Mappings - 
	o.s.b.w.a.e.BasicErrorController:
	{ [/error]}: error(HttpServletRequest)
	{ [/error], produces [text/html]}: errorHtml(HttpServletRequest,HttpServletResponse)
05/08/2026 10:48:17.238 DEBUG o.s.w.s.m.m.a.RequestMappingHandlerMapping - 11 mappings in 'requestMappingHandlerMapping'
05/08/2026 10:48:17.240 DEBUG o.s.b.f.s.DefaultListableBeanFactory - Creating shared instance of singleton bean 'mvcUrlPathHelper'
05/08/2026 10:48:17.241 DEBUG o.s.b.f.s.DefaultListableBeanFactory - Creating shared instance of singleton bean 'mvcPathMatcher'
05/08/2026 10:48:17.241 DEBUG o.s.b.f.s.DefaultListableBeanFactory - Creating shared instance of singleton bean 'viewControllerHandlerMapping'
05/08/2026 10:48:17.242 DEBUG o.s.b.f.s.DefaultListableBeanFactory - Autowiring by type from bean name 'viewControllerHandlerMapping' via factory method to bean named 'mvcConversionService'
05/08/2026 10:48:17.242 DEBUG o.s.b.f.s.DefaultListableBeanFactory - Autowiring by type from bean name 'viewControllerHandlerMapping' via factory method to bean named 'mvcResourceUrlProvider'
05/08/2026 10:48:17.242 DEBUG o.s.b.f.s.DefaultListableBeanFactory - Creating shared instance of singleton bean 'beanNameHandlerMapping'
05/08/2026 10:48:17.243 DEBUG o.s.b.f.s.DefaultListableBeanFactory - Autowiring by type from bean name 'beanNameHandlerMapping' via factory method to bean named 'mvcConversionService'
05/08/2026 10:48:17.243 DEBUG o.s.b.f.s.DefaultListableBeanFactory - Autowiring by type from bean name 'beanNameHandlerMapping' via factory method to bean named 'mvcResourceUrlProvider'
05/08/2026 10:48:17.244 DEBUG _.s.w.s.HandlerMapping.Mappings - 'beanNameHandlerMapping' {}
05/08/2026 10:48:17.245 DEBUG o.s.b.f.s.DefaultListableBeanFactory - Creating shared instance of singleton bean 'routerFunctionMapping'
05/08/2026 10:48:17.246 DEBUG o.s.b.f.s.DefaultListableBeanFactory - Autowiring by type from bean name 'routerFunctionMapping' via factory method to bean named 'mvcConversionService'
05/08/2026 10:48:17.246 DEBUG o.s.b.f.s.DefaultListableBeanFactory - Autowiring by type from bean name 'routerFunctionMapping' via factory method to bean named 'mvcResourceUrlProvider'
05/08/2026 10:48:17.246 DEBUG o.s.b.f.s.DefaultListableBeanFactory - Autowiring by type from bean name 'routerFunctionMapping' via factory method to bean named 'mvcApiVersionStrategy'
05/08/2026 10:48:17.250 DEBUG o.s.b.f.s.DefaultListableBeanFactory - Creating shared instance of singleton bean 'resourceHandlerMapping'
05/08/2026 10:48:17.251 DEBUG o.s.b.f.s.DefaultListableBeanFactory - Autowiring by type from bean name 'resourceHandlerMapping' via factory method to bean named 'mvcContentNegotiationManager'
05/08/2026 10:48:17.251 DEBUG o.s.b.f.s.DefaultListableBeanFactory - Autowiring by type from bean name 'resourceHandlerMapping' via factory method to bean named 'mvcConversionService'
05/08/2026 10:48:17.251 DEBUG o.s.b.f.s.DefaultListableBeanFactory - Autowiring by type from bean name 'resourceHandlerMapping' via factory method to bean named 'mvcResourceUrlProvider'
05/08/2026 10:48:17.267 DEBUG _.s.w.s.HandlerMapping.Mappings - 'resourceHandlerMapping' {/webjars/**=ResourceHttpRequestHandler [classpath [META-INF/resources/webjars/]], /**=ResourceHttpRequestHandler [classpath [META-INF/resources/], classpath [resources/], classpath [static/], classpath [public/], ServletContext [/]]}
05/08/2026 10:48:17.268 DEBUG o.s.b.f.s.DefaultListableBeanFactory - Creating shared instance of singleton bean 'defaultServletHandlerMapping'
05/08/2026 10:48:17.268 DEBUG o.s.b.f.s.DefaultListableBeanFactory - Creating shared instance of singleton bean 'requestMappingHandlerAdapter'
05/08/2026 10:48:17.270 DEBUG o.s.b.f.s.DefaultListableBeanFactory - Autowiring by type from bean name 'requestMappingHandlerAdapter' via factory method to bean named 'mvcContentNegotiationManager'
05/08/2026 10:48:17.270 DEBUG o.s.b.f.s.DefaultListableBeanFactory - Autowiring by type from bean name 'requestMappingHandlerAdapter' via factory method to bean named 'mvcConversionService'
05/08/2026 10:48:17.270 DEBUG o.s.b.f.s.DefaultListableBeanFactory - Autowiring by type from bean name 'requestMappingHandlerAdapter' via factory method to bean named 'mvcValidator'
05/08/2026 10:48:17.282 DEBUG o.s.b.f.s.DefaultListableBeanFactory - Creating shared instance of singleton bean 'sortResolver'
05/08/2026 10:48:17.283 DEBUG o.s.b.f.s.DefaultListableBeanFactory - Creating shared instance of singleton bean 'sortCustomizer'
05/08/2026 10:48:17.287 DEBUG o.s.b.f.s.DefaultListableBeanFactory - Creating shared instance of singleton bean 'pageableResolver'
05/08/2026 10:48:17.289 DEBUG o.s.b.f.s.DefaultListableBeanFactory - Creating shared instance of singleton bean 'pageableCustomizer'
05/08/2026 10:48:17.300 DEBUG o.s.w.s.m.m.a.RequestMappingHandlerAdapter - ControllerAdvice beans: 0 @ModelAttribute, 0 @InitBinder, 1 RequestBodyAdvice, 1 ResponseBodyAdvice
05/08/2026 10:48:17.323 DEBUG o.s.b.f.s.DefaultListableBeanFactory - Creating shared instance of singleton bean 'mvcViewResolver'
05/08/2026 10:48:17.324 DEBUG o.s.b.f.s.DefaultListableBeanFactory - Autowiring by type from bean name 'mvcViewResolver' via factory method to bean named 'mvcContentNegotiationManager'
05/08/2026 10:48:17.326 DEBUG o.s.b.f.s.DefaultListableBeanFactory - Creating shared instance of singleton bean 'defaultViewResolver'
05/08/2026 10:48:17.331 DEBUG o.s.b.f.s.DefaultListableBeanFactory - Creating shared instance of singleton bean 'viewResolver'
05/08/2026 10:48:17.331 DEBUG o.s.b.f.s.DefaultListableBeanFactory - Autowiring by type from bean name 'viewResolver' via factory method to bean named 'org.springframework.beans.factory.support.DefaultListableBeanFactory@5e5af8e1'
05/08/2026 10:48:17.333 DEBUG o.s.b.f.s.DefaultListableBeanFactory - Creating shared instance of singleton bean 'viewResolver'
05/08/2026 10:48:17.340 DEBUG o.s.b.f.s.DefaultListableBeanFactory - Creating shared instance of singleton bean 'handlerFunctionAdapter'
05/08/2026 10:48:17.342 DEBUG o.s.b.f.s.DefaultListableBeanFactory - Creating shared instance of singleton bean 'mvcUriComponentsContributor'
05/08/2026 10:48:17.343 DEBUG o.s.b.f.s.DefaultListableBeanFactory - Autowiring by type from bean name 'mvcUriComponentsContributor' via factory method to bean named 'mvcConversionService'
05/08/2026 10:48:17.343 DEBUG o.s.b.f.s.DefaultListableBeanFactory - Autowiring by type from bean name 'mvcUriComponentsContributor' via factory method to bean named 'requestMappingHandlerAdapter'
05/08/2026 10:48:17.358 DEBUG o.s.b.f.s.DefaultListableBeanFactory - Creating shared instance of singleton bean 'httpRequestHandlerAdapter'
05/08/2026 10:48:17.359 DEBUG o.s.b.f.s.DefaultListableBeanFactory - Creating shared instance of singleton bean 'simpleControllerHandlerAdapter'
05/08/2026 10:48:17.359 DEBUG o.s.b.f.s.DefaultListableBeanFactory - Creating shared instance of singleton bean 'handlerExceptionResolver'
05/08/2026 10:48:17.360 DEBUG o.s.b.f.s.DefaultListableBeanFactory - Autowiring by type from bean name 'handlerExceptionResolver' via factory method to bean named 'mvcContentNegotiationManager'
05/08/2026 10:48:17.363 DEBUG o.s.w.s.m.m.a.ExceptionHandlerExceptionResolver - ControllerAdvice beans: 0 @ExceptionHandler, 1 ResponseBodyAdvice
05/08/2026 10:48:17.365 DEBUG o.s.b.f.s.DefaultListableBeanFactory - Creating shared instance of singleton bean 'requestContextFilter'
05/08/2026 10:48:17.366 DEBUG o.s.b.f.s.DefaultListableBeanFactory - Creating shared instance of singleton bean 'org.springframework.boot.webmvc.autoconfigure.WebMvcAutoConfiguration'
05/08/2026 10:48:17.367 DEBUG o.s.b.f.s.DefaultListableBeanFactory - Creating shared instance of singleton bean 'formContentFilter'
05/08/2026 10:48:17.368 DEBUG o.s.b.f.s.DefaultListableBeanFactory - Creating shared instance of singleton bean 'org.springframework.boot.autoconfigure.aop.AopAutoConfiguration$AspectJAutoProxyingConfiguration$CglibAutoProxyConfiguration'
05/08/2026 10:48:17.369 DEBUG o.s.b.f.s.DefaultListableBeanFactory - Creating shared instance of singleton bean 'org.springframework.boot.autoconfigure.aop.AopAutoConfiguration$AspectJAutoProxyingConfiguration'
05/08/2026 10:48:17.369 DEBUG o.s.b.f.s.DefaultListableBeanFactory - Creating shared instance of singleton bean 'org.springframework.boot.autoconfigure.aop.AopAutoConfiguration'
05/08/2026 10:48:17.369 DEBUG o.s.b.f.s.DefaultListableBeanFactory - Creating shared instance of singleton bean 'org.springframework.boot.autoconfigure.availability.ApplicationAvailabilityAutoConfiguration'
05/08/2026 10:48:17.369 DEBUG o.s.b.f.s.DefaultListableBeanFactory - Creating shared instance of singleton bean 'applicationAvailability'
05/08/2026 10:48:17.371 DEBUG o.s.b.f.s.DefaultListableBeanFactory - Creating shared instance of singleton bean 'org.springframework.boot.autoconfigure.context.ConfigurationPropertiesAutoConfiguration'
05/08/2026 10:48:17.372 DEBUG o.s.b.f.s.DefaultListableBeanFactory - Creating shared instance of singleton bean 'org.springframework.boot.autoconfigure.context.LifecycleAutoConfiguration'
05/08/2026 10:48:17.372 DEBUG o.s.b.f.s.DefaultListableBeanFactory - Creating shared instance of singleton bean 'lifecycleProcessor'
05/08/2026 10:48:17.372 DEBUG o.s.b.f.s.DefaultListableBeanFactory - Creating shared instance of singleton bean 'spring.lifecycle-org.springframework.boot.autoconfigure.context.LifecycleProperties'
05/08/2026 10:48:17.373 DEBUG o.s.b.f.s.DefaultListableBeanFactory - Autowiring by type from bean name 'lifecycleProcessor' via factory method to bean named 'spring.lifecycle-org.springframework.boot.autoconfigure.context.LifecycleProperties'
05/08/2026 10:48:17.375 DEBUG o.s.b.f.s.DefaultListableBeanFactory - Creating shared instance of singleton bean 'org.springframework.boot.autoconfigure.info.ProjectInfoAutoConfiguration'
05/08/2026 10:48:17.378 DEBUG o.s.b.f.s.DefaultListableBeanFactory - Creating shared instance of singleton bean 'spring.info-org.springframework.boot.autoconfigure.info.ProjectInfoProperties'
05/08/2026 10:48:17.380 DEBUG o.s.b.f.s.DefaultListableBeanFactory - Autowiring by type from bean name 'org.springframework.boot.autoconfigure.info.ProjectInfoAutoConfiguration' via constructor to bean named 'spring.info-org.springframework.boot.autoconfigure.info.ProjectInfoProperties'
05/08/2026 10:48:17.380 DEBUG o.s.b.f.s.DefaultListableBeanFactory - Creating shared instance of singleton bean 'org.springframework.boot.autoconfigure.ssl.SslAutoConfiguration'
05/08/2026 10:48:17.382 DEBUG o.s.b.f.s.DefaultListableBeanFactory - Creating shared instance of singleton bean 'spring.ssl-org.springframework.boot.autoconfigure.ssl.SslProperties'
05/08/2026 10:48:17.383 DEBUG o.s.b.f.s.DefaultListableBeanFactory - Autowiring by type from bean name 'org.springframework.boot.autoconfigure.ssl.SslAutoConfiguration' via constructor to bean named 'org.springframework.web.context.support.GenericWebApplicationContext@76889e60'
05/08/2026 10:48:17.383 DEBUG o.s.b.f.s.DefaultListableBeanFactory - Autowiring by type from bean name 'org.springframework.boot.autoconfigure.ssl.SslAutoConfiguration' via constructor to bean named 'spring.ssl-org.springframework.boot.autoconfigure.ssl.SslProperties'
05/08/2026 10:48:17.385 DEBUG o.s.b.f.s.DefaultListableBeanFactory - Creating shared instance of singleton bean 'fileWatcher'
05/08/2026 10:48:17.386 DEBUG o.s.b.f.s.DefaultListableBeanFactory - Creating shared instance of singleton bean 'sslPropertiesSslBundleRegistrar'
05/08/2026 10:48:17.387 DEBUG o.s.b.f.s.DefaultListableBeanFactory - Autowiring by type from bean name 'sslPropertiesSslBundleRegistrar' via factory method to bean named 'fileWatcher'
05/08/2026 10:48:17.389 DEBUG o.s.b.f.s.DefaultListableBeanFactory - Creating shared instance of singleton bean 'sslBundleRegistry'
05/08/2026 10:48:17.394 DEBUG o.s.b.f.s.DefaultListableBeanFactory - Creating shared instance of singleton bean 'org.springframework.boot.autoconfigure.task.TaskSchedulingConfigurations$ThreadPoolTaskSchedulerBuilderConfiguration'
05/08/2026 10:48:17.394 DEBUG o.s.b.f.s.DefaultListableBeanFactory - Creating shared instance of singleton bean 'threadPoolTaskSchedulerBuilder'
05/08/2026 10:48:17.395 DEBUG o.s.b.f.s.DefaultListableBeanFactory - Creating shared instance of singleton bean 'spring.task.scheduling-org.springframework.boot.autoconfigure.task.TaskSchedulingProperties'
05/08/2026 10:48:17.397 DEBUG o.s.b.f.s.DefaultListableBeanFactory - Autowiring by type from bean name 'threadPoolTaskSchedulerBuilder' via factory method to bean named 'spring.task.scheduling-org.springframework.boot.autoconfigure.task.TaskSchedulingProperties'
05/08/2026 10:48:17.398 DEBUG o.s.b.f.s.DefaultListableBeanFactory - Creating shared instance of singleton bean 'org.springframework.boot.autoconfigure.task.TaskSchedulingConfigurations$SimpleAsyncTaskSchedulerBuilderConfiguration'
05/08/2026 10:48:17.399 DEBUG o.s.b.f.s.DefaultListableBeanFactory - Autowiring by type from bean name 'org.springframework.boot.autoconfigure.task.TaskSchedulingConfigurations$SimpleAsyncTaskSchedulerBuilderConfiguration' via constructor to bean named 'spring.task.scheduling-org.springframework.boot.autoconfigure.task.TaskSchedulingProperties'
05/08/2026 10:48:17.399 DEBUG o.s.b.f.s.DefaultListableBeanFactory - Creating shared instance of singleton bean 'simpleAsyncTaskSchedulerBuilder'
05/08/2026 10:48:17.401 DEBUG o.s.b.f.s.DefaultListableBeanFactory - Creating shared instance of singleton bean 'org.springframework.boot.autoconfigure.task.TaskSchedulingAutoConfiguration'
05/08/2026 10:48:17.402 DEBUG o.s.b.f.s.DefaultListableBeanFactory - Creating shared instance of singleton bean 'org.springframework.data.web.config.ProjectingArgumentResolverRegistrar'
05/08/2026 10:48:17.402 DEBUG o.s.b.f.s.DefaultListableBeanFactory - Creating shared instance of singleton bean 'offsetResolver'
05/08/2026 10:48:17.403 DEBUG o.s.b.f.s.DefaultListableBeanFactory - Creating shared instance of singleton bean 'org.springframework.boot.transaction.jta.autoconfigure.JtaAutoConfiguration'
05/08/2026 10:48:17.403 DEBUG o.s.b.f.s.DefaultListableBeanFactory - Creating shared instance of singleton bean 'org.springframework.boot.jdbc.autoconfigure.DataSourcePoolMetadataProvidersConfiguration'
05/08/2026 10:48:17.403 DEBUG o.s.b.f.s.DefaultListableBeanFactory - Creating shared instance of singleton bean 'org.springframework.boot.jdbc.autoconfigure.DataSourceAutoConfiguration'
05/08/2026 10:48:17.404 DEBUG o.s.b.f.s.DefaultListableBeanFactory - Creating shared instance of singleton bean 'org.springframework.boot.transaction.autoconfigure.TransactionManagerCustomizationAutoConfiguration'
05/08/2026 10:48:17.404 DEBUG o.s.b.f.s.DefaultListableBeanFactory - Creating shared instance of singleton bean 'platformTransactionManagerCustomizers'
05/08/2026 10:48:17.405 DEBUG o.s.b.f.s.DefaultListableBeanFactory - Creating shared instance of singleton bean 'transactionExecutionListeners'
05/08/2026 10:48:17.406 DEBUG o.s.b.f.s.DefaultListableBeanFactory - Creating shared instance of singleton bean 'spring.transaction-org.springframework.boot.transaction.autoconfigure.TransactionProperties'
05/08/2026 10:48:17.408 DEBUG o.s.b.f.s.DefaultListableBeanFactory - Creating shared instance of singleton bean 'org.springframework.boot.jpa.autoconfigure.JpaBaseConfiguration$PersistenceManagedTypesConfiguration'
05/08/2026 10:48:17.409 DEBUG o.s.b.f.s.DefaultListableBeanFactory - Creating shared instance of singleton bean 'transactionManager'
05/08/2026 10:48:17.419 DEBUG o.s.b.f.s.DefaultListableBeanFactory - Creating shared instance of singleton bean 'org.springframework.boot.hibernate.autoconfigure.HibernateJpaAutoConfiguration'
05/08/2026 10:48:17.420 DEBUG o.s.b.f.s.DefaultListableBeanFactory - Creating shared instance of singleton bean 'org.springframework.boot.data.jpa.autoconfigure.DataJpaRepositoriesAutoConfiguration'
05/08/2026 10:48:17.420 DEBUG o.s.b.f.s.DefaultListableBeanFactory - Creating shared instance of singleton bean 'eagerJpaMetamodelCacheCleanup'
05/08/2026 10:48:17.421 DEBUG o.s.b.f.s.DefaultListableBeanFactory - Creating shared instance of singleton bean 'org.springframework.data.jpa.util.JpaMetamodelCacheCleanup'
05/08/2026 10:48:17.421 DEBUG o.s.b.f.s.DefaultListableBeanFactory - Creating shared instance of singleton bean 'org.springframework.data.jpa.repository.support.JpaEvaluationContextExtension'
05/08/2026 10:48:17.422 DEBUG o.s.b.f.s.DefaultListableBeanFactory - Creating shared instance of singleton bean 'data-jpa.repository-aot-processor#0'
05/08/2026 10:48:17.428 DEBUG o.s.b.f.s.DefaultListableBeanFactory - Creating shared instance of singleton bean 'org.springframework.boot.http.converter.autoconfigure.JacksonHttpMessageConvertersConfiguration'
05/08/2026 10:48:17.429 DEBUG o.s.b.f.s.DefaultListableBeanFactory - Creating shared instance of singleton bean 'org.springframework.boot.http.converter.autoconfigure.Jackson2HttpMessageConvertersConfiguration'
05/08/2026 10:48:17.429 DEBUG o.s.b.f.s.DefaultListableBeanFactory - Creating shared instance of singleton bean 'clientConvertersCustomizer'
05/08/2026 10:48:17.431 DEBUG o.s.b.f.s.DefaultListableBeanFactory - Creating shared instance of singleton bean 'org.springframework.boot.jdbc.autoconfigure.JdbcTemplateConfiguration'
05/08/2026 10:48:17.431 DEBUG o.s.b.f.s.DefaultListableBeanFactory - Creating shared instance of singleton bean 'jdbcTemplate'
05/08/2026 10:48:17.431 DEBUG o.s.b.f.s.DefaultListableBeanFactory - Creating shared instance of singleton bean 'spring.jdbc-org.springframework.boot.jdbc.autoconfigure.JdbcProperties'
05/08/2026 10:48:17.432 DEBUG o.s.b.f.s.DefaultListableBeanFactory - Autowiring by type from bean name 'jdbcTemplate' via factory method to bean named 'dataSource'
05/08/2026 10:48:17.432 DEBUG o.s.b.f.s.DefaultListableBeanFactory - Autowiring by type from bean name 'jdbcTemplate' via factory method to bean named 'spring.jdbc-org.springframework.boot.jdbc.autoconfigure.JdbcProperties'
05/08/2026 10:48:17.439 DEBUG o.s.b.f.s.DefaultListableBeanFactory - Creating shared instance of singleton bean 'org.springframework.boot.jdbc.autoconfigure.NamedParameterJdbcTemplateConfiguration'
05/08/2026 10:48:17.440 DEBUG o.s.b.f.s.DefaultListableBeanFactory - Creating shared instance of singleton bean 'namedParameterJdbcTemplate'
05/08/2026 10:48:17.440 DEBUG o.s.b.f.s.DefaultListableBeanFactory - Autowiring by type from bean name 'namedParameterJdbcTemplate' via factory method to bean named 'jdbcTemplate'
05/08/2026 10:48:17.444 DEBUG o.s.b.f.s.DefaultListableBeanFactory - Creating shared instance of singleton bean 'org.springframework.boot.jdbc.autoconfigure.JdbcTemplateAutoConfiguration'
05/08/2026 10:48:17.444 DEBUG o.s.b.f.s.DefaultListableBeanFactory - Creating shared instance of singleton bean 'org.springframework.boot.jdbc.autoconfigure.JdbcClientAutoConfiguration'
05/08/2026 10:48:17.444 DEBUG o.s.b.f.s.DefaultListableBeanFactory - Creating shared instance of singleton bean 'jdbcClient'
05/08/2026 10:48:17.445 DEBUG o.s.b.f.s.DefaultListableBeanFactory - Autowiring by type from bean name 'jdbcClient' via factory method to bean named 'namedParameterJdbcTemplate'
05/08/2026 10:48:17.446 DEBUG o.s.b.f.s.DefaultListableBeanFactory - Creating shared instance of singleton bean 'org.springframework.boot.persistence.autoconfigure.PersistenceExceptionTranslationAutoConfiguration'
05/08/2026 10:48:17.446 DEBUG o.s.b.f.s.DefaultListableBeanFactory - Creating shared instance of singleton bean 'org.springframework.boot.security.autoconfigure.web.servlet.ServletWebSecurityAutoConfiguration'
05/08/2026 10:48:17.446 DEBUG o.s.b.f.s.DefaultListableBeanFactory - Creating shared instance of singleton bean 'org.springframework.boot.security.autoconfigure.web.servlet.SecurityFilterAutoConfiguration'
05/08/2026 10:48:17.446 DEBUG o.s.b.f.s.DefaultListableBeanFactory - Creating shared instance of singleton bean 'securityFilterChainRegistration'
05/08/2026 10:48:17.447 DEBUG o.s.b.f.s.DefaultListableBeanFactory - Creating shared instance of singleton bean 'spring.security.filter-org.springframework.boot.security.autoconfigure.web.servlet.SecurityFilterProperties'
05/08/2026 10:48:17.448 DEBUG o.s.b.f.s.DefaultListableBeanFactory - Autowiring by type from bean name 'securityFilterChainRegistration' via factory method to bean named 'spring.security.filter-org.springframework.boot.security.autoconfigure.web.servlet.SecurityFilterProperties'
05/08/2026 10:48:17.450 DEBUG o.s.b.f.s.DefaultListableBeanFactory - Creating shared instance of singleton bean 'org.springframework.boot.servlet.autoconfigure.HttpEncodingAutoConfiguration'
05/08/2026 10:48:17.452 DEBUG o.s.b.f.s.DefaultListableBeanFactory - Creating shared instance of singleton bean 'characterEncodingFilter'
05/08/2026 10:48:17.452 DEBUG o.s.b.f.s.DefaultListableBeanFactory - Creating shared instance of singleton bean 'spring.servlet.encoding-org.springframework.boot.servlet.autoconfigure.ServletEncodingProperties'
05/08/2026 10:48:17.453 DEBUG o.s.b.f.s.DefaultListableBeanFactory - Autowiring by type from bean name 'characterEncodingFilter' via factory method to bean named 'spring.servlet.encoding-org.springframework.boot.servlet.autoconfigure.ServletEncodingProperties'
05/08/2026 10:48:17.454 DEBUG o.s.b.f.s.DefaultListableBeanFactory - Creating shared instance of singleton bean 'multipartResolver'
05/08/2026 10:48:17.455 DEBUG o.s.b.f.s.DefaultListableBeanFactory - Creating shared instance of singleton bean 'org.springframework.boot.web.server.autoconfigure.servlet.ServletWebServerConfiguration'
05/08/2026 10:48:17.456 DEBUG o.s.b.f.s.DefaultListableBeanFactory - Creating shared instance of singleton bean 'servletWebServerFactoryCustomizer'
05/08/2026 10:48:17.458 DEBUG o.s.b.f.s.DefaultListableBeanFactory - Creating shared instance of singleton bean 'server-org.springframework.boot.web.server.autoconfigure.ServerProperties'
05/08/2026 10:48:17.463 DEBUG o.s.b.f.s.DefaultListableBeanFactory - Autowiring by type from bean name 'servletWebServerFactoryCustomizer' via factory method to bean named 'server-org.springframework.boot.web.server.autoconfigure.ServerProperties'
05/08/2026 10:48:17.465 DEBUG o.s.b.f.s.DefaultListableBeanFactory - Creating shared instance of singleton bean 'org.springframework.boot.tomcat.autoconfigure.servlet.TomcatServletWebServerAutoConfiguration'
05/08/2026 10:48:17.466 DEBUG o.s.b.f.s.DefaultListableBeanFactory - Creating shared instance of singleton bean 'server.tomcat-org.springframework.boot.tomcat.autoconfigure.TomcatServerProperties'
05/08/2026 10:48:17.469 DEBUG o.s.b.f.s.DefaultListableBeanFactory - Autowiring by type from bean name 'org.springframework.boot.tomcat.autoconfigure.servlet.TomcatServletWebServerAutoConfiguration' via constructor to bean named 'server.tomcat-org.springframework.boot.tomcat.autoconfigure.TomcatServerProperties'
05/08/2026 10:48:17.469 DEBUG o.s.b.f.s.DefaultListableBeanFactory - Creating shared instance of singleton bean 'tomcatServletWebServerFactory'
05/08/2026 10:48:17.492 DEBUG o.s.b.f.s.DefaultListableBeanFactory - Creating shared instance of singleton bean 'tomcatServletWebServerFactoryCustomizer'
05/08/2026 10:48:17.492 DEBUG o.s.b.f.s.DefaultListableBeanFactory - Autowiring by type from bean name 'tomcatServletWebServerFactoryCustomizer' via factory method to bean named 'server.tomcat-org.springframework.boot.tomcat.autoconfigure.TomcatServerProperties'
05/08/2026 10:48:17.503 DEBUG o.s.b.f.s.DefaultListableBeanFactory - Creating shared instance of singleton bean 'org.springframework.boot.jdbc.autoconfigure.DataSourceTransactionManagerAutoConfiguration$JdbcTransactionManagerConfiguration'
05/08/2026 10:48:17.505 DEBUG o.s.b.f.s.DefaultListableBeanFactory - Creating shared instance of singleton bean 'org.springframework.boot.jdbc.autoconfigure.DataSourceTransactionManagerAutoConfiguration'
05/08/2026 10:48:17.506 DEBUG o.s.b.f.s.DefaultListableBeanFactory - Creating shared instance of singleton bean 'org.springframework.boot.transaction.autoconfigure.TransactionAutoConfiguration$EnableTransactionManagementConfiguration$CglibAutoProxyConfiguration'
05/08/2026 10:48:17.506 DEBUG o.s.b.f.s.DefaultListableBeanFactory - Creating shared instance of singleton bean 'org.springframework.boot.transaction.autoconfigure.TransactionAutoConfiguration$EnableTransactionManagementConfiguration'
05/08/2026 10:48:17.506 DEBUG o.s.b.f.s.DefaultListableBeanFactory - Creating shared instance of singleton bean 'org.springframework.boot.transaction.autoconfigure.TransactionAutoConfiguration$TransactionTemplateConfiguration'
05/08/2026 10:48:17.507 DEBUG o.s.b.f.s.DefaultListableBeanFactory - Creating shared instance of singleton bean 'transactionTemplate'
05/08/2026 10:48:17.507 DEBUG o.s.b.f.s.DefaultListableBeanFactory - Autowiring by type from bean name 'transactionTemplate' via factory method to bean named 'transactionManager'
05/08/2026 10:48:17.510 DEBUG o.s.b.f.s.DefaultListableBeanFactory - Creating shared instance of singleton bean 'org.springframework.boot.transaction.autoconfigure.TransactionAutoConfiguration'
05/08/2026 10:48:17.525 DEBUG o.s.c.s.DefaultLifecycleProcessor - Starting beans in phase -2147483647
05/08/2026 10:48:17.525 DEBUG o.s.c.s.DefaultLifecycleProcessor - Successfully started bean 'springBootLoggingLifecycle'
05/08/2026 10:48:17.525 DEBUG o.s.c.s.DefaultLifecycleProcessor - Starting beans in phase 1073741823
05/08/2026 10:48:17.538 DEBUG o.s.b.a.l.ConditionEvaluationReportLogger - 


============================
CONDITIONS EVALUATION REPORT
============================


Positive matches:
-----------------

   AopAutoConfiguration matched:
      - @ConditionalOnBooleanProperty (spring.aop.auto=true) matched (OnPropertyCondition)

   AopAutoConfiguration.AspectJAutoProxyingConfiguration matched:
      - @ConditionalOnClass found required class 'org.aspectj.weaver.Advice' (OnClassCondition)

   AopAutoConfiguration.AspectJAutoProxyingConfiguration.CglibAutoProxyConfiguration matched:
      - @ConditionalOnBooleanProperty (spring.aop.proxy-target-class=true) matched (OnPropertyCondition)

   ApplicationAvailabilityAutoConfiguration#applicationAvailability matched:
      - @ConditionalOnMissingBean (types: org.springframework.boot.availability.ApplicationAvailability; SearchStrategy: all) did not find any beans (OnBeanCondition)

   DataJpaRepositoriesAutoConfiguration matched:
      - @ConditionalOnClass found required class 'org.springframework.data.jpa.repository.JpaRepository' (OnClassCondition)
      - @ConditionalOnBooleanProperty (spring.data.jpa.repositories.enabled=true) matched (OnPropertyCondition)
      - @ConditionalOnBean (types: javax.sql.DataSource; SearchStrategy: all) found bean 'dataSource'; @ConditionalOnMissingBean (types: org.springframework.data.jpa.repository.support.JpaRepositoryFactoryBean,org.springframework.data.jpa.repository.config.JpaRepositoryConfigExtension; SearchStrategy: all) did not find any beans (OnBeanCondition)

   DataSourceAutoConfiguration matched:
      - @ConditionalOnClass found required classes 'javax.sql.DataSource', 'org.springframework.jdbc.datasource.embedded.EmbeddedDatabaseType' (OnClassCondition)
      - @ConditionalOnMissingBean (types: ?; SearchStrategy: all) did not find any beans (OnBeanCondition)

   DataSourceAutoConfiguration.PooledDataSourceConfiguration matched:
      - AnyNestedCondition 1 matched 1 did not; NestedCondition on DataSourceAutoConfiguration.PooledDataSourceCondition.PooledDataSourceAvailable PooledDataSource found supported DataSource; NestedCondition on DataSourceAutoConfiguration.PooledDataSourceCondition.ExplicitType @ConditionalOnProperty (spring.datasource.type) did not find property 'spring.datasource.type' (DataSourceAutoConfiguration.PooledDataSourceCondition)
      - @ConditionalOnMissingBean (types: javax.sql.DataSource,javax.sql.XADataSource; SearchStrategy: all) did not find any beans (OnBeanCondition)

   DataSourceAutoConfiguration.PooledDataSourceConfiguration#jdbcConnectionDetails matched:
      - @ConditionalOnMissingBean (types: org.springframework.boot.jdbc.autoconfigure.JdbcConnectionDetails; SearchStrategy: all) did not find any beans (OnBeanCondition)

   DataSourceConfiguration.Hikari matched:
      - @ConditionalOnClass found required class 'com.zaxxer.hikari.HikariDataSource' (OnClassCondition)
      - @ConditionalOnProperty (spring.datasource.type=com.zaxxer.hikari.HikariDataSource) matched (OnPropertyCondition)
      - @ConditionalOnMissingBean (types: javax.sql.DataSource; SearchStrategy: all) did not find any beans (OnBeanCondition)

   DataSourceInitializationAutoConfiguration matched:
      - @ConditionalOnClass found required class 'org.springframework.jdbc.datasource.init.DatabasePopulator' (OnClassCondition)
      - SQL InitializationDatabase Initialization default value is EMBEDDED (OnSqlInitializationCondition)
      - @ConditionalOnSingleCandidate (types: javax.sql.DataSource; SearchStrategy: all) found a single bean 'dataSource'; @ConditionalOnMissingBean (types: org.springframework.boot.sql.autoconfigure.init.ApplicationScriptDatabaseInitializer; SearchStrategy: all) did not find any beans (OnBeanCondition)

   DataSourcePoolMetadataProvidersConfiguration.HikariPoolDataSourceMetadataProviderConfiguration matched:
      - @ConditionalOnClass found required class 'com.zaxxer.hikari.HikariDataSource' (OnClassCondition)

   DataSourceTransactionManagerAutoConfiguration matched:
      - @ConditionalOnClass found required classes 'javax.sql.DataSource', 'org.springframework.jdbc.core.JdbcTemplate', 'org.springframework.transaction.TransactionManager' (OnClassCondition)

   DataSourceTransactionManagerAutoConfiguration.JdbcTransactionManagerConfiguration matched:
      - @ConditionalOnSingleCandidate (types: javax.sql.DataSource; SearchStrategy: all) found a single bean 'dataSource' (OnBeanCondition)

   DataWebAutoConfiguration matched:
      - @ConditionalOnClass found required classes 'org.springframework.data.web.PageableHandlerMethodArgumentResolver', 'org.springframework.web.servlet.config.annotation.WebMvcConfigurer' (OnClassCondition)
      - found 'session' scope (OnWebApplicationCondition)
      - @ConditionalOnMissingBean (types: org.springframework.data.web.PageableHandlerMethodArgumentResolver; SearchStrategy: all) did not find any beans (OnBeanCondition)

   DataWebAutoConfiguration#pageableCustomizer matched:
      - @ConditionalOnMissingBean (types: org.springframework.data.web.config.PageableHandlerMethodArgumentResolverCustomizer; SearchStrategy: all) did not find any beans (OnBeanCondition)

   DataWebAutoConfiguration#sortCustomizer matched:
      - @ConditionalOnMissingBean (types: org.springframework.data.web.config.SortHandlerMethodArgumentResolverCustomizer; SearchStrategy: all) did not find any beans (OnBeanCondition)

   DataWebAutoConfiguration#springDataWebSettings matched:
      - @ConditionalOnMissingBean (types: org.springframework.data.web.config.SpringDataWebSettings; SearchStrategy: all) did not find any beans (OnBeanCondition)

   DispatcherServletAutoConfiguration matched:
      - @ConditionalOnClass found required class 'org.springframework.web.servlet.DispatcherServlet' (OnClassCondition)
      - found 'session' scope (OnWebApplicationCondition)

   DispatcherServletAutoConfiguration.DispatcherServletConfiguration matched:
      - @ConditionalOnClass found required class 'jakarta.servlet.ServletRegistration' (OnClassCondition)
      - Default DispatcherServlet did not find dispatcher servlet beans (DispatcherServletAutoConfiguration.DefaultDispatcherServletCondition)

   DispatcherServletAutoConfiguration.DispatcherServletRegistrationConfiguration matched:
      - @ConditionalOnClass found required class 'jakarta.servlet.ServletRegistration' (OnClassCondition)
      - DispatcherServlet Registration did not find servlet registration bean (DispatcherServletAutoConfiguration.DispatcherServletRegistrationCondition)

   DispatcherServletAutoConfiguration.DispatcherServletRegistrationConfiguration#dispatcherServletRegistration matched:
      - @ConditionalOnBean (names: dispatcherServlet types: org.springframework.web.servlet.DispatcherServlet; SearchStrategy: all) found bean 'dispatcherServlet' (OnBeanCondition)

   ErrorMvcAutoConfiguration matched:
      - @ConditionalOnClass found required classes 'jakarta.servlet.Servlet', 'org.springframework.web.servlet.DispatcherServlet' (OnClassCondition)
      - found 'session' scope (OnWebApplicationCondition)

   ErrorMvcAutoConfiguration#basicErrorController matched:
      - @ConditionalOnMissingBean (types: org.springframework.boot.webmvc.error.ErrorController; SearchStrategy: current) did not find any beans (OnBeanCondition)

   ErrorMvcAutoConfiguration#errorAttributes matched:
      - @ConditionalOnMissingBean (types: org.springframework.boot.webmvc.error.ErrorAttributes; SearchStrategy: current) did not find any beans (OnBeanCondition)

   ErrorMvcAutoConfiguration.DefaultErrorViewResolverConfiguration#conventionErrorViewResolver matched:
      - @ConditionalOnBean (types: org.springframework.web.servlet.DispatcherServlet; SearchStrategy: all) found bean 'dispatcherServlet'; @ConditionalOnMissingBean (types: org.springframework.boot.webmvc.autoconfigure.error.ErrorViewResolver; SearchStrategy: all) did not find any beans (OnBeanCondition)

   ErrorMvcAutoConfiguration.WhitelabelErrorViewConfiguration matched:
      - @ConditionalOnBooleanProperty (spring.web.error.whitelabel.enabled=true) matched (OnPropertyCondition)
      - ErrorTemplate Missing did not find error template view (ErrorMvcAutoConfiguration.ErrorTemplateMissingCondition)

   ErrorMvcAutoConfiguration.WhitelabelErrorViewConfiguration#beanNameViewResolver matched:
      - @ConditionalOnMissingBean (types: org.springframework.web.servlet.view.BeanNameViewResolver; SearchStrategy: all) did not find any beans (OnBeanCondition)

   ErrorMvcAutoConfiguration.WhitelabelErrorViewConfiguration#defaultErrorView matched:
      - @ConditionalOnMissingBean (names: error; SearchStrategy: all) did not find any beans (OnBeanCondition)

   HibernateJpaAutoConfiguration matched:
      - @ConditionalOnClass found required classes 'org.springframework.orm.jpa.LocalContainerEntityManagerFactoryBean', 'jakarta.persistence.EntityManager', 'org.hibernate.engine.spi.SessionImplementor' (OnClassCondition)

   HibernateJpaConfiguration matched:
      - @ConditionalOnSingleCandidate (types: javax.sql.DataSource; SearchStrategy: all) found a single bean 'dataSource' (OnBeanCondition)

   HttpEncodingAutoConfiguration matched:
      - @ConditionalOnClass found required class 'org.springframework.web.filter.CharacterEncodingFilter' (OnClassCondition)
      - found 'session' scope (OnWebApplicationCondition)
      - @ConditionalOnBooleanProperty (spring.servlet.encoding.enabled=true) matched (OnPropertyCondition)

   HttpEncodingAutoConfiguration#characterEncodingFilter matched:
      - @ConditionalOnMissingBean (types: org.springframework.web.filter.CharacterEncodingFilter; SearchStrategy: all) did not find any beans (OnBeanCondition)

   HttpMessageConvertersAutoConfiguration matched:
      - @ConditionalOnClass found required class 'org.springframework.http.converter.HttpMessageConverter' (OnClassCondition)
      - NoneNestedConditions 0 matched 1 did not; NestedCondition on HttpMessageConvertersAutoConfiguration.NotReactiveWebApplicationCondition.ReactiveWebApplication did not find reactive web application classes (HttpMessageConvertersAutoConfiguration.NotReactiveWebApplicationCondition)

   HttpMessageConvertersAutoConfiguration.StringHttpMessageConverterConfiguration matched:
      - @ConditionalOnClass found required class 'org.springframework.http.converter.StringHttpMessageConverter' (OnClassCondition)

   HttpMessageConvertersAutoConfiguration.StringHttpMessageConverterConfiguration#stringHttpMessageConverter matched:
      - @ConditionalOnMissingBean (types: org.springframework.http.converter.StringHttpMessageConverter; SearchStrategy: all) did not find any beans (OnBeanCondition)

   JacksonAutoConfiguration matched:
      - @ConditionalOnClass found required class 'tools.jackson.databind.json.JsonMapper' (OnClassCondition)

   JacksonAutoConfiguration#jacksonJsonMapper matched:
      - @ConditionalOnMissingBean (types: tools.jackson.databind.json.JsonMapper; SearchStrategy: all) did not find any beans (OnBeanCondition)

   JacksonAutoConfiguration#jsonMapperBuilder matched:
      - @ConditionalOnMissingBean (types: tools.jackson.databind.json.JsonMapper$Builder; SearchStrategy: all) did not find any beans (OnBeanCondition)

   JacksonAutoConfiguration.JsonProblemDetailsConfiguration matched:
      - @ConditionalOnClass found required class 'org.springframework.http.ProblemDetail' (OnClassCondition)

   JacksonHttpMessageConvertersConfiguration.JacksonJsonHttpMessageConverterConfiguration matched:
      - @ConditionalOnClass found required class 'tools.jackson.databind.json.JsonMapper' (OnClassCondition)
      - @ConditionalOnProperty (spring.http.converters.preferred-json-mapper=jackson) matched (OnPropertyCondition)
      - @ConditionalOnBean (types: tools.jackson.databind.json.JsonMapper; SearchStrategy: all) found bean 'jacksonJsonMapper' (OnBeanCondition)

   JacksonHttpMessageConvertersConfiguration.JacksonJsonHttpMessageConverterConfiguration#jacksonJsonHttpMessageConverter matched:
      - @ConditionalOnMissingBean (types: org.springframework.http.converter.json.JacksonJsonHttpMessageConverter ignored: ?; SearchStrategy: all) did not find any beans (OnBeanCondition)

   JdbcClientAutoConfiguration matched:
      - @ConditionalOnSingleCandidate (types: org.springframework.jdbc.core.namedparam.NamedParameterJdbcTemplate; SearchStrategy: all) found a single bean 'namedParameterJdbcTemplate'; @ConditionalOnMissingBean (types: org.springframework.jdbc.core.simple.JdbcClient; SearchStrategy: all) did not find any beans (OnBeanCondition)

   JdbcTemplateAutoConfiguration matched:
      - @ConditionalOnClass found required classes 'javax.sql.DataSource', 'org.springframework.jdbc.core.JdbcTemplate' (OnClassCondition)
      - @ConditionalOnSingleCandidate (types: javax.sql.DataSource; SearchStrategy: all) found a single bean 'dataSource' (OnBeanCondition)

   JdbcTemplateConfiguration matched:
      - @ConditionalOnMissingBean (types: org.springframework.jdbc.core.JdbcOperations; SearchStrategy: all) did not find any beans (OnBeanCondition)

   JpaBaseConfiguration#entityManagerFactory matched:
      - @ConditionalOnMissingBean (types: org.springframework.orm.jpa.LocalContainerEntityManagerFactoryBean,jakarta.persistence.EntityManagerFactory; SearchStrategy: all) did not find any beans (OnBeanCondition)

   JpaBaseConfiguration#entityManagerFactoryBuilder matched:
      - @ConditionalOnMissingBean (types: org.springframework.boot.jpa.EntityManagerFactoryBuilder; SearchStrategy: all) did not find any beans (OnBeanCondition)

   JpaBaseConfiguration#jpaVendorAdapter matched:
      - @ConditionalOnMissingBean (types: org.springframework.orm.jpa.JpaVendorAdapter; SearchStrategy: all) did not find any beans (OnBeanCondition)

   JpaBaseConfiguration#transactionManager matched:
      - @ConditionalOnMissingBean (types: org.springframework.transaction.TransactionManager; SearchStrategy: all) did not find any beans (OnBeanCondition)

   JpaBaseConfiguration.PersistenceManagedTypesConfiguration matched:
      - @ConditionalOnMissingBean (types: org.springframework.orm.jpa.LocalContainerEntityManagerFactoryBean,jakarta.persistence.EntityManagerFactory; SearchStrategy: all) did not find any beans (OnBeanCondition)

   JpaBaseConfiguration.PersistenceManagedTypesConfiguration#persistenceManagedTypes matched:
      - @ConditionalOnMissingBean (types: org.springframework.orm.jpa.persistenceunit.PersistenceManagedTypes; SearchStrategy: all) did not find any beans (OnBeanCondition)

   JtaAutoConfiguration matched:
      - @ConditionalOnClass found required class 'jakarta.transaction.Transaction' (OnClassCondition)
      - @ConditionalOnBooleanProperty (spring.jta.enabled=true) matched (OnPropertyCondition)

   LifecycleAutoConfiguration#defaultLifecycleProcessor matched:
      - @ConditionalOnMissingBean (names: lifecycleProcessor; SearchStrategy: current) did not find any beans (OnBeanCondition)

   MultipartAutoConfiguration matched:
      - @ConditionalOnClass found required classes 'jakarta.servlet.Servlet', 'org.springframework.web.multipart.support.StandardServletMultipartResolver', 'jakarta.servlet.MultipartConfigElement' (OnClassCondition)
      - found 'session' scope (OnWebApplicationCondition)
      - @ConditionalOnBooleanProperty (spring.servlet.multipart.enabled=true) matched (OnPropertyCondition)

   MultipartAutoConfiguration#multipartConfigElement matched:
      - @ConditionalOnMissingBean (types: jakarta.servlet.MultipartConfigElement; SearchStrategy: all) did not find any beans (OnBeanCondition)

   MultipartAutoConfiguration#multipartResolver matched:
      - @ConditionalOnMissingBean (types: org.springframework.web.multipart.MultipartResolver; SearchStrategy: all) did not find any beans (OnBeanCondition)

   NamedParameterJdbcTemplateConfiguration matched:
      - @ConditionalOnSingleCandidate (types: org.springframework.jdbc.core.JdbcTemplate; SearchStrategy: all) found a single bean 'jdbcTemplate'; @ConditionalOnMissingBean (types: org.springframework.jdbc.core.namedparam.NamedParameterJdbcOperations; SearchStrategy: all) did not find any beans (OnBeanCondition)

   PersistenceExceptionTranslationAutoConfiguration matched:
      - @ConditionalOnClass found required class 'org.springframework.dao.annotation.PersistenceExceptionTranslationPostProcessor' (OnClassCondition)

   PersistenceExceptionTranslationAutoConfiguration#persistenceExceptionTranslationPostProcessor matched:
      - @ConditionalOnBooleanProperty (spring.persistence.exceptiontranslation.enabled=true) matched (OnPropertyCondition)
      - @ConditionalOnMissingBean (types: org.springframework.dao.annotation.PersistenceExceptionTranslationPostProcessor; SearchStrategy: all) did not find any beans (OnBeanCondition)

   PropertyPlaceholderAutoConfiguration#propertySourcesPlaceholderConfigurer matched:
      - @ConditionalOnMissingBean (types: org.springframework.context.support.PropertySourcesPlaceholderConfigurer; SearchStrategy: current) did not find any beans (OnBeanCondition)

   SecurityAutoConfiguration matched:
      - @ConditionalOnClass found required class 'org.springframework.security.authentication.DefaultAuthenticationEventPublisher' (OnClassCondition)

   SecurityAutoConfiguration#authenticationEventPublisher matched:
      - @ConditionalOnMissingBean (types: org.springframework.security.authentication.AuthenticationEventPublisher; SearchStrategy: all) did not find any beans (OnBeanCondition)

   SecurityFilterAutoConfiguration matched:
      - @ConditionalOnClass found required classes 'org.springframework.security.web.context.AbstractSecurityWebApplicationInitializer', 'org.springframework.security.config.http.SessionCreationPolicy' (OnClassCondition)
      - found 'session' scope (OnWebApplicationCondition)

   SecurityFilterAutoConfiguration#securityFilterChainRegistration matched:
      - @ConditionalOnBean (names: springSecurityFilterChain; SearchStrategy: all) found bean 'springSecurityFilterChain' (OnBeanCondition)

   ServletWebSecurityAutoConfiguration matched:
      - @ConditionalOnClass found required class 'org.springframework.security.config.annotation.web.configuration.EnableWebSecurity' (OnClassCondition)
      - found 'session' scope (OnWebApplicationCondition)

   ServletWebSecurityAutoConfiguration.PathPatternRequestMatcherBuilderConfiguration matched:
      - @ConditionalOnClass found required class 'org.springframework.boot.webmvc.autoconfigure.DispatcherServletPath' (OnClassCondition)
      - @ConditionalOnBean (types: org.springframework.boot.webmvc.autoconfigure.DispatcherServletPath; SearchStrategy: all) found bean 'dispatcherServletRegistration' (OnBeanCondition)

   ServletWebSecurityAutoConfiguration.PathPatternRequestMatcherBuilderConfiguration#pathPatternRequestMatcherBuilder matched:
      - @ConditionalOnMissingBean (types: org.springframework.security.web.servlet.util.matcher.PathPatternRequestMatcher$Builder; SearchStrategy: all) did not find any beans (OnBeanCondition)

   SslAutoConfiguration#sslBundleRegistry matched:
      - @ConditionalOnMissingBean (types: org.springframework.boot.ssl.SslBundleRegistry,org.springframework.boot.ssl.SslBundles; SearchStrategy: all) did not find any beans (OnBeanCondition)

   TaskExecutionAutoConfiguration matched:
      - @ConditionalOnClass found required class 'org.springframework.scheduling.concurrent.ThreadPoolTaskExecutor' (OnClassCondition)

   TaskExecutorConfigurations.AsyncConfigurerConfiguration matched:
      - @ConditionalOnMissingBean (types: org.springframework.scheduling.annotation.AsyncConfigurer; SearchStrategy: all) did not find any beans (OnBeanCondition)

   TaskExecutorConfigurations.SimpleAsyncTaskExecutorBuilderConfiguration#simpleAsyncTaskExecutorBuilder matched:
      - @ConditionalOnMissingBean (types: org.springframework.boot.task.SimpleAsyncTaskExecutorBuilder; SearchStrategy: all) did not find any beans (OnBeanCondition)
      - @ConditionalOnThreading found PLATFORM (OnThreadingCondition)

   TaskExecutorConfigurations.TaskExecutorConfiguration matched:
      - AnyNestedCondition 1 matched 1 did not; NestedCondition on TaskExecutorConfigurations.OnExecutorCondition.ModelCondition @ConditionalOnProperty (spring.task.execution.mode=force) did not find property 'spring.task.execution.mode'; NestedCondition on TaskExecutorConfigurations.OnExecutorCondition.ExecutorBeanCondition @ConditionalOnMissingBean (types: java.util.concurrent.Executor; SearchStrategy: all) did not find any beans (TaskExecutorConfigurations.OnExecutorCondition)

   TaskExecutorConfigurations.TaskExecutorConfiguration#applicationTaskExecutor matched:
      - @ConditionalOnThreading found PLATFORM (OnThreadingCondition)

   TaskExecutorConfigurations.ThreadPoolTaskExecutorBuilderConfiguration#threadPoolTaskExecutorBuilder matched:
      - @ConditionalOnMissingBean (types: org.springframework.boot.task.ThreadPoolTaskExecutorBuilder; SearchStrategy: all) did not find any beans (OnBeanCondition)

   TaskSchedulingAutoConfiguration matched:
      - @ConditionalOnClass found required class 'org.springframework.scheduling.concurrent.ThreadPoolTaskScheduler' (OnClassCondition)

   TaskSchedulingConfigurations.SimpleAsyncTaskSchedulerBuilderConfiguration#simpleAsyncTaskSchedulerBuilder matched:
      - @ConditionalOnMissingBean (types: org.springframework.boot.task.SimpleAsyncTaskSchedulerBuilder; SearchStrategy: all) did not find any beans (OnBeanCondition)
      - @ConditionalOnThreading found PLATFORM (OnThreadingCondition)

   TaskSchedulingConfigurations.ThreadPoolTaskSchedulerBuilderConfiguration#threadPoolTaskSchedulerBuilder matched:
      - @ConditionalOnMissingBean (types: org.springframework.boot.task.ThreadPoolTaskSchedulerBuilder; SearchStrategy: all) did not find any beans (OnBeanCondition)

   TomcatServletWebServerAutoConfiguration matched:
      - @ConditionalOnClass found required classes 'jakarta.servlet.ServletRequest', 'org.apache.catalina.startup.Tomcat', 'org.apache.coyote.UpgradeProtocol', 'org.springframework.boot.tomcat.servlet.TomcatServletWebServerFactory' (OnClassCondition)
      - found 'session' scope (OnWebApplicationCondition)

   TomcatServletWebServerAutoConfiguration#tomcatServletWebServerFactory matched:
      - @ConditionalOnMissingBean (types: org.springframework.boot.web.server.servlet.ServletWebServerFactory; SearchStrategy: current) did not find any beans (OnBeanCondition)

   TransactionAutoConfiguration matched:
      - @ConditionalOnClass found required class 'org.springframework.transaction.PlatformTransactionManager' (OnClassCondition)

   TransactionAutoConfiguration.EnableTransactionManagementConfiguration matched:
      - @ConditionalOnBean (types: org.springframework.transaction.TransactionManager; SearchStrategy: all) found bean 'transactionManager'; @ConditionalOnMissingBean (types: org.springframework.transaction.annotation.AbstractTransactionManagementConfiguration; SearchStrategy: all) did not find any beans (OnBeanCondition)

   TransactionAutoConfiguration.EnableTransactionManagementConfiguration.CglibAutoProxyConfiguration matched:
      - @ConditionalOnBooleanProperty (spring.aop.proxy-target-class=true) matched (OnPropertyCondition)

   TransactionAutoConfiguration.TransactionTemplateConfiguration matched:
      - @ConditionalOnSingleCandidate (types: org.springframework.transaction.PlatformTransactionManager; SearchStrategy: all) found a single bean 'transactionManager' (OnBeanCondition)

   TransactionAutoConfiguration.TransactionTemplateConfiguration#transactionTemplate matched:
      - @ConditionalOnMissingBean (types: org.springframework.transaction.support.TransactionOperations; SearchStrategy: all) did not find any beans (OnBeanCondition)

   TransactionManagerCustomizationAutoConfiguration matched:
      - @ConditionalOnClass found required class 'org.springframework.transaction.PlatformTransactionManager' (OnClassCondition)

   TransactionManagerCustomizationAutoConfiguration#platformTransactionManagerCustomizers matched:
      - @ConditionalOnMissingBean (types: org.springframework.boot.transaction.autoconfigure.TransactionManagerCustomizers; SearchStrategy: all) did not find any beans (OnBeanCondition)

   UserDetailsServiceAutoConfiguration matched:
      - @ConditionalOnClass found required class 'org.springframework.security.authentication.AuthenticationManager' (OnClassCondition)
      - found 'session' scope (OnWebApplicationCondition)
      - AnyNestedCondition 1 matched 2 did not; NestedCondition on MissingAlternativeUserDetailsManagerOrUserPropertiesConfigured.PasswordConfigured @ConditionalOnProperty (spring.security.user.password) did not find property 'spring.security.user.password'; NestedCondition on MissingAlternativeUserDetailsManagerOrUserPropertiesConfigured.NameConfigured @ConditionalOnProperty (spring.security.user.name) did not find property 'spring.security.user.name'; NestedCondition on MissingAlternativeUserDetailsManagerOrUserPropertiesConfigured.MissingAlternative @ConditionalOnMissingClass did not find unwanted classes 'org.springframework.security.oauth2.client.registration.ClientRegistrationRepository', 'org.springframework.security.oauth2.server.resource.introspection.OpaqueTokenIntrospector', 'org.springframework.security.saml2.provider.service.registration.RelyingPartyRegistrationRepository' (MissingAlternativeUserDetailsManagerOrUserPropertiesConfigured)
      - @ConditionalOnMissingBean (types: org.springframework.security.authentication.AuthenticationManager,org.springframework.security.authentication.AuthenticationProvider,org.springframework.security.core.userdetails.UserDetailsService,org.springframework.security.authentication.AuthenticationManagerResolver,?; SearchStrategy: all) did not find any beans (OnBeanCondition)

   WebMvcAutoConfiguration matched:
      - @ConditionalOnClass found required classes 'jakarta.servlet.Servlet', 'org.springframework.web.servlet.DispatcherServlet', 'org.springframework.web.servlet.config.annotation.WebMvcConfigurer' (OnClassCondition)
      - found 'session' scope (OnWebApplicationCondition)
      - @ConditionalOnMissingBean (types: org.springframework.web.servlet.config.annotation.WebMvcConfigurationSupport; SearchStrategy: all) did not find any beans (OnBeanCondition)

   WebMvcAutoConfiguration#formContentFilter matched:
      - @ConditionalOnBooleanProperty (spring.mvc.formcontent.filter.enabled=true) matched (OnPropertyCondition)
      - @ConditionalOnMissingBean (types: org.springframework.web.filter.FormContentFilter; SearchStrategy: all) did not find any beans (OnBeanCondition)

   WebMvcAutoConfiguration.EnableWebMvcConfiguration#flashMapManager matched:
      - @ConditionalOnMissingBean (names: flashMapManager; SearchStrategy: all) did not find any beans (OnBeanCondition)

   WebMvcAutoConfiguration.EnableWebMvcConfiguration#localeResolver matched:
      - @ConditionalOnMissingBean (names: localeResolver; SearchStrategy: all) did not find any beans (OnBeanCondition)

   WebMvcAutoConfiguration.EnableWebMvcConfiguration#viewNameTranslator matched:
      - @ConditionalOnMissingBean (names: viewNameTranslator; SearchStrategy: all) did not find any beans (OnBeanCondition)

   WebMvcAutoConfiguration.WebMvcAutoConfigurationAdapter#defaultViewResolver matched:
      - @ConditionalOnMissingBean (types: org.springframework.web.servlet.view.InternalResourceViewResolver; SearchStrategy: all) did not find any beans (OnBeanCondition)

   WebMvcAutoConfiguration.WebMvcAutoConfigurationAdapter#requestContextFilter matched:
      - @ConditionalOnMissingBean (types: org.springframework.web.context.request.RequestContextListener,org.springframework.web.filter.RequestContextFilter; SearchStrategy: all) did not find any beans (OnBeanCondition)

   WebMvcAutoConfiguration.WebMvcAutoConfigurationAdapter#viewResolver matched:
      - @ConditionalOnBean (types: org.springframework.web.servlet.ViewResolver; SearchStrategy: all) found beans 'defaultViewResolver', 'beanNameViewResolver', 'mvcViewResolver'; @ConditionalOnMissingBean (names: viewResolver types: org.springframework.web.servlet.view.ContentNegotiatingViewResolver; SearchStrategy: all) did not find any beans (OnBeanCondition)


Negative matches:
-----------------

   AopAutoConfiguration.AspectJAutoProxyingConfiguration.JdkDynamicAutoProxyConfiguration:
      Did not match:
         - @ConditionalOnBooleanProperty (spring.aop.proxy-target-class=false) did not find property 'spring.aop.proxy-target-class' (OnPropertyCondition)

   AopAutoConfiguration.ClassProxyingConfiguration:
      Did not match:
         - @ConditionalOnMissingClass found unwanted class 'org.aspectj.weaver.Advice' (OnClassCondition)

   DataJpaRepositoriesAutoConfiguration#entityManagerFactoryBootstrapExecutorCustomizer:
      Did not match:
         - AnyNestedCondition 0 matched 2 did not; NestedCondition on DataJpaRepositoriesAutoConfiguration.BootstrapExecutorCondition.LazyBootstrapMode @ConditionalOnProperty (spring.data.jpa.repositories.bootstrap-mode=lazy) did not find property 'spring.data.jpa.repositories.bootstrap-mode'; NestedCondition on DataJpaRepositoriesAutoConfiguration.BootstrapExecutorCondition.DeferredBootstrapMode @ConditionalOnProperty (spring.data.jpa.repositories.bootstrap-mode=deferred) did not find property 'spring.data.jpa.repositories.bootstrap-mode' (DataJpaRepositoriesAutoConfiguration.BootstrapExecutorCondition)

   DataRepositoryMetricsAutoConfiguration:
      Did not match:
         - @ConditionalOnBean did not find required type 'io.micrometer.core.instrument.MeterRegistry' (OnBeanCondition)

   DataSourceAutoConfiguration.EmbeddedDatabaseConfiguration:
      Did not match:
         - EmbeddedDataSource spring.datasource.url is set (DataSourceAutoConfiguration.EmbeddedDatabaseCondition)

   DataSourceCheckpointRestoreConfiguration:
      Did not match:
         - @ConditionalOnClass did not find required class 'org.crac.Resource' (OnClassCondition)

   DataSourceConfiguration.Dbcp2:
      Did not match:
         - @ConditionalOnClass did not find required class 'org.apache.commons.dbcp2.BasicDataSource' (OnClassCondition)

   DataSourceConfiguration.Generic:
      Did not match:
         - @ConditionalOnProperty (spring.datasource.type) did not find property 'spring.datasource.type' (OnPropertyCondition)

   DataSourceConfiguration.OracleUcp:
      Did not match:
         - @ConditionalOnClass did not find required classes 'oracle.ucp.jdbc.PoolDataSourceImpl', 'oracle.jdbc.OracleConnection' (OnClassCondition)

   DataSourceConfiguration.Tomcat:
      Did not match:
         - @ConditionalOnClass did not find required class 'org.apache.tomcat.jdbc.pool.DataSource' (OnClassCondition)

   DataSourceHealthContributorAutoConfiguration:
      Did not match:
         - @ConditionalOnClass did not find required class 'org.springframework.boot.health.autoconfigure.contributor.ConditionalOnEnabledHealthIndicator' (OnClassCondition)

   DataSourceJmxConfiguration:
      Did not match:
         - @ConditionalOnBooleanProperty (spring.jmx.enabled=true) found different value in property 'spring.jmx.enabled' (OnPropertyCondition)

   DataSourcePoolMetadataProvidersConfiguration.CommonsDbcp2PoolDataSourceMetadataProviderConfiguration:
      Did not match:
         - @ConditionalOnClass did not find required class 'org.apache.commons.dbcp2.BasicDataSource' (OnClassCondition)

   DataSourcePoolMetadataProvidersConfiguration.OracleUcpPoolDataSourceMetadataProviderConfiguration:
      Did not match:
         - @ConditionalOnClass did not find required classes 'oracle.ucp.jdbc.PoolDataSource', 'oracle.jdbc.OracleConnection' (OnClassCondition)

   DataSourcePoolMetadataProvidersConfiguration.TomcatDataSourcePoolMetadataProviderConfiguration:
      Did not match:
         - @ConditionalOnClass did not find required class 'org.apache.tomcat.jdbc.pool.DataSource' (OnClassCondition)

   DataSourcePoolMetricsAutoConfiguration:
      Did not match:
         - @ConditionalOnClass did not find required class 'io.micrometer.core.instrument.MeterRegistry' (OnClassCondition)

   DataSourceTransactionManagerAutoConfiguration.JdbcTransactionManagerConfiguration#transactionManager:
      Did not match:
         - @ConditionalOnMissingBean (types: org.springframework.transaction.TransactionManager; SearchStrategy: all) found beans of type 'org.springframework.transaction.TransactionManager' transactionManager (OnBeanCondition)

   DispatcherServletAutoConfiguration.DispatcherServletConfiguration#multipartResolver:
      Did not match:
         - @ConditionalOnBean (types: org.springframework.web.multipart.MultipartResolver; SearchStrategy: all) did not find any beans of type org.springframework.web.multipart.MultipartResolver (OnBeanCondition)

   GsonHttpMessageConvertersConfiguration:
      Did not match:
         - @ConditionalOnClass did not find required class 'com.google.gson.Gson' (OnClassCondition)

   HibernateMetricsAutoConfiguration:
      Did not match:
         - @ConditionalOnClass did not find required class 'io.micrometer.core.instrument.MeterRegistry' (OnClassCondition)

   Jackson2HttpMessageConvertersConfiguration.MappingJackson2HttpMessageConverterConfiguration:
      Did not match:
         - @ConditionalOnClass did not find required class 'com.fasterxml.jackson.databind.ObjectMapper' (OnClassCondition)

   Jackson2HttpMessageConvertersConfiguration.MappingJackson2XmlHttpMessageConverterConfiguration:
      Did not match:
         - @ConditionalOnClass did not find required class 'tools.jackson.dataformat.xml.XmlMapper' (OnClassCondition)

   JacksonAutoConfiguration.CborConfiguration:
      Did not match:
         - @ConditionalOnClass did not find required class 'tools.jackson.dataformat.cbor.CBORMapper' (OnClassCondition)

   JacksonAutoConfiguration.XmlConfiguration:
      Did not match:
         - @ConditionalOnClass did not find required class 'tools.jackson.dataformat.xml.XmlMapper' (OnClassCondition)

   JacksonHttpMessageConvertersConfiguration.JacksonXmlHttpMessageConverterConfiguration:
      Did not match:
         - @ConditionalOnClass did not find required class 'tools.jackson.dataformat.xml.XmlMapper' (OnClassCondition)

   JmxAutoConfiguration:
      Did not match:
         - @ConditionalOnBooleanProperty (spring.jmx.enabled=true) found different value in property 'spring.jmx.enabled' (OnPropertyCondition)
      Matched:
         - @ConditionalOnClass found required class 'org.springframework.jmx.export.MBeanExporter' (OnClassCondition)

   JndiDataSourceAutoConfiguration:
      Did not match:
         - @ConditionalOnProperty (spring.datasource.jndi-name) did not find property 'spring.datasource.jndi-name' (OnPropertyCondition)
      Matched:
         - @ConditionalOnClass found required classes 'javax.sql.DataSource', 'org.springframework.jdbc.datasource.embedded.EmbeddedDatabaseType' (OnClassCondition)

   JndiJtaConfiguration:
      Did not match:
         - @ConditionalOnJndi JNDI environment is not available (OnJndiCondition)
      Matched:
         - @ConditionalOnClass found required class 'org.springframework.transaction.jta.JtaTransactionManager' (OnClassCondition)

   JpaBaseConfiguration.JpaWebConfiguration:
      Did not match:
         - @ConditionalOnBooleanProperty (spring.jpa.open-in-view=true) found different value in property 'spring.jpa.open-in-view' (OnPropertyCondition)
      Matched:
         - @ConditionalOnClass found required class 'org.springframework.web.servlet.config.annotation.WebMvcConfigurer' (OnClassCondition)
         - found 'session' scope (OnWebApplicationCondition)

   JsonbHttpMessageConvertersConfiguration:
      Did not match:
         - @ConditionalOnClass did not find required class 'jakarta.json.bind.Jsonb' (OnClassCondition)

   KotlinSerializationHttpMessageConvertersConfiguration:
      Did not match:
         - @ConditionalOnClass did not find required classes 'kotlinx.serialization.Serializable', 'kotlinx.serialization.json.Json' (OnClassCondition)

   ManagementWebSecurityAutoConfiguration:
      Did not match:
         - @ConditionalOnClass did not find required class 'org.springframework.boot.actuate.autoconfigure.endpoint.web.WebEndpointAutoConfiguration' (OnClassCondition)

   MessageSourceAutoConfiguration:
      Did not match:
         - ResourceBundle did not find bundle with basename messages (MessageSourceAutoConfiguration.ResourceBundleCondition)

   ProjectInfoAutoConfiguration#buildProperties:
      Did not match:
         - @ConditionalOnResource did not find resource '${spring.info.build.location:classpath:META-INF/build-info.properties}' (OnResourceCondition)

   ProjectInfoAutoConfiguration#gitProperties:
      Did not match:
         - GitResource did not find git info at classpath:git.properties (ProjectInfoAutoConfiguration.GitResourceAvailableCondition)

   RSocketSecurityAutoConfiguration:
      Did not match:
         - @ConditionalOnClass did not find required class 'org.springframework.boot.rsocket.server.RSocketServerCustomizer' (OnClassCondition)

   ReactiveManagementWebSecurityAutoConfiguration:
      Did not match:
         - @ConditionalOnClass did not find required class 'org.springframework.boot.actuate.autoconfigure.endpoint.web.WebEndpointAutoConfiguration' (OnClassCondition)

   ReactiveUserDetailsServiceAutoConfiguration:
      Did not match:
         - AnyNestedCondition 0 matched 2 did not; NestedCondition on ReactiveUserDetailsServiceAutoConfiguration.RSocketEnabledOrReactiveWebApplication.ReactiveWebApplicationCondition did not find reactive web application classes; NestedCondition on ReactiveUserDetailsServiceAutoConfiguration.RSocketEnabledOrReactiveWebApplication.RSocketSecurityEnabledCondition @ConditionalOnBean (types: ?; SearchStrategy: all) did not find any beans of type ? (ReactiveUserDetailsServiceAutoConfiguration.RSocketEnabledOrReactiveWebApplication)
      Matched:
         - @ConditionalOnClass found required class 'org.springframework.security.authentication.ReactiveAuthenticationManager' (OnClassCondition)
         - AnyNestedCondition 1 matched 2 did not; NestedCondition on MissingAlternativeUserDetailsManagerOrUserPropertiesConfigured.PasswordConfigured @ConditionalOnProperty (spring.security.user.password) did not find property 'spring.security.user.password'; NestedCondition on MissingAlternativeUserDetailsManagerOrUserPropertiesConfigured.NameConfigured @ConditionalOnProperty (spring.security.user.name) did not find property 'spring.security.user.name'; NestedCondition on MissingAlternativeUserDetailsManagerOrUserPropertiesConfigured.MissingAlternative @ConditionalOnMissingClass did not find unwanted classes 'org.springframework.security.oauth2.client.registration.ClientRegistrationRepository', 'org.springframework.security.oauth2.server.resource.introspection.OpaqueTokenIntrospector', 'org.springframework.security.saml2.provider.service.registration.RelyingPartyRegistrationRepository' (MissingAlternativeUserDetailsManagerOrUserPropertiesConfigured)

   ReactiveWebSecurityAutoConfiguration:
      Did not match:
         - @ConditionalOnClass did not find required class 'reactor.core.publisher.Flux' (OnClassCondition)

   SecurityAutoConfiguration.SecurityDataConfiguration:
      Did not match:
         - @ConditionalOnClass did not find required class 'org.springframework.security.data.repository.query.SecurityEvaluationContextExtension' (OnClassCondition)

   ServletHttpExchangesAutoConfiguration:
      Did not match:
         - @ConditionalOnBean did not find required type 'org.springframework.boot.actuate.web.exchanges.HttpExchangeRepository' (OnBeanCondition)

   ServletManagementContextAutoConfiguration:
      Did not match:
         - @ConditionalOnClass did not find required class 'org.springframework.boot.actuate.autoconfigure.endpoint.web.WebEndpointProperties' (OnClassCondition)

   ServletMappingsAutoConfiguration:
      Did not match:
         - @ConditionalOnClass did not find required class 'org.springframework.boot.actuate.autoconfigure.endpoint.condition.ConditionalOnAvailableEndpoint' (OnClassCondition)

   ServletWebSecurityAutoConfiguration.EnableWebSecurityConfiguration:
      Did not match:
         - @ConditionalOnMissingBean (names: springSecurityFilterChain; SearchStrategy: all) found beans named springSecurityFilterChain (OnBeanCondition)
      Matched:
         - @ConditionalOnClass found required class 'org.springframework.security.config.annotation.web.configuration.EnableWebSecurity' (OnClassCondition)

   ServletWebSecurityAutoConfiguration.SecurityFilterChainConfiguration:
      Did not match:
         - AllNestedConditions 1 matched 1 did not; NestedCondition on DefaultWebSecurityCondition.Beans @ConditionalOnMissingBean (types: org.springframework.security.web.SecurityFilterChain; SearchStrategy: all) found beans of type 'org.springframework.security.web.SecurityFilterChain' filterChain; NestedCondition on DefaultWebSecurityCondition.Classes @ConditionalOnClass found required classes 'org.springframework.security.web.SecurityFilterChain', 'org.springframework.security.config.annotation.web.builders.HttpSecurity' (DefaultWebSecurityCondition)

   ServletWebServerConfiguration#forwardedHeaderFilter:
      Did not match:
         - @ConditionalOnProperty (server.forward-headers-strategy=framework) did not find property 'server.forward-headers-strategy' (OnPropertyCondition)

   SpringApplicationAdminJmxAutoConfiguration:
      Did not match:
         - @ConditionalOnBooleanProperty (spring.application.admin.enabled=true) did not find property 'spring.application.admin.enabled' (OnPropertyCondition)

   TaskExecutorConfigurations.AsyncConfigurerWrapperConfiguration:
      Did not match:
         - @ConditionalOnBean (types: org.springframework.scheduling.annotation.AsyncConfigurer; SearchStrategy: all) did not find any beans of type org.springframework.scheduling.annotation.AsyncConfigurer (OnBeanCondition)

   TaskExecutorConfigurations.SimpleAsyncTaskExecutorBuilderConfiguration#simpleAsyncTaskExecutorBuilderVirtualThreads:
      Did not match:
         - @ConditionalOnMissingBean (types: org.springframework.boot.task.SimpleAsyncTaskExecutorBuilder; SearchStrategy: all) found beans of type 'org.springframework.boot.task.SimpleAsyncTaskExecutorBuilder' simpleAsyncTaskExecutorBuilder (OnBeanCondition)

   TaskExecutorConfigurations.TaskExecutorConfiguration#applicationTaskExecutorVirtualThreads:
      Did not match:
         - @ConditionalOnThreading did not find VIRTUAL (OnThreadingCondition)

   TaskSchedulingAutoConfiguration#scheduledBeanLazyInitializationExcludeFilter:
      Did not match:
         - @ConditionalOnBean (names: org.springframework.scheduling.config.internalScheduledAnnotationProcessor; SearchStrategy: all) did not find any beans named org.springframework.scheduling.config.internalScheduledAnnotationProcessor (OnBeanCondition)

   TaskSchedulingConfigurations.SimpleAsyncTaskSchedulerBuilderConfiguration#simpleAsyncTaskSchedulerBuilderVirtualThreads:
      Did not match:
         - @ConditionalOnMissingBean (types: org.springframework.boot.task.SimpleAsyncTaskSchedulerBuilder; SearchStrategy: all) found beans of type 'org.springframework.boot.task.SimpleAsyncTaskSchedulerBuilder' simpleAsyncTaskSchedulerBuilder (OnBeanCondition)

   TaskSchedulingConfigurations.TaskSchedulerConfiguration:
      Did not match:
         - @ConditionalOnBean (names: org.springframework.scheduling.config.internalScheduledAnnotationProcessor; SearchStrategy: all) did not find any beans named org.springframework.scheduling.config.internalScheduledAnnotationProcessor (OnBeanCondition)

   TomcatMetricsAutoConfiguration:
      Did not match:
         - @ConditionalOnClass did not find required class 'io.micrometer.core.instrument.binder.tomcat.TomcatMetrics' (OnClassCondition)

   TomcatReactiveManagementContextAutoConfiguration:
      Did not match:
         - @ConditionalOnClass did not find required class 'org.springframework.boot.actuate.autoconfigure.web.server.ManagementContextFactory' (OnClassCondition)

   TomcatReactiveWebServerAutoConfiguration:
      Did not match:
         - @ConditionalOnWebApplication did not find reactive web application classes (OnWebApplicationCondition)

   TomcatServletManagementContextAutoConfiguration:
      Did not match:
         - @ConditionalOnClass did not find required class 'org.springframework.boot.actuate.autoconfigure.web.server.ManagementContextFactory' (OnClassCondition)

   TomcatServletWebServerAutoConfiguration#tomcatForwardedHeaderFilterCustomizer:
      Did not match:
         - @ConditionalOnProperty (server.forward-headers-strategy=framework) did not find property 'server.forward-headers-strategy' (OnPropertyCondition)

   TomcatWebServerConfiguration:
      Did not match:
         - Application is deployed as a WAR file. (OnWarDeploymentCondition)

   TransactionAutoConfiguration#transactionalOperator:
      Did not match:
         - @ConditionalOnSingleCandidate (types: org.springframework.transaction.ReactiveTransactionManager; SearchStrategy: all) did not find any beans (OnBeanCondition)

   TransactionAutoConfiguration.AspectJTransactionManagementConfiguration:
      Did not match:
         - @ConditionalOnBean (types: org.springframework.transaction.aspectj.AbstractTransactionAspect; SearchStrategy: all) did not find any beans of type org.springframework.transaction.aspectj.AbstractTransactionAspect (OnBeanCondition)

   TransactionAutoConfiguration.EnableTransactionManagementConfiguration.JdkDynamicAutoProxyConfiguration:
      Did not match:
         - @ConditionalOnBooleanProperty (spring.aop.proxy-target-class=false) did not find property 'spring.aop.proxy-target-class' (OnPropertyCondition)

   WebMvcAutoConfiguration#hiddenHttpMethodFilter:
      Did not match:
         - @ConditionalOnBooleanProperty (spring.mvc.hiddenmethod.filter.enabled=true) did not find property 'spring.mvc.hiddenmethod.filter.enabled' (OnPropertyCondition)

   WebMvcAutoConfiguration.ProblemDetailsErrorHandlingConfiguration:
      Did not match:
         - @ConditionalOnBooleanProperty (spring.mvc.problemdetails.enabled=true) did not find property 'spring.mvc.problemdetails.enabled' (OnPropertyCondition)

   WebMvcAutoConfiguration.ResourceChainCustomizerConfiguration:
      Did not match:
         - @ConditionalOnEnabledResourceChain did not find class org.webjars.WebJarVersionLocator (OnEnabledResourceChainCondition)

   WebMvcAutoConfiguration.WebMvcAutoConfigurationAdapter#beanNameViewResolver:
      Did not match:
         - @ConditionalOnMissingBean (types: org.springframework.web.servlet.view.BeanNameViewResolver; SearchStrategy: all) found beans of type 'org.springframework.web.servlet.view.BeanNameViewResolver' beanNameViewResolver (OnBeanCondition)

   WebMvcHealthEndpointExtensionAutoConfiguration:
      Did not match:
         - @ConditionalOnClass did not find required class 'org.springframework.boot.health.actuate.endpoint.HealthEndpoint' (OnClassCondition)

   WebMvcMappingsAutoConfiguration:
      Did not match:
         - @ConditionalOnClass did not find required class 'org.springframework.boot.actuate.autoconfigure.endpoint.condition.ConditionalOnAvailableEndpoint' (OnClassCondition)

   WebMvcObservationAutoConfiguration:
      Did not match:
         - @ConditionalOnBean (types: io.micrometer.observation.ObservationRegistry; SearchStrategy: all) did not find any beans of type io.micrometer.observation.ObservationRegistry (OnBeanCondition)
      Matched:
         - @ConditionalOnClass found required classes 'org.springframework.web.servlet.DispatcherServlet', 'io.micrometer.observation.Observation' (OnClassCondition)
         - found 'session' scope (OnWebApplicationCondition)

   WebMvcObservationAutoConfiguration.MeterFilterConfiguration:
      Did not match:
         - @ConditionalOnClass did not find required class 'io.micrometer.core.instrument.MeterRegistry' (OnClassCondition)
         - Ancestor org.springframework.boot.webmvc.autoconfigure.WebMvcObservationAutoConfiguration did not match (ConditionEvaluationReport.AncestorsMatchedCondition)

   XADataSourceAutoConfiguration:
      Did not match:
         - @ConditionalOnBean (types: org.springframework.boot.jdbc.XADataSourceWrapper; SearchStrategy: all) did not find any beans of type org.springframework.boot.jdbc.XADataSourceWrapper (OnBeanCondition)
      Matched:
         - @ConditionalOnClass found required classes 'javax.sql.DataSource', 'jakarta.transaction.TransactionManager', 'org.springframework.jdbc.datasource.embedded.EmbeddedDatabaseType' (OnClassCondition)


Exclusions:
-----------

    None


Unconditional classes:
----------------------

    org.springframework.boot.autoconfigure.context.ConfigurationPropertiesAutoConfiguration

    org.springframework.boot.autoconfigure.ssl.SslAutoConfiguration

    org.springframework.boot.autoconfigure.context.LifecycleAutoConfiguration

    org.springframework.boot.autoconfigure.context.PropertyPlaceholderAutoConfiguration

    org.springframework.boot.autoconfigure.availability.ApplicationAvailabilityAutoConfiguration

    org.springframework.boot.autoconfigure.info.ProjectInfoAutoConfiguration



05/08/2026 10:48:17.544 INFO  c.N.NeptuneWebAutheticatorApplicationTests - Started NeptuneWebAutheticatorApplicationTests in 4.489 seconds (process running for 5.736)
05/08/2026 10:48:17.546 DEBUG o.s.b.a.ApplicationAvailabilityBean - Application availability state LivenessState changed to CORRECT
05/08/2026 10:48:17.550 DEBUG o.s.b.a.ApplicationAvailabilityBean - Application availability state ReadinessState changed to ACCEPTING_TRAFFIC
05/08/2026 10:48:17.550 DEBUG o.springframework.test.context.cache - Spring test ApplicationContext cache statistics: [DefaultContextCache@66beb02d size = 1, maxSize = 32, contextUsageCount = 0, parentContextCount = 0, hitCount = 0, missCount = 1, failureCount = 0]
05/08/2026 10:48:17.551 DEBUG o.s.t.c.w.ServletTestExecutionListener - Setting up MockHttpServletRequest, MockHttpServletResponse, ServletWebRequest, and RequestContextHolder for test class com.NeptuneWebAutheticator.NeptuneWebAutheticatorApplicationTests
05/08/2026 10:48:17.561 DEBUG o.s.t.c.s.DependencyInjectionTestExecutionListener - Performing dependency injection for test class com.NeptuneWebAutheticator.NeptuneWebAutheticatorApplicationTests
05/08/2026 10:48:17.561 DEBUG o.springframework.test.context.cache - Spring test ApplicationContext cache statistics: [DefaultContextCache@66beb02d size = 1, maxSize = 32, contextUsageCount = 1, parentContextCount = 0, hitCount = 1, missCount = 1, failureCount = 0]
05/08/2026 10:48:17.564 DEBUG o.springframework.test.context.cache - Spring test ApplicationContext cache statistics: [DefaultContextCache@66beb02d size = 1, maxSize = 32, contextUsageCount = 1, parentContextCount = 0, hitCount = 2, missCount = 1, failureCount = 0]
05/08/2026 10:48:17.576 DEBUG o.s.t.c.s.DirtiesContextBeforeModesTestExecutionListener - Before test method: class [NeptuneWebAutheticatorApplicationTests], method [contextLoads], class annotated with @DirtiesContext [false] with mode [null], method annotated with @DirtiesContext [false] with mode [null]
05/08/2026 10:48:17.579 DEBUG o.springframework.test.context.cache - Spring test ApplicationContext cache statistics: [DefaultContextCache@66beb02d size = 1, maxSize = 32, contextUsageCount = 1, parentContextCount = 0, hitCount = 3, missCount = 1, failureCount = 0]
05/08/2026 10:48:17.979 DEBUG o.springframework.test.context.cache - Spring test ApplicationContext cache statistics: [DefaultContextCache@66beb02d size = 1, maxSize = 32, contextUsageCount = 1, parentContextCount = 0, hitCount = 4, missCount = 1, failureCount = 0]
05/08/2026 10:48:17.982 DEBUG o.springframework.test.context.cache - Spring test ApplicationContext cache statistics: [DefaultContextCache@66beb02d size = 1, maxSize = 32, contextUsageCount = 1, parentContextCount = 0, hitCount = 5, missCount = 1, failureCount = 0]
05/08/2026 10:48:17.989 DEBUG o.springframework.test.context.cache - Spring test ApplicationContext cache statistics: [DefaultContextCache@66beb02d size = 1, maxSize = 32, contextUsageCount = 1, parentContextCount = 0, hitCount = 6, missCount = 1, failureCount = 0]
05/08/2026 10:48:17.989 DEBUG o.springframework.test.context.cache - Spring test ApplicationContext cache statistics: [DefaultContextCache@66beb02d size = 1, maxSize = 32, contextUsageCount = 1, parentContextCount = 0, hitCount = 7, missCount = 1, failureCount = 0]
05/08/2026 10:48:17.991 DEBUG o.springframework.test.context.cache - Spring test ApplicationContext cache statistics: [DefaultContextCache@66beb02d size = 1, maxSize = 32, contextUsageCount = 1, parentContextCount = 0, hitCount = 8, missCount = 1, failureCount = 0]
05/08/2026 10:48:17.991 DEBUG o.s.t.c.s.DirtiesContextTestExecutionListener - After test method: class [NeptuneWebAutheticatorApplicationTests], method [contextLoads], class annotated with @DirtiesContext [false] with mode [null], method annotated with @DirtiesContext [false] with mode [null]
05/08/2026 10:48:17.991 DEBUG o.s.t.c.w.ServletTestExecutionListener - Resetting RequestContextHolder for test class com.NeptuneWebAutheticator.NeptuneWebAutheticatorApplicationTests
05/08/2026 10:48:17.998 DEBUG o.springframework.test.context.cache - Spring test ApplicationContext cache statistics: [DefaultContextCache@66beb02d size = 1, maxSize = 32, contextUsageCount = 1, parentContextCount = 0, hitCount = 9, missCount = 1, failureCount = 0]
05/08/2026 10:48:17.998 DEBUG o.springframework.test.context.cache - Spring test ApplicationContext cache statistics: [DefaultContextCache@66beb02d size = 1, maxSize = 32, contextUsageCount = 1, parentContextCount = 0, hitCount = 10, missCount = 1, failureCount = 0]
05/08/2026 10:48:17.998 DEBUG o.s.t.c.s.DirtiesContextTestExecutionListener - After test class: class [NeptuneWebAutheticatorApplicationTests], class annotated with @DirtiesContext [false] with mode [null]
05/08/2026 10:48:18.001 DEBUG o.s.c.s.DefaultLifecycleProcessor - Stopping beans in phase 1073741823
05/08/2026 10:48:18.001 DEBUG o.s.c.s.DefaultLifecycleProcessor - Bean 'applicationTaskExecutor' completed its stop procedure
05/08/2026 10:48:18.001 DEBUG o.s.c.s.DefaultLifecycleProcessor - Stopping beans in phase -2147483647
05/08/2026 10:48:18.001 DEBUG o.s.c.s.DefaultLifecycleProcessor - Bean 'springBootLoggingLifecycle' completed its stop procedure
05/08/2026 10:48:18.038 DEBUG o.s.w.c.s.GenericWebApplicationContext - Closing org.springframework.web.context.support.GenericWebApplicationContext@76889e60, started on Wed Aug 05 10:48:13 CEST 2026
05/08/2026 10:48:18.039 DEBUG o.s.c.s.DefaultLifecycleProcessor - Stopping beans in phase 1073741823
05/08/2026 10:48:18.039 DEBUG o.s.c.s.DefaultLifecycleProcessor - Stopping beans in phase -2147483647
05/08/2026 10:48:18.042 INFO  o.s.o.j.LocalContainerEntityManagerFactoryBean - Closing JPA EntityManagerFactory for persistence unit 'default'
05/08/2026 10:48:18.042 DEBUG o.h.internal.SessionFactoryImpl - HHH000031: Closing factory [e63dfdbf-6f11-47a0-b962-e8d18ddab462]
05/08/2026 10:48:18.044 INFO  com.zaxxer.hikari.HikariDataSource - HikariPool-1 - Shutdown initiated...
05/08/2026 10:48:18.044 DEBUG com.zaxxer.hikari.pool.HikariPool - HikariPool-1 - Before shutdown stats (total=10/10, idle=10/10, active=0, waiting=0)
05/08/2026 10:48:18.045 DEBUG com.zaxxer.hikari.pool.PoolBase - HikariPool-1 - Closing connection org.mariadb.jdbc.Connection@4037cdb0: (connection evicted)
05/08/2026 10:48:18.046 DEBUG com.zaxxer.hikari.pool.PoolBase - HikariPool-1 - Closing connection org.mariadb.jdbc.Connection@6783cb4c: (connection evicted)
05/08/2026 10:48:18.047 DEBUG com.zaxxer.hikari.pool.PoolBase - HikariPool-1 - Closing connection org.mariadb.jdbc.Connection@23bb2e3c: (connection evicted)
05/08/2026 10:48:18.047 DEBUG com.zaxxer.hikari.pool.PoolBase - HikariPool-1 - Closing connection org.mariadb.jdbc.Connection@1664fb19: (connection evicted)
05/08/2026 10:48:18.047 DEBUG com.zaxxer.hikari.pool.PoolBase - HikariPool-1 - Closing connection org.mariadb.jdbc.Connection@a930d38: (connection evicted)
05/08/2026 10:48:18.047 DEBUG com.zaxxer.hikari.pool.PoolBase - HikariPool-1 - Closing connection org.mariadb.jdbc.Connection@7cf219df: (connection evicted)
05/08/2026 10:48:18.047 DEBUG com.zaxxer.hikari.pool.PoolBase - HikariPool-1 - Closing connection org.mariadb.jdbc.Connection@254d2162: (connection evicted)
05/08/2026 10:48:18.047 DEBUG com.zaxxer.hikari.pool.PoolBase - HikariPool-1 - Closing connection org.mariadb.jdbc.Connection@29788284: (connection evicted)
05/08/2026 10:48:18.047 DEBUG com.zaxxer.hikari.pool.PoolBase - HikariPool-1 - Closing connection org.mariadb.jdbc.Connection@4d47feb9: (connection evicted)
05/08/2026 10:48:18.048 DEBUG com.zaxxer.hikari.pool.PoolBase - HikariPool-1 - Closing connection org.mariadb.jdbc.Connection@5494f18b: (connection evicted)
05/08/2026 10:48:18.048 DEBUG com.zaxxer.hikari.pool.HikariPool - HikariPool-1 - After  shutdown stats (total=0/10, idle=0/10, active=0, waiting=0)
05/08/2026 10:48:18.048 INFO  com.zaxxer.hikari.HikariDataSource - HikariPool-1 - Shutdown completed.
05/08/2026 10:48:18.048 DEBUG o.s.s.c.ThreadPoolTaskExecutor - Shutting down ExecutorService 'applicationTaskExecutor'
05/08/2026 11:20:51.533 INFO  c.N.NeptuneWebAutheticatorApplication - Starting NeptuneWebAutheticatorApplication v0.0.1-SNAPSHOT using Java 21.0.1 with PID 41508 (C:\Users\termo\Desktop\workspace\TruckingConfiguration\Modules\NeptuneWebAutheticator\target\NeptuneWebAutheticator-0.0.1-SNAPSHOT.jar started by termo in C:\Users\termo\Desktop\workspace\TruckingConfiguration\Modules\NeptuneWebAutheticator)
05/08/2026 11:20:51.543 DEBUG c.N.NeptuneWebAutheticatorApplication - Running with Spring Boot v4.0.0, Spring v7.0.1
05/08/2026 11:20:51.543 INFO  c.N.NeptuneWebAutheticatorApplication - No active profile set, falling back to 1 default profile: "default"
05/08/2026 11:20:51.544 DEBUG o.s.boot.SpringApplication - Loading source class com.NeptuneWebAutheticator.NeptuneWebAutheticatorApplication
05/08/2026 11:20:51.585 DEBUG o.s.b.w.s.s.c.AnnotationConfigServletWebServerApplicationContext - Refreshing org.springframework.boot.web.server.servlet.context.AnnotationConfigServletWebServerApplicationContext@165b2f7f
05/08/2026 11:20:51.608 DEBUG o.s.b.f.s.DefaultListableBeanFactory - Creating shared instance of singleton bean 'org.springframework.context.annotation.internalConfigurationAnnotationProcessor'
05/08/2026 11:20:51.621 DEBUG o.s.b.f.s.DefaultListableBeanFactory - Creating shared instance of singleton bean 'org.springframework.boot.autoconfigure.internalCachingMetadataReaderFactory'
05/08/2026 11:20:51.684 DEBUG o.s.c.a.ClassPathBeanDefinitionScanner - Identified candidate component class: URL [jar:nested:/C:/Users/termo/Desktop/workspace/TruckingConfiguration/Modules/NeptuneWebAutheticator/target/NeptuneWebAutheticator-0.0.1-SNAPSHOT.jar/!BOOT-INF/lib/SMTPServerManager-0.0.1-SNAPSHOT.jar!/com/SMTPServerManager/EmailController/EmailController.class]
05/08/2026 11:20:51.690 DEBUG o.s.c.a.ClassPathBeanDefinitionScanner - Identified candidate component class: URL [jar:nested:/C:/Users/termo/Desktop/workspace/TruckingConfiguration/Modules/NeptuneWebAutheticator/target/NeptuneWebAutheticator-0.0.1-SNAPSHOT.jar/!BOOT-INF/lib/SMTPServerManager-0.0.1-SNAPSHOT.jar!/com/SMTPServerManager/Properties/MailProperties.class]
05/08/2026 11:20:51.692 DEBUG o.s.c.a.ClassPathBeanDefinitionScanner - Ignored because not a concrete top-level class: URL [jar:nested:/C:/Users/termo/Desktop/workspace/TruckingConfiguration/Modules/NeptuneWebAutheticator/target/NeptuneWebAutheticator-0.0.1-SNAPSHOT.jar/!BOOT-INF/lib/SMTPServerManager-0.0.1-SNAPSHOT.jar!/com/SMTPServerManager/Service/EmailService.class]
05/08/2026 11:20:51.693 DEBUG o.s.c.a.ClassPathBeanDefinitionScanner - Identified candidate component class: URL [jar:nested:/C:/Users/termo/Desktop/workspace/TruckingConfiguration/Modules/NeptuneWebAutheticator/target/NeptuneWebAutheticator-0.0.1-SNAPSHOT.jar/!BOOT-INF/lib/SMTPServerManager-0.0.1-SNAPSHOT.jar!/com/SMTPServerManager/Service/EmailServiceImpl.class]
05/08/2026 11:20:51.697 DEBUG o.s.c.a.ClassPathBeanDefinitionScanner - Identified candidate component class: URL [jar:nested:/C:/Users/termo/Desktop/workspace/TruckingConfiguration/Modules/NeptuneWebAutheticator/target/NeptuneWebAutheticator-0.0.1-SNAPSHOT.jar/!BOOT-INF/lib/SMTPServerManager-0.0.1-SNAPSHOT.jar!/com/SMTPServerManager/SmtpServerManagerApplication.class]
05/08/2026 11:20:51.712 DEBUG o.s.c.a.ClassPathBeanDefinitionScanner - Identified candidate component class: URL [jar:nested:/C:/Users/termo/Desktop/workspace/TruckingConfiguration/Modules/NeptuneWebAutheticator/target/NeptuneWebAutheticator-0.0.1-SNAPSHOT.jar/!BOOT-INF/classes/!/com/NeptuneWebAutheticator/Configuration/SecurityConfig.class]
05/08/2026 11:20:51.713 DEBUG o.s.c.a.ClassPathBeanDefinitionScanner - Identified candidate component class: URL [jar:nested:/C:/Users/termo/Desktop/workspace/TruckingConfiguration/Modules/NeptuneWebAutheticator/target/NeptuneWebAutheticator-0.0.1-SNAPSHOT.jar/!BOOT-INF/classes/!/com/NeptuneWebAutheticator/Controller/AuthenticationController.class]
05/08/2026 11:20:51.717 DEBUG o.s.c.a.ClassPathBeanDefinitionScanner - Identified candidate component class: URL [jar:nested:/C:/Users/termo/Desktop/workspace/TruckingConfiguration/Modules/NeptuneWebAutheticator/target/NeptuneWebAutheticator-0.0.1-SNAPSHOT.jar/!BOOT-INF/classes/!/com/NeptuneWebAutheticator/Controller/MachineController.class]
05/08/2026 11:20:51.725 DEBUG o.s.c.a.ClassPathBeanDefinitionScanner - Ignored because not a concrete top-level class: URL [jar:nested:/C:/Users/termo/Desktop/workspace/TruckingConfiguration/Modules/NeptuneWebAutheticator/target/NeptuneWebAutheticator-0.0.1-SNAPSHOT.jar/!BOOT-INF/classes/!/com/NeptuneWebAutheticator/Repository/MachineRepository.class]
05/08/2026 11:20:51.725 DEBUG o.s.c.a.ClassPathBeanDefinitionScanner - Ignored because not a concrete top-level class: URL [jar:nested:/C:/Users/termo/Desktop/workspace/TruckingConfiguration/Modules/NeptuneWebAutheticator/target/NeptuneWebAutheticator-0.0.1-SNAPSHOT.jar/!BOOT-INF/classes/!/com/NeptuneWebAutheticator/Repository/TenantRepository.class]
05/08/2026 11:20:51.726 DEBUG o.s.c.a.ClassPathBeanDefinitionScanner - Ignored because not a concrete top-level class: URL [jar:nested:/C:/Users/termo/Desktop/workspace/TruckingConfiguration/Modules/NeptuneWebAutheticator/target/NeptuneWebAutheticator-0.0.1-SNAPSHOT.jar/!BOOT-INF/classes/!/com/NeptuneWebAutheticator/Repository/TokenRepository.class]
05/08/2026 11:20:51.726 DEBUG o.s.c.a.ClassPathBeanDefinitionScanner - Ignored because not a concrete top-level class: URL [jar:nested:/C:/Users/termo/Desktop/workspace/TruckingConfiguration/Modules/NeptuneWebAutheticator/target/NeptuneWebAutheticator-0.0.1-SNAPSHOT.jar/!BOOT-INF/classes/!/com/NeptuneWebAutheticator/Service/AuthenticationService.class]
05/08/2026 11:20:51.728 DEBUG o.s.c.a.ClassPathBeanDefinitionScanner - Identified candidate component class: URL [jar:nested:/C:/Users/termo/Desktop/workspace/TruckingConfiguration/Modules/NeptuneWebAutheticator/target/NeptuneWebAutheticator-0.0.1-SNAPSHOT.jar/!BOOT-INF/classes/!/com/NeptuneWebAutheticator/Service/AuthenticationServiceImpl.class]
05/08/2026 11:20:51.730 DEBUG o.s.c.a.ClassPathBeanDefinitionScanner - Ignored because not a concrete top-level class: URL [jar:nested:/C:/Users/termo/Desktop/workspace/TruckingConfiguration/Modules/NeptuneWebAutheticator/target/NeptuneWebAutheticator-0.0.1-SNAPSHOT.jar/!BOOT-INF/classes/!/com/NeptuneWebAutheticator/Service/MachineService.class]
05/08/2026 11:20:51.730 DEBUG o.s.c.a.ClassPathBeanDefinitionScanner - Identified candidate component class: URL [jar:nested:/C:/Users/termo/Desktop/workspace/TruckingConfiguration/Modules/NeptuneWebAutheticator/target/NeptuneWebAutheticator-0.0.1-SNAPSHOT.jar/!BOOT-INF/classes/!/com/NeptuneWebAutheticator/Service/MachineServiceImpl.class]
05/08/2026 11:20:51.737 WARN  o.s.b.w.s.s.c.AnnotationConfigServletWebServerApplicationContext - Exception encountered during context initialization - cancelling refresh attempt: org.springframework.beans.factory.BeanDefinitionStoreException: I/O failure while processing configuration class [com.SMTPServerManager.Properties.MailProperties]
05/08/2026 11:20:51.758 ERROR o.s.boot.SpringApplication - Application run failed
org.springframework.beans.factory.BeanDefinitionStoreException: I/O failure while processing configuration class [com.SMTPServerManager.Properties.MailProperties]
	at org.springframework.context.annotation.ConfigurationClassParser.processConfigurationClass(ConfigurationClassParser.java:288)
	at org.springframework.context.annotation.ConfigurationClassParser.parse(ConfigurationClassParser.java:220)
	at org.springframework.context.annotation.ConfigurationClassParser.doProcessConfigurationClass(ConfigurationClassParser.java:355)
	at org.springframework.context.annotation.ConfigurationClassParser.processConfigurationClass(ConfigurationClassParser.java:283)
	at org.springframework.context.annotation.ConfigurationClassParser.parse(ConfigurationClassParser.java:206)
	at org.springframework.context.annotation.ConfigurationClassParser.parse(ConfigurationClassParser.java:174)
	at org.springframework.context.annotation.ConfigurationClassPostProcessor.processConfigBeanDefinitions(ConfigurationClassPostProcessor.java:442)
	at org.springframework.context.annotation.ConfigurationClassPostProcessor.postProcessBeanDefinitionRegistry(ConfigurationClassPostProcessor.java:306)
	at org.springframework.context.support.PostProcessorRegistrationDelegate.invokeBeanDefinitionRegistryPostProcessors(PostProcessorRegistrationDelegate.java:349)
	at org.springframework.context.support.PostProcessorRegistrationDelegate.invokeBeanFactoryPostProcessors(PostProcessorRegistrationDelegate.java:118)
	at org.springframework.context.support.AbstractApplicationContext.invokeBeanFactoryPostProcessors(AbstractApplicationContext.java:784)
	at org.springframework.context.support.AbstractApplicationContext.refresh(AbstractApplicationContext.java:602)
	at org.springframework.boot.web.server.servlet.context.ServletWebServerApplicationContext.refresh(ServletWebServerApplicationContext.java:143)
	at org.springframework.boot.SpringApplication.refresh(SpringApplication.java:765)
	at org.springframework.boot.SpringApplication.refreshContext(SpringApplication.java:454)
	at org.springframework.boot.SpringApplication.run(SpringApplication.java:321)
	at org.springframework.boot.SpringApplication.run(SpringApplication.java:1374)
	at org.springframework.boot.SpringApplication.run(SpringApplication.java:1363)
	at com.NeptuneWebAutheticator.NeptuneWebAutheticatorApplication.main(NeptuneWebAutheticatorApplication.java:11)
	at java.base/jdk.internal.reflect.DirectMethodHandleAccessor.invoke(DirectMethodHandleAccessor.java:103)
	at java.base/java.lang.reflect.Method.invoke(Method.java:580)
	at org.springframework.boot.loader.launch.Launcher.launch(Launcher.java:106)
	at org.springframework.boot.loader.launch.Launcher.launch(Launcher.java:64)
	at org.springframework.boot.loader.launch.JarLauncher.main(JarLauncher.java:40)
Caused by: java.io.FileNotFoundException: config\smtp.properties (Impossibile trovare il percorso specificato)
	at java.base/java.io.FileInputStream.open0(Native Method)
	at java.base/java.io.FileInputStream.open(FileInputStream.java:213)
	at java.base/java.io.FileInputStream.<init>(FileInputStream.java:152)
	at java.base/java.io.FileInputStream.<init>(FileInputStream.java:106)
	at java.base/sun.net.www.protocol.file.FileURLConnection.connect(FileURLConnection.java:84)
	at java.base/sun.net.www.protocol.file.FileURLConnection.getInputStream(FileURLConnection.java:180)
	at org.springframework.core.io.UrlResource.getInputStream(UrlResource.java:248)
	at org.springframework.core.io.support.EncodedResource.getInputStream(EncodedResource.java:157)
	at org.springframework.core.io.support.PropertiesLoaderUtils.fillProperties(PropertiesLoaderUtils.java:101)
	at org.springframework.core.io.support.PropertiesLoaderUtils.fillProperties(PropertiesLoaderUtils.java:75)
	at org.springframework.core.io.support.PropertiesLoaderUtils.loadProperties(PropertiesLoaderUtils.java:61)
	at org.springframework.core.io.support.ResourcePropertySource.<init>(ResourcePropertySource.java:67)
	at org.springframework.core.io.support.DefaultPropertySourceFactory.createPropertySource(DefaultPropertySourceFactory.java:38)
	at org.springframework.core.io.support.PropertySourceProcessor.processPropertySource(PropertySourceProcessor.java:92)
	at org.springframework.context.annotation.PropertySourceRegistry.processPropertySource(PropertySourceRegistry.java:75)
	at org.springframework.context.annotation.ConfigurationClassParser.doProcessConfigurationClass(ConfigurationClassParser.java:317)
	at org.springframework.context.annotation.ConfigurationClassParser.processConfigurationClass(ConfigurationClassParser.java:283)
	... 23 common frames omitted
05/08/2026 11:31:02.111 INFO  c.N.NeptuneWebAutheticatorApplication - Starting NeptuneWebAutheticatorApplication v0.0.1-SNAPSHOT using Java 21.0.1 with PID 36744 (C:\Users\termo\Desktop\workspace\TruckingConfiguration\Modules\NeptuneWebAutheticator\target\NeptuneWebAutheticator-0.0.1-SNAPSHOT.jar started by termo in C:\Users\termo\Desktop\workspace\TruckingConfiguration\Modules\NeptuneWebAutheticator)
05/08/2026 11:31:02.114 DEBUG c.N.NeptuneWebAutheticatorApplication - Running with Spring Boot v4.0.0, Spring v7.0.1
05/08/2026 11:31:02.115 INFO  c.N.NeptuneWebAutheticatorApplication - No active profile set, falling back to 1 default profile: "default"
05/08/2026 11:31:02.116 DEBUG o.s.boot.SpringApplication - Loading source class com.NeptuneWebAutheticator.NeptuneWebAutheticatorApplication
05/08/2026 11:31:02.164 DEBUG o.s.b.w.s.s.c.AnnotationConfigServletWebServerApplicationContext - Refreshing org.springframework.boot.web.server.servlet.context.AnnotationConfigServletWebServerApplicationContext@165b2f7f
05/08/2026 11:31:02.194 DEBUG o.s.b.f.s.DefaultListableBeanFactory - Creating shared instance of singleton bean 'org.springframework.context.annotation.internalConfigurationAnnotationProcessor'
05/08/2026 11:31:02.209 DEBUG o.s.b.f.s.DefaultListableBeanFactory - Creating shared instance of singleton bean 'org.springframework.boot.autoconfigure.internalCachingMetadataReaderFactory'
05/08/2026 11:31:02.279 DEBUG o.s.c.a.ClassPathBeanDefinitionScanner - Identified candidate component class: URL [jar:nested:/C:/Users/termo/Desktop/workspace/TruckingConfiguration/Modules/NeptuneWebAutheticator/target/NeptuneWebAutheticator-0.0.1-SNAPSHOT.jar/!BOOT-INF/lib/SMTPServerManager-0.0.1-SNAPSHOT.jar!/com/SMTPServerManager/EmailController/EmailController.class]
05/08/2026 11:31:02.287 DEBUG o.s.c.a.ClassPathBeanDefinitionScanner - Identified candidate component class: URL [jar:nested:/C:/Users/termo/Desktop/workspace/TruckingConfiguration/Modules/NeptuneWebAutheticator/target/NeptuneWebAutheticator-0.0.1-SNAPSHOT.jar/!BOOT-INF/lib/SMTPServerManager-0.0.1-SNAPSHOT.jar!/com/SMTPServerManager/Properties/MailProperties.class]
05/08/2026 11:31:02.289 DEBUG o.s.c.a.ClassPathBeanDefinitionScanner - Ignored because not a concrete top-level class: URL [jar:nested:/C:/Users/termo/Desktop/workspace/TruckingConfiguration/Modules/NeptuneWebAutheticator/target/NeptuneWebAutheticator-0.0.1-SNAPSHOT.jar/!BOOT-INF/lib/SMTPServerManager-0.0.1-SNAPSHOT.jar!/com/SMTPServerManager/Service/EmailService.class]
05/08/2026 11:31:02.289 DEBUG o.s.c.a.ClassPathBeanDefinitionScanner - Identified candidate component class: URL [jar:nested:/C:/Users/termo/Desktop/workspace/TruckingConfiguration/Modules/NeptuneWebAutheticator/target/NeptuneWebAutheticator-0.0.1-SNAPSHOT.jar/!BOOT-INF/lib/SMTPServerManager-0.0.1-SNAPSHOT.jar!/com/SMTPServerManager/Service/EmailServiceImpl.class]
05/08/2026 11:31:02.292 DEBUG o.s.c.a.ClassPathBeanDefinitionScanner - Identified candidate component class: URL [jar:nested:/C:/Users/termo/Desktop/workspace/TruckingConfiguration/Modules/NeptuneWebAutheticator/target/NeptuneWebAutheticator-0.0.1-SNAPSHOT.jar/!BOOT-INF/lib/SMTPServerManager-0.0.1-SNAPSHOT.jar!/com/SMTPServerManager/SmtpServerManagerApplication.class]
05/08/2026 11:31:02.309 DEBUG o.s.c.a.ClassPathBeanDefinitionScanner - Identified candidate component class: URL [jar:nested:/C:/Users/termo/Desktop/workspace/TruckingConfiguration/Modules/NeptuneWebAutheticator/target/NeptuneWebAutheticator-0.0.1-SNAPSHOT.jar/!BOOT-INF/classes/!/com/NeptuneWebAutheticator/Configuration/SecurityConfig.class]
05/08/2026 11:31:02.312 DEBUG o.s.c.a.ClassPathBeanDefinitionScanner - Identified candidate component class: URL [jar:nested:/C:/Users/termo/Desktop/workspace/TruckingConfiguration/Modules/NeptuneWebAutheticator/target/NeptuneWebAutheticator-0.0.1-SNAPSHOT.jar/!BOOT-INF/classes/!/com/NeptuneWebAutheticator/Controller/AuthenticationController.class]
05/08/2026 11:31:02.315 DEBUG o.s.c.a.ClassPathBeanDefinitionScanner - Identified candidate component class: URL [jar:nested:/C:/Users/termo/Desktop/workspace/TruckingConfiguration/Modules/NeptuneWebAutheticator/target/NeptuneWebAutheticator-0.0.1-SNAPSHOT.jar/!BOOT-INF/classes/!/com/NeptuneWebAutheticator/Controller/MachineController.class]
05/08/2026 11:31:02.322 DEBUG o.s.c.a.ClassPathBeanDefinitionScanner - Ignored because not a concrete top-level class: URL [jar:nested:/C:/Users/termo/Desktop/workspace/TruckingConfiguration/Modules/NeptuneWebAutheticator/target/NeptuneWebAutheticator-0.0.1-SNAPSHOT.jar/!BOOT-INF/classes/!/com/NeptuneWebAutheticator/Repository/MachineRepository.class]
05/08/2026 11:31:02.323 DEBUG o.s.c.a.ClassPathBeanDefinitionScanner - Ignored because not a concrete top-level class: URL [jar:nested:/C:/Users/termo/Desktop/workspace/TruckingConfiguration/Modules/NeptuneWebAutheticator/target/NeptuneWebAutheticator-0.0.1-SNAPSHOT.jar/!BOOT-INF/classes/!/com/NeptuneWebAutheticator/Repository/TenantRepository.class]
05/08/2026 11:31:02.323 DEBUG o.s.c.a.ClassPathBeanDefinitionScanner - Ignored because not a concrete top-level class: URL [jar:nested:/C:/Users/termo/Desktop/workspace/TruckingConfiguration/Modules/NeptuneWebAutheticator/target/NeptuneWebAutheticator-0.0.1-SNAPSHOT.jar/!BOOT-INF/classes/!/com/NeptuneWebAutheticator/Repository/TokenRepository.class]
05/08/2026 11:31:02.324 DEBUG o.s.c.a.ClassPathBeanDefinitionScanner - Ignored because not a concrete top-level class: URL [jar:nested:/C:/Users/termo/Desktop/workspace/TruckingConfiguration/Modules/NeptuneWebAutheticator/target/NeptuneWebAutheticator-0.0.1-SNAPSHOT.jar/!BOOT-INF/classes/!/com/NeptuneWebAutheticator/Service/AuthenticationService.class]
05/08/2026 11:31:02.326 DEBUG o.s.c.a.ClassPathBeanDefinitionScanner - Identified candidate component class: URL [jar:nested:/C:/Users/termo/Desktop/workspace/TruckingConfiguration/Modules/NeptuneWebAutheticator/target/NeptuneWebAutheticator-0.0.1-SNAPSHOT.jar/!BOOT-INF/classes/!/com/NeptuneWebAutheticator/Service/AuthenticationServiceImpl.class]
05/08/2026 11:31:02.327 DEBUG o.s.c.a.ClassPathBeanDefinitionScanner - Ignored because not a concrete top-level class: URL [jar:nested:/C:/Users/termo/Desktop/workspace/TruckingConfiguration/Modules/NeptuneWebAutheticator/target/NeptuneWebAutheticator-0.0.1-SNAPSHOT.jar/!BOOT-INF/classes/!/com/NeptuneWebAutheticator/Service/MachineService.class]
05/08/2026 11:31:02.327 DEBUG o.s.c.a.ClassPathBeanDefinitionScanner - Identified candidate component class: URL [jar:nested:/C:/Users/termo/Desktop/workspace/TruckingConfiguration/Modules/NeptuneWebAutheticator/target/NeptuneWebAutheticator-0.0.1-SNAPSHOT.jar/!BOOT-INF/classes/!/com/NeptuneWebAutheticator/Service/MachineServiceImpl.class]
05/08/2026 11:31:02.335 WARN  o.s.b.w.s.s.c.AnnotationConfigServletWebServerApplicationContext - Exception encountered during context initialization - cancelling refresh attempt: org.springframework.beans.factory.BeanDefinitionStoreException: I/O failure while processing configuration class [com.SMTPServerManager.Properties.MailProperties]
