19/12/2025 18:31:48.857 INFO  c.N.NeptuneWebAutheticatorApplication - Starting NeptuneWebAutheticatorApplication v0.0.1-SNAPSHOT using Java 21.0.1 with PID 17756 (C:\Users\termo\Desktop\workspace\TruckingConfiguration\Modules\NeptuneWebAutheticator\target\NeptuneWebAutheticator-0.0.1-SNAPSHOT.jar started by termo in C:\Users\termo\Desktop\workspace\TruckingConfiguration\Modules\NeptuneWebAutheticator)
19/12/2025 18:31:48.860 DEBUG c.N.NeptuneWebAutheticatorApplication - Running with Spring Boot v4.0.0, Spring v7.0.1
19/12/2025 18:31:48.860 INFO  c.N.NeptuneWebAutheticatorApplication - No active profile set, falling back to 1 default profile: "default"
19/12/2025 18:31:48.861 DEBUG o.s.boot.SpringApplication - Loading source class com.NeptuneWebAutheticator.NeptuneWebAutheticatorApplication
19/12/2025 18:31:48.906 DEBUG o.s.b.w.s.s.c.AnnotationConfigServletWebServerApplicationContext - Refreshing org.springframework.boot.web.server.servlet.context.AnnotationConfigServletWebServerApplicationContext@665e9289
19/12/2025 18:31:48.925 DEBUG o.s.b.f.s.DefaultListableBeanFactory - Creating shared instance of singleton bean 'org.springframework.context.annotation.internalConfigurationAnnotationProcessor'
19/12/2025 18:31:48.941 DEBUG o.s.b.f.s.DefaultListableBeanFactory - Creating shared instance of singleton bean 'org.springframework.boot.autoconfigure.internalCachingMetadataReaderFactory'
19/12/2025 18:31:49.004 DEBUG o.s.c.a.ClassPathBeanDefinitionScanner - Identified candidate component class: URL [jar:nested:/C:/Users/termo/Desktop/workspace/TruckingConfiguration/Modules/NeptuneWebAutheticator/target/NeptuneWebAutheticator-0.0.1-SNAPSHOT.jar/!BOOT-INF/classes/!/com/NeptuneWebAutheticator/Configuration/SecurityConfig.class]
19/12/2025 18:31:49.023 DEBUG o.s.c.a.ClassPathBeanDefinitionScanner - Identified candidate component class: URL [jar:nested:/C:/Users/termo/Desktop/workspace/TruckingConfiguration/Modules/NeptuneWebAutheticator/target/NeptuneWebAutheticator-0.0.1-SNAPSHOT.jar/!BOOT-INF/classes/!/com/NeptuneWebAutheticator/Controller/AuthenticationController.class]
19/12/2025 18:31:49.025 DEBUG o.s.c.a.ClassPathBeanDefinitionScanner - Identified candidate component class: URL [jar:nested:/C:/Users/termo/Desktop/workspace/TruckingConfiguration/Modules/NeptuneWebAutheticator/target/NeptuneWebAutheticator-0.0.1-SNAPSHOT.jar/!BOOT-INF/classes/!/com/NeptuneWebAutheticator/Controller/MachineController.class]
19/12/2025 18:31:49.034 DEBUG o.s.c.a.ClassPathBeanDefinitionScanner - Ignored because not a concrete top-level class: URL [jar:nested:/C:/Users/termo/Desktop/workspace/TruckingConfiguration/Modules/NeptuneWebAutheticator/target/NeptuneWebAutheticator-0.0.1-SNAPSHOT.jar/!BOOT-INF/classes/!/com/NeptuneWebAutheticator/Repository/MachineRepository.class]
19/12/2025 18:31:49.035 DEBUG o.s.c.a.ClassPathBeanDefinitionScanner - Ignored because not a concrete top-level class: URL [jar:nested:/C:/Users/termo/Desktop/workspace/TruckingConfiguration/Modules/NeptuneWebAutheticator/target/NeptuneWebAutheticator-0.0.1-SNAPSHOT.jar/!BOOT-INF/classes/!/com/NeptuneWebAutheticator/Repository/TenantRepository.class]
19/12/2025 18:31:49.036 DEBUG o.s.c.a.ClassPathBeanDefinitionScanner - Ignored because not a concrete top-level class: URL [jar:nested:/C:/Users/termo/Desktop/workspace/TruckingConfiguration/Modules/NeptuneWebAutheticator/target/NeptuneWebAutheticator-0.0.1-SNAPSHOT.jar/!BOOT-INF/classes/!/com/NeptuneWebAutheticator/Repository/TokenRepository.class]
19/12/2025 18:31:49.037 DEBUG o.s.c.a.ClassPathBeanDefinitionScanner - Ignored because not a concrete top-level class: URL [jar:nested:/C:/Users/termo/Desktop/workspace/TruckingConfiguration/Modules/NeptuneWebAutheticator/target/NeptuneWebAutheticator-0.0.1-SNAPSHOT.jar/!BOOT-INF/classes/!/com/NeptuneWebAutheticator/Service/AuthenticationService.class]
19/12/2025 18:31:49.037 DEBUG o.s.c.a.ClassPathBeanDefinitionScanner - Identified candidate component class: URL [jar:nested:/C:/Users/termo/Desktop/workspace/TruckingConfiguration/Modules/NeptuneWebAutheticator/target/NeptuneWebAutheticator-0.0.1-SNAPSHOT.jar/!BOOT-INF/classes/!/com/NeptuneWebAutheticator/Service/AuthenticationServiceImpl.class]
19/12/2025 18:31:49.041 DEBUG o.s.c.a.ClassPathBeanDefinitionScanner - Ignored because not a concrete top-level class: URL [jar:nested:/C:/Users/termo/Desktop/workspace/TruckingConfiguration/Modules/NeptuneWebAutheticator/target/NeptuneWebAutheticator-0.0.1-SNAPSHOT.jar/!BOOT-INF/classes/!/com/NeptuneWebAutheticator/Service/MachineService.class]
19/12/2025 18:31:49.041 DEBUG o.s.c.a.ClassPathBeanDefinitionScanner - Identified candidate component class: URL [jar:nested:/C:/Users/termo/Desktop/workspace/TruckingConfiguration/Modules/NeptuneWebAutheticator/target/NeptuneWebAutheticator-0.0.1-SNAPSHOT.jar/!BOOT-INF/classes/!/com/NeptuneWebAutheticator/Service/MachineServiceImpl.class]
19/12/2025 18:31:49.575 INFO  o.s.d.r.c.RepositoryConfigurationDelegate - Bootstrapping Spring Data JPA repositories in DEFAULT mode.
19/12/2025 18:31:49.583 DEBUG o.s.b.f.s.DefaultListableBeanFactory - Creating shared instance of singleton bean 'org.springframework.boot.autoconfigure.AutoConfigurationPackages'
19/12/2025 18:31:49.591 DEBUG o.s.b.a.AutoConfigurationPackages - @EnableAutoConfiguration was declared on a class in the package 'com.NeptuneWebAutheticator'. Automatic @Repository and @Entity scanning is enabled.
19/12/2025 18:31:49.592 DEBUG o.s.d.r.c.RepositoryConfigurationDelegate - Scanning for JPA repositories in packages com.NeptuneWebAutheticator.
19/12/2025 18:31:49.603 DEBUG o.s.d.r.c.RepositoryComponentProvider - Identified candidate component class: URL [jar:nested:/C:/Users/termo/Desktop/workspace/TruckingConfiguration/Modules/NeptuneWebAutheticator/target/NeptuneWebAutheticator-0.0.1-SNAPSHOT.jar/!BOOT-INF/classes/!/com/NeptuneWebAutheticator/Repository/MachineRepository.class]
19/12/2025 18:31:49.603 DEBUG o.s.d.r.c.RepositoryComponentProvider - Identified candidate component class: URL [jar:nested:/C:/Users/termo/Desktop/workspace/TruckingConfiguration/Modules/NeptuneWebAutheticator/target/NeptuneWebAutheticator-0.0.1-SNAPSHOT.jar/!BOOT-INF/classes/!/com/NeptuneWebAutheticator/Repository/TenantRepository.class]
19/12/2025 18:31:49.603 DEBUG o.s.d.r.c.RepositoryComponentProvider - Identified candidate component class: URL [jar:nested:/C:/Users/termo/Desktop/workspace/TruckingConfiguration/Modules/NeptuneWebAutheticator/target/NeptuneWebAutheticator-0.0.1-SNAPSHOT.jar/!BOOT-INF/classes/!/com/NeptuneWebAutheticator/Repository/TokenRepository.class]
19/12/2025 18:31:49.625 DEBUG o.s.c.a.ClassPathScanningCandidateComponentProvider - Identified candidate component class: URL [jar:nested:/C:/Users/termo/Desktop/workspace/TruckingConfiguration/Modules/NeptuneWebAutheticator/target/NeptuneWebAutheticator-0.0.1-SNAPSHOT.jar/!BOOT-INF/classes/!/com/NeptuneWebAutheticator/Service/AuthenticationServiceImpl.class]
19/12/2025 18:31:49.625 DEBUG o.s.c.a.ClassPathScanningCandidateComponentProvider - Identified candidate component class: URL [jar:nested:/C:/Users/termo/Desktop/workspace/TruckingConfiguration/Modules/NeptuneWebAutheticator/target/NeptuneWebAutheticator-0.0.1-SNAPSHOT.jar/!BOOT-INF/classes/!/com/NeptuneWebAutheticator/Service/MachineServiceImpl.class]
19/12/2025 18:31:49.635 INFO  o.s.d.r.c.RepositoryConfigurationDelegate - Finished Spring Data repository scanning in 42 ms. Found 3 JPA repository interfaces.
19/12/2025 18:31:49.719 DEBUG o.s.b.f.s.DefaultListableBeanFactory - Creating shared instance of singleton bean 'springSecurityPathPatternParserBeanDefinitionRegistryPostProcessor'
19/12/2025 18:31:49.788 DEBUG o.s.b.f.s.DefaultListableBeanFactory - Creating shared instance of singleton bean 'propertySourcesPlaceholderConfigurer'
19/12/2025 18:31:49.791 DEBUG o.s.b.f.s.DefaultListableBeanFactory - Creating shared instance of singleton bean 'org.springframework.boot.sql.init.dependency.DatabaseInitializationDependencyConfigurer$DependsOnDatabaseInitializationPostProcessor'
19/12/2025 18:31:49.818 DEBUG o.s.b.f.s.DefaultListableBeanFactory - Creating shared instance of singleton bean 'org.springframework.context.event.internalEventListenerProcessor'
19/12/2025 18:31:49.820 DEBUG o.s.b.f.s.DefaultListableBeanFactory - Creating shared instance of singleton bean 'conversionServicePostProcessor'
19/12/2025 18:31:49.830 DEBUG o.s.b.f.s.DefaultListableBeanFactory - Creating shared instance of singleton bean 'bootstrapExecutorAliasPostProcessor'
19/12/2025 18:31:49.830 DEBUG o.s.b.f.s.DefaultListableBeanFactory - Creating shared instance of singleton bean 'preserveErrorControllerTargetClassPostProcessor'
19/12/2025 18:31:49.831 DEBUG o.s.b.f.s.DefaultListableBeanFactory - Creating shared instance of singleton bean 'org.springframework.context.event.internalEventListenerFactory'
19/12/2025 18:31:49.831 DEBUG o.s.b.f.s.DefaultListableBeanFactory - Creating shared instance of singleton bean 'org.springframework.transaction.config.internalTransactionalEventListenerFactory'
19/12/2025 18:31:49.833 DEBUG o.s.b.f.s.DefaultListableBeanFactory - Creating shared instance of singleton bean 'org.springframework.context.annotation.internalAutowiredAnnotationProcessor'
19/12/2025 18:31:49.835 DEBUG o.s.b.f.s.DefaultListableBeanFactory - Creating shared instance of singleton bean 'org.springframework.context.annotation.internalCommonAnnotationProcessor'
19/12/2025 18:31:49.837 DEBUG o.s.b.f.s.DefaultListableBeanFactory - Creating shared instance of singleton bean 'org.springframework.context.annotation.internalPersistenceAnnotationProcessor'
19/12/2025 18:31:49.837 DEBUG o.s.b.f.s.DefaultListableBeanFactory - Creating shared instance of singleton bean 'org.springframework.boot.context.properties.ConfigurationPropertiesBindingPostProcessor'
19/12/2025 18:31:49.837 DEBUG o.s.b.f.s.DefaultListableBeanFactory - Creating shared instance of singleton bean 'org.springframework.boot.context.internalConfigurationPropertiesBinder'
19/12/2025 18:31:49.839 DEBUG o.s.b.f.s.DefaultListableBeanFactory - Creating shared instance of singleton bean 'jdbcConnectionDetailsHikariBeanPostProcessor'
19/12/2025 18:31:49.841 DEBUG o.s.b.f.s.DefaultListableBeanFactory - Creating shared instance of singleton bean 'org.springframework.aop.config.internalAutoProxyCreator'
19/12/2025 18:31:49.853 DEBUG o.s.b.f.s.DefaultListableBeanFactory - Creating shared instance of singleton bean 'org.springframework.aop.framework.autoproxy.defaultProxyConfig'
19/12/2025 18:31:49.861 DEBUG o.s.b.f.s.DefaultListableBeanFactory - Creating shared instance of singleton bean 'persistenceExceptionTranslationPostProcessor'
19/12/2025 18:31:49.862 DEBUG o.s.b.f.s.DefaultListableBeanFactory - Autowiring by type from bean name 'persistenceExceptionTranslationPostProcessor' via factory method to bean named 'environment'
19/12/2025 18:31:49.867 DEBUG o.s.b.f.s.DefaultListableBeanFactory - Creating shared instance of singleton bean 'projectingArgumentResolverBeanPostProcessor'
19/12/2025 18:31:49.868 DEBUG o.s.b.f.s.DefaultListableBeanFactory - Creating shared instance of singleton bean 'org.springframework.transaction.config.internalTransactionAdvisor'
19/12/2025 18:31:49.868 DEBUG o.s.b.f.s.DefaultListableBeanFactory - Creating shared instance of singleton bean 'org.springframework.transaction.annotation.ProxyTransactionManagementConfiguration'
19/12/2025 18:31:49.895 DEBUG o.s.b.f.s.DefaultListableBeanFactory - Creating shared instance of singleton bean 'transactionAttributeSource'
19/12/2025 18:31:49.902 DEBUG o.s.b.f.s.DefaultListableBeanFactory - Creating shared instance of singleton bean 'transactionInterceptor'
19/12/2025 18:31:49.903 DEBUG o.s.b.f.s.DefaultListableBeanFactory - Autowiring by type from bean name 'transactionInterceptor' via factory method to bean named 'transactionAttributeSource'
19/12/2025 18:31:49.911 DEBUG o.s.b.f.s.DefaultListableBeanFactory - Autowiring by type from bean name 'org.springframework.transaction.config.internalTransactionAdvisor' via factory method to bean named 'transactionAttributeSource'
19/12/2025 18:31:49.911 DEBUG o.s.b.f.s.DefaultListableBeanFactory - Autowiring by type from bean name 'org.springframework.transaction.config.internalTransactionAdvisor' via factory method to bean named 'transactionInterceptor'
19/12/2025 18:31:49.929 DEBUG o.s.b.f.s.DefaultListableBeanFactory - Creating shared instance of singleton bean 'webServerFactoryCustomizerBeanPostProcessor'
19/12/2025 18:31:49.929 DEBUG o.s.b.f.s.DefaultListableBeanFactory - Creating shared instance of singleton bean 'errorPageRegistrarBeanPostProcessor'
19/12/2025 18:31:49.931 DEBUG o.s.b.f.s.DefaultListableBeanFactory - Creating shared instance of singleton bean 'tomcatServletWebServerFactory'
19/12/2025 18:31:49.931 DEBUG o.s.b.f.s.DefaultListableBeanFactory - Creating shared instance of singleton bean 'org.springframework.boot.tomcat.autoconfigure.servlet.TomcatServletWebServerAutoConfiguration'
19/12/2025 18:31:49.931 DEBUG o.s.b.f.s.DefaultListableBeanFactory - Creating shared instance of singleton bean 'server.tomcat-org.springframework.boot.tomcat.autoconfigure.TomcatServerProperties'
19/12/2025 18:31:49.934 DEBUG o.s.b.f.s.DefaultListableBeanFactory - Creating shared instance of singleton bean 'org.springframework.boot.context.properties.BoundConfigurationProperties'
19/12/2025 18:31:49.945 DEBUG o.s.b.f.s.DefaultListableBeanFactory - Autowiring by type from bean name 'org.springframework.boot.tomcat.autoconfigure.servlet.TomcatServletWebServerAutoConfiguration' via constructor to bean named 'server.tomcat-org.springframework.boot.tomcat.autoconfigure.TomcatServerProperties'
19/12/2025 18:31:49.965 DEBUG o.s.b.f.s.DefaultListableBeanFactory - Creating shared instance of singleton bean 'servletWebServerFactoryCustomizer'
19/12/2025 18:31:49.965 DEBUG o.s.b.f.s.DefaultListableBeanFactory - Creating shared instance of singleton bean 'org.springframework.boot.web.server.autoconfigure.servlet.ServletWebServerConfiguration'
19/12/2025 18:31:49.966 DEBUG o.s.b.f.s.DefaultListableBeanFactory - Creating shared instance of singleton bean 'server-org.springframework.boot.web.server.autoconfigure.ServerProperties'
19/12/2025 18:31:49.979 DEBUG o.s.b.f.s.DefaultListableBeanFactory - Autowiring by type from bean name 'servletWebServerFactoryCustomizer' via factory method to bean named 'server-org.springframework.boot.web.server.autoconfigure.ServerProperties'
19/12/2025 18:31:49.982 DEBUG o.s.b.f.s.DefaultListableBeanFactory - Creating shared instance of singleton bean 'sslBundleRegistry'
19/12/2025 18:31:49.982 DEBUG o.s.b.f.s.DefaultListableBeanFactory - Creating shared instance of singleton bean 'org.springframework.boot.autoconfigure.ssl.SslAutoConfiguration'
19/12/2025 18:31:49.983 DEBUG o.s.b.f.s.DefaultListableBeanFactory - Creating shared instance of singleton bean 'spring.ssl-org.springframework.boot.autoconfigure.ssl.SslProperties'
19/12/2025 18:31:49.984 DEBUG o.s.b.f.s.DefaultListableBeanFactory - Autowiring by type from bean name 'org.springframework.boot.autoconfigure.ssl.SslAutoConfiguration' via constructor to bean named 'org.springframework.boot.web.server.servlet.context.AnnotationConfigServletWebServerApplicationContext@665e9289'
19/12/2025 18:31:49.984 DEBUG o.s.b.f.s.DefaultListableBeanFactory - Autowiring by type from bean name 'org.springframework.boot.autoconfigure.ssl.SslAutoConfiguration' via constructor to bean named 'spring.ssl-org.springframework.boot.autoconfigure.ssl.SslProperties'
19/12/2025 18:31:49.989 DEBUG o.s.b.f.s.DefaultListableBeanFactory - Creating shared instance of singleton bean 'sslPropertiesSslBundleRegistrar'
19/12/2025 18:31:49.989 DEBUG o.s.b.f.s.DefaultListableBeanFactory - Creating shared instance of singleton bean 'fileWatcher'
19/12/2025 18:31:49.991 DEBUG o.s.b.f.s.DefaultListableBeanFactory - Autowiring by type from bean name 'sslPropertiesSslBundleRegistrar' via factory method to bean named 'fileWatcher'
19/12/2025 18:31:50.002 DEBUG o.s.b.f.s.DefaultListableBeanFactory - Creating shared instance of singleton bean 'webSocketWebServerCustomizer'
19/12/2025 18:31:50.002 DEBUG o.s.b.f.s.DefaultListableBeanFactory - Creating shared instance of singleton bean 'org.springframework.boot.tomcat.autoconfigure.TomcatWebServerConfiguration$TomcatWebSocketConfiguration'
19/12/2025 18:31:50.003 DEBUG o.s.b.f.s.DefaultListableBeanFactory - Creating shared instance of singleton bean 'tomcatWebServerFactoryCustomizer'
19/12/2025 18:31:50.003 DEBUG o.s.b.f.s.DefaultListableBeanFactory - Creating shared instance of singleton bean 'org.springframework.boot.tomcat.autoconfigure.TomcatWebServerConfiguration'
19/12/2025 18:31:50.004 DEBUG o.s.b.f.s.DefaultListableBeanFactory - Creating shared instance of singleton bean 'spring.web-org.springframework.boot.autoconfigure.web.WebProperties'
19/12/2025 18:31:50.009 DEBUG o.s.b.f.s.DefaultListableBeanFactory - Autowiring by type from bean name 'tomcatWebServerFactoryCustomizer' via factory method to bean named 'environment'
19/12/2025 18:31:50.009 DEBUG o.s.b.f.s.DefaultListableBeanFactory - Autowiring by type from bean name 'tomcatWebServerFactoryCustomizer' via factory method to bean named 'server-org.springframework.boot.web.server.autoconfigure.ServerProperties'
19/12/2025 18:31:50.009 DEBUG o.s.b.f.s.DefaultListableBeanFactory - Autowiring by type from bean name 'tomcatWebServerFactoryCustomizer' via factory method to bean named 'server.tomcat-org.springframework.boot.tomcat.autoconfigure.TomcatServerProperties'
19/12/2025 18:31:50.009 DEBUG o.s.b.f.s.DefaultListableBeanFactory - Autowiring by type from bean name 'tomcatWebServerFactoryCustomizer' via factory method to bean named 'spring.web-org.springframework.boot.autoconfigure.web.WebProperties'
19/12/2025 18:31:50.013 DEBUG o.s.b.f.s.DefaultListableBeanFactory - Creating shared instance of singleton bean 'tomcatServletWebServerFactoryCustomizer'
19/12/2025 18:31:50.014 DEBUG o.s.b.f.s.DefaultListableBeanFactory - Autowiring by type from bean name 'tomcatServletWebServerFactoryCustomizer' via factory method to bean named 'server.tomcat-org.springframework.boot.tomcat.autoconfigure.TomcatServerProperties'
19/12/2025 18:31:50.041 DEBUG o.s.b.f.s.DefaultListableBeanFactory - Creating shared instance of singleton bean 'errorPageCustomizer'
19/12/2025 18:31:50.042 DEBUG o.s.b.f.s.DefaultListableBeanFactory - Creating shared instance of singleton bean 'org.springframework.boot.webmvc.autoconfigure.error.ErrorMvcAutoConfiguration'
19/12/2025 18:31:50.042 DEBUG o.s.b.f.s.DefaultListableBeanFactory - Autowiring by type from bean name 'org.springframework.boot.webmvc.autoconfigure.error.ErrorMvcAutoConfiguration' via constructor to bean named 'spring.web-org.springframework.boot.autoconfigure.web.WebProperties'
19/12/2025 18:31:50.043 DEBUG o.s.b.f.s.DefaultListableBeanFactory - Creating shared instance of singleton bean 'dispatcherServletRegistration'
19/12/2025 18:31:50.043 DEBUG o.s.b.f.s.DefaultListableBeanFactory - Creating shared instance of singleton bean 'org.springframework.boot.webmvc.autoconfigure.DispatcherServletAutoConfiguration$DispatcherServletRegistrationConfiguration'
19/12/2025 18:31:50.043 DEBUG o.s.b.f.s.DefaultListableBeanFactory - Creating shared instance of singleton bean 'dispatcherServlet'
19/12/2025 18:31:50.044 DEBUG o.s.b.f.s.DefaultListableBeanFactory - Creating shared instance of singleton bean 'org.springframework.boot.webmvc.autoconfigure.DispatcherServletAutoConfiguration$DispatcherServletConfiguration'
19/12/2025 18:31:50.044 DEBUG o.s.b.f.s.DefaultListableBeanFactory - Creating shared instance of singleton bean 'spring.mvc-org.springframework.boot.webmvc.autoconfigure.WebMvcProperties'
19/12/2025 18:31:50.052 DEBUG o.s.b.f.s.DefaultListableBeanFactory - Autowiring by type from bean name 'dispatcherServlet' via factory method to bean named 'spring.mvc-org.springframework.boot.webmvc.autoconfigure.WebMvcProperties'
19/12/2025 18:31:50.063 DEBUG o.s.b.f.s.DefaultListableBeanFactory - Autowiring by type from bean name 'dispatcherServletRegistration' via factory method to bean named 'dispatcherServlet'
19/12/2025 18:31:50.063 DEBUG o.s.b.f.s.DefaultListableBeanFactory - Autowiring by type from bean name 'dispatcherServletRegistration' via factory method to bean named 'spring.mvc-org.springframework.boot.webmvc.autoconfigure.WebMvcProperties'
19/12/2025 18:31:50.066 DEBUG o.s.b.f.s.DefaultListableBeanFactory - Creating shared instance of singleton bean 'multipartConfigElement'
19/12/2025 18:31:50.066 DEBUG o.s.b.f.s.DefaultListableBeanFactory - Creating shared instance of singleton bean 'org.springframework.boot.servlet.autoconfigure.MultipartAutoConfiguration'
19/12/2025 18:31:50.067 DEBUG o.s.b.f.s.DefaultListableBeanFactory - Creating shared instance of singleton bean 'spring.servlet.multipart-org.springframework.boot.servlet.autoconfigure.MultipartProperties'
19/12/2025 18:31:50.071 DEBUG o.s.b.f.s.DefaultListableBeanFactory - Autowiring by type from bean name 'org.springframework.boot.servlet.autoconfigure.MultipartAutoConfiguration' via constructor to bean named 'spring.servlet.multipart-org.springframework.boot.servlet.autoconfigure.MultipartProperties'
19/12/2025 18:31:50.074 DEBUG o.s.b.f.s.DefaultListableBeanFactory - Autowiring by type from bean name 'errorPageCustomizer' via factory method to bean named 'dispatcherServletRegistration'
19/12/2025 18:31:50.167 DEBUG o.s.b.t.s.TomcatServletWebServerFactory - Code archive: C:\Users\termo\Desktop\workspace\TruckingConfiguration\Modules\NeptuneWebAutheticator\target\NeptuneWebAutheticator-0.0.1-SNAPSHOT.jar
19/12/2025 18:31:50.167 DEBUG o.s.b.t.s.TomcatServletWebServerFactory - Code archive: C:\Users\termo\Desktop\workspace\TruckingConfiguration\Modules\NeptuneWebAutheticator\target\NeptuneWebAutheticator-0.0.1-SNAPSHOT.jar
19/12/2025 18:31:50.168 DEBUG o.s.b.t.s.TomcatServletWebServerFactory - None of the document roots [src/main/webapp, public, static] point to a directory and will be ignored.
19/12/2025 18:31:50.190 INFO  o.s.boot.tomcat.TomcatWebServer - Tomcat initialized with port 8080 (http)
19/12/2025 18:31:50.201 INFO  o.a.coyote.http11.Http11NioProtocol - Initializing ProtocolHandler ["http-nio-8080"]
19/12/2025 18:31:50.203 INFO  o.a.catalina.core.StandardService - Starting service [Tomcat]
19/12/2025 18:31:50.204 INFO  o.a.catalina.core.StandardEngine - Starting Servlet engine: [Apache Tomcat/11.0.14]
19/12/2025 18:31:50.233 DEBUG o.s.b.w.c.s.WebApplicationContextInitializer - Published root WebApplicationContext as ServletContext attribute with name [org.springframework.web.context.WebApplicationContext.ROOT]
19/12/2025 18:31:50.234 INFO  o.s.b.w.c.s.WebApplicationContextInitializer - Root WebApplicationContext: initialization completed in 1327 ms
19/12/2025 18:31:50.237 DEBUG o.s.b.f.s.DefaultListableBeanFactory - Creating shared instance of singleton bean 'securityFilterChainRegistration'
19/12/2025 18:31:50.237 DEBUG o.s.b.f.s.DefaultListableBeanFactory - Creating shared instance of singleton bean 'org.springframework.boot.security.autoconfigure.web.servlet.SecurityFilterAutoConfiguration'
19/12/2025 18:31:50.238 DEBUG o.s.b.f.s.DefaultListableBeanFactory - Creating shared instance of singleton bean 'spring.security.filter-org.springframework.boot.security.autoconfigure.web.servlet.SecurityFilterProperties'
19/12/2025 18:31:50.240 DEBUG o.s.b.f.s.DefaultListableBeanFactory - Autowiring by type from bean name 'securityFilterChainRegistration' via factory method to bean named 'spring.security.filter-org.springframework.boot.security.autoconfigure.web.servlet.SecurityFilterProperties'
19/12/2025 18:31:50.244 DEBUG o.s.b.f.s.DefaultListableBeanFactory - Creating shared instance of singleton bean 'requestContextFilter'
19/12/2025 18:31:50.246 DEBUG o.s.b.f.s.DefaultListableBeanFactory - Creating shared instance of singleton bean 'formContentFilter'
19/12/2025 18:31:50.246 DEBUG o.s.b.f.s.DefaultListableBeanFactory - Creating shared instance of singleton bean 'org.springframework.boot.webmvc.autoconfigure.WebMvcAutoConfiguration'
19/12/2025 18:31:50.249 DEBUG o.s.b.f.s.DefaultListableBeanFactory - Creating shared instance of singleton bean 'characterEncodingFilter'
19/12/2025 18:31:50.250 DEBUG o.s.b.f.s.DefaultListableBeanFactory - Creating shared instance of singleton bean 'org.springframework.boot.servlet.autoconfigure.HttpEncodingAutoConfiguration'
19/12/2025 18:31:50.250 DEBUG o.s.b.f.s.DefaultListableBeanFactory - Creating shared instance of singleton bean 'spring.servlet.encoding-org.springframework.boot.servlet.autoconfigure.ServletEncodingProperties'
19/12/2025 18:31:50.251 DEBUG o.s.b.f.s.DefaultListableBeanFactory - Autowiring by type from bean name 'characterEncodingFilter' via factory method to bean named 'spring.servlet.encoding-org.springframework.boot.servlet.autoconfigure.ServletEncodingProperties'
19/12/2025 18:31:50.257 DEBUG o.s.b.w.s.ServletContextInitializerBeans - Mapping filters: springSecurityFilterChain urls=[/*] order=-100, characterEncodingFilter urls=[/*] order=-2147483648, formContentFilter urls=[/*] order=-9900, requestContextFilter urls=[/*] order=-105
19/12/2025 18:31:50.257 DEBUG o.s.b.w.s.ServletContextInitializerBeans - Mapping servlets: dispatcherServlet urls=[/]
19/12/2025 18:31:50.282 DEBUG o.s.b.s.f.OrderedRequestContextFilter - Filter 'requestContextFilter' configured for use
19/12/2025 18:31:50.289 DEBUG o.s.b.s.f.OrderedCharacterEncodingFilter - Filter 'characterEncodingFilter' configured for use
19/12/2025 18:31:50.290 DEBUG o.s.b.w.s.DelegatingFilterProxyRegistrationBean$1 - Filter 'springSecurityFilterChain' configured for use
19/12/2025 18:31:50.290 DEBUG o.s.b.s.f.OrderedFormContentFilter - Filter 'formContentFilter' configured for use
19/12/2025 18:31:50.299 DEBUG o.s.b.f.s.DefaultListableBeanFactory - Creating shared instance of singleton bean 'applicationTaskExecutor'
19/12/2025 18:31:50.300 DEBUG o.s.b.f.s.DefaultListableBeanFactory - Creating shared instance of singleton bean 'org.springframework.boot.autoconfigure.task.TaskExecutorConfigurations$TaskExecutorConfiguration'
19/12/2025 18:31:50.301 DEBUG o.s.b.f.s.DefaultListableBeanFactory - Creating shared instance of singleton bean 'threadPoolTaskExecutorBuilder'
19/12/2025 18:31:50.301 DEBUG o.s.b.f.s.DefaultListableBeanFactory - Creating shared instance of singleton bean 'org.springframework.boot.autoconfigure.task.TaskExecutorConfigurations$ThreadPoolTaskExecutorBuilderConfiguration'
19/12/2025 18:31:50.302 DEBUG o.s.b.f.s.DefaultListableBeanFactory - Creating shared instance of singleton bean 'spring.task.execution-org.springframework.boot.autoconfigure.task.TaskExecutionProperties'
19/12/2025 18:31:50.303 DEBUG o.s.b.f.s.DefaultListableBeanFactory - Autowiring by type from bean name 'threadPoolTaskExecutorBuilder' via factory method to bean named 'spring.task.execution-org.springframework.boot.autoconfigure.task.TaskExecutionProperties'
19/12/2025 18:31:50.305 DEBUG o.s.b.f.s.DefaultListableBeanFactory - Autowiring by type from bean name 'applicationTaskExecutor' via factory method to bean named 'threadPoolTaskExecutorBuilder'
19/12/2025 18:31:50.311 DEBUG o.s.s.c.ThreadPoolTaskExecutor - Initializing ExecutorService 'applicationTaskExecutor'
19/12/2025 18:31:50.314 DEBUG o.s.b.f.s.DefaultListableBeanFactory - Creating shared instance of singleton bean 'dataSourceScriptDatabaseInitializer'
19/12/2025 18:31:50.314 DEBUG o.s.b.f.s.DefaultListableBeanFactory - Creating shared instance of singleton bean 'org.springframework.boot.jdbc.autoconfigure.DataSourceInitializationAutoConfiguration'
19/12/2025 18:31:50.315 DEBUG o.s.b.f.s.DefaultListableBeanFactory - Creating shared instance of singleton bean 'dataSource'
19/12/2025 18:31:50.315 DEBUG o.s.b.f.s.DefaultListableBeanFactory - Creating shared instance of singleton bean 'org.springframework.boot.jdbc.autoconfigure.DataSourceConfiguration$Hikari'
19/12/2025 18:31:50.316 DEBUG o.s.b.f.s.DefaultListableBeanFactory - Creating shared instance of singleton bean 'spring.datasource-org.springframework.boot.jdbc.autoconfigure.DataSourceProperties'
19/12/2025 18:31:50.322 DEBUG o.s.b.f.s.DefaultListableBeanFactory - Creating shared instance of singleton bean 'jdbcConnectionDetails'
19/12/2025 18:31:50.322 DEBUG o.s.b.f.s.DefaultListableBeanFactory - Creating shared instance of singleton bean 'org.springframework.boot.jdbc.autoconfigure.DataSourceAutoConfiguration$PooledDataSourceConfiguration'
19/12/2025 18:31:50.323 DEBUG o.s.b.f.s.DefaultListableBeanFactory - Autowiring by type from bean name 'jdbcConnectionDetails' via factory method to bean named 'spring.datasource-org.springframework.boot.jdbc.autoconfigure.DataSourceProperties'
19/12/2025 18:31:50.324 DEBUG o.s.b.f.s.DefaultListableBeanFactory - Autowiring by type from bean name 'dataSource' via factory method to bean named 'spring.datasource-org.springframework.boot.jdbc.autoconfigure.DataSourceProperties'
19/12/2025 18:31:50.324 DEBUG o.s.b.f.s.DefaultListableBeanFactory - Autowiring by type from bean name 'dataSource' via factory method to bean named 'jdbcConnectionDetails'
19/12/2025 18:31:50.324 DEBUG o.s.b.f.s.DefaultListableBeanFactory - Autowiring by type from bean name 'dataSource' via factory method to bean named 'environment'
19/12/2025 18:31:50.331 DEBUG com.zaxxer.hikari.util.UtilityElf - Class org.mariadb.jdbc.Driver found in Thread context class loader org.springframework.boot.loader.launch.LaunchedClassLoader@1f17ae12
19/12/2025 18:31:50.340 DEBUG o.s.b.f.s.DefaultListableBeanFactory - Creating shared instance of singleton bean 'spring.sql.init-org.springframework.boot.sql.autoconfigure.init.SqlInitializationProperties'
19/12/2025 18:31:50.341 DEBUG o.s.b.f.s.DefaultListableBeanFactory - Autowiring by type from bean name 'dataSourceScriptDatabaseInitializer' via factory method to bean named 'dataSource'
19/12/2025 18:31:50.341 DEBUG o.s.b.f.s.DefaultListableBeanFactory - Autowiring by type from bean name 'dataSourceScriptDatabaseInitializer' via factory method to bean named 'spring.sql.init-org.springframework.boot.sql.autoconfigure.init.SqlInitializationProperties'
19/12/2025 18:31:50.348 DEBUG o.s.b.f.s.DefaultListableBeanFactory - Creating shared instance of singleton bean 'entityManagerFactory'
19/12/2025 18:31:50.348 DEBUG o.s.b.f.s.DefaultListableBeanFactory - Creating shared instance of singleton bean 'org.springframework.boot.hibernate.autoconfigure.HibernateJpaConfiguration'
19/12/2025 18:31:50.350 DEBUG o.s.b.f.s.DefaultListableBeanFactory - Creating shared instance of singleton bean 'spring.jpa-org.springframework.boot.jpa.autoconfigure.JpaProperties'
19/12/2025 18:31:50.353 DEBUG o.s.b.f.s.DefaultListableBeanFactory - Creating shared instance of singleton bean 'spring.jpa.hibernate-org.springframework.boot.hibernate.autoconfigure.HibernateProperties'
19/12/2025 18:31:50.355 DEBUG o.s.b.f.s.DefaultListableBeanFactory - Autowiring by type from bean name 'org.springframework.boot.hibernate.autoconfigure.HibernateJpaConfiguration' via constructor to bean named 'dataSource'
19/12/2025 18:31:50.355 DEBUG o.s.b.f.s.DefaultListableBeanFactory - Autowiring by type from bean name 'org.springframework.boot.hibernate.autoconfigure.HibernateJpaConfiguration' via constructor to bean named 'spring.jpa-org.springframework.boot.jpa.autoconfigure.JpaProperties'
19/12/2025 18:31:50.355 DEBUG o.s.b.f.s.DefaultListableBeanFactory - Autowiring by type from bean name 'org.springframework.boot.hibernate.autoconfigure.HibernateJpaConfiguration' via constructor to bean named 'org.springframework.beans.factory.support.DefaultListableBeanFactory@5bbc9f97'
19/12/2025 18:31:50.355 DEBUG o.s.b.f.s.DefaultListableBeanFactory - Autowiring by type from bean name 'org.springframework.boot.hibernate.autoconfigure.HibernateJpaConfiguration' via constructor to bean named 'spring.jpa.hibernate-org.springframework.boot.hibernate.autoconfigure.HibernateProperties'
19/12/2025 18:31:50.359 DEBUG o.s.b.f.s.DefaultListableBeanFactory - Creating shared instance of singleton bean 'hikariPoolDataSourceMetadataProvider'
19/12/2025 18:31:50.359 DEBUG o.s.b.f.s.DefaultListableBeanFactory - Creating shared instance of singleton bean 'org.springframework.boot.jdbc.autoconfigure.DataSourcePoolMetadataProvidersConfiguration$HikariPoolDataSourceMetadataProviderConfiguration'
19/12/2025 18:31:50.364 DEBUG o.s.b.f.s.DefaultListableBeanFactory - Creating shared instance of singleton bean 'entityManagerFactoryBuilder'
19/12/2025 18:31:50.364 DEBUG o.s.b.f.s.DefaultListableBeanFactory - Creating shared instance of singleton bean 'jpaVendorAdapter'
19/12/2025 18:31:50.390 DEBUG org.jboss.logging - Logging Provider: org.jboss.logging.Slf4jLoggerProvider found via system property
19/12/2025 18:31:50.394 DEBUG o.s.b.f.s.DefaultListableBeanFactory - Autowiring by type from bean name 'entityManagerFactoryBuilder' via factory method to bean named 'jpaVendorAdapter'
19/12/2025 18:31:50.395 DEBUG o.s.b.f.s.DefaultListableBeanFactory - Creating shared instance of singleton bean 'persistenceManagedTypes'
19/12/2025 18:31:50.396 DEBUG o.s.b.f.s.DefaultListableBeanFactory - Autowiring by type from bean name 'persistenceManagedTypes' via factory method to bean named 'org.springframework.beans.factory.support.DefaultListableBeanFactory@5bbc9f97'
19/12/2025 18:31:50.396 DEBUG o.s.b.f.s.DefaultListableBeanFactory - Autowiring by type from bean name 'persistenceManagedTypes' via factory method to bean named 'org.springframework.boot.web.server.servlet.context.AnnotationConfigServletWebServerApplicationContext@665e9289'
19/12/2025 18:31:50.401 DEBUG o.s.b.f.s.DefaultListableBeanFactory - Autowiring by type from bean name 'entityManagerFactory' via factory method to bean named 'entityManagerFactoryBuilder'
19/12/2025 18:31:50.401 DEBUG o.s.b.f.s.DefaultListableBeanFactory - Autowiring by type from bean name 'entityManagerFactory' via factory method to bean named 'persistenceManagedTypes'
19/12/2025 18:31:50.414 DEBUG o.s.o.j.LocalContainerEntityManagerFactoryBean - Building JPA container EntityManagerFactory for persistence unit 'default'
19/12/2025 18:31:50.421 DEBUG o.h.jpa.internal.util.LogHelper - PersistenceUnitInfo [
	name: default
	persistence provider classname: null
	classloader: org.springframework.boot.loader.launch.LaunchedClassLoader@1f17ae12
	excludeUnlistedClasses: true
	JTA datasource: null
	Non JTA datasource: HikariDataSource (null)
	Transaction type: RESOURCE_LOCAL
	PU root URL: nested:/C:/Users/termo/Desktop/workspace/TruckingConfiguration/Modules/NeptuneWebAutheticator/target/NeptuneWebAutheticator-0.0.1-SNAPSHOT.jar/!BOOT-INF/classes/
	Shared Cache Mode: UNSPECIFIED
	Validation Mode: AUTO
	Jar files URLs []
	Managed classes names [
		com.NeptuneWebAutheticator.Entity.Machine
		com.NeptuneWebAutheticator.Entity.Tenant
		com.NeptuneWebAutheticator.Entity.Token]
	Mapping files names []
	Properties []
19/12/2025 18:31:50.427 DEBUG o.h.i.internal.IntegratorServiceImpl - Adding Integrator [org.hibernate.boot.beanvalidation.BeanValidationIntegrator]
19/12/2025 18:31:50.428 DEBUG o.h.i.internal.IntegratorServiceImpl - Adding Integrator [org.hibernate.cache.internal.CollectionCacheInvalidator]
19/12/2025 18:31:50.467 INFO  org.hibernate.Version - HHH000412: Hibernate ORM core version 7.1.8.Final
19/12/2025 18:31:50.468 DEBUG org.hibernate.cfg.Environment - HHH000206: 'hibernate.properties' not found
19/12/2025 18:31:50.489 DEBUG o.s.o.j.h.SpringBeanContainer - Falling back to Hibernate's default producer after bean creation failure for interface org.hibernate.engine.jdbc.connections.spi.MultiTenantConnectionProvider: org.springframework.beans.factory.BeanCreationException: Error creating bean with name 'org.hibernate.engine.jdbc.connections.spi.MultiTenantConnectionProvider': Failed to instantiate [org.hibernate.engine.jdbc.connections.spi.MultiTenantConnectionProvider]: Specified class is an interface
19/12/2025 18:31:50.490 DEBUG o.h.c.i.RegionFactoryInitiator - Cannot default RegionFactory based on registered strategies as `[]` RegionFactory strategies were registered
19/12/2025 18:31:50.491 DEBUG o.h.c.i.RegionFactoryInitiator - HHH000026: Second-level cache disabled
19/12/2025 18:31:50.974 INFO  o.s.o.j.p.SpringPersistenceUnitInfo - No LoadTimeWeaver setup: ignoring JPA class transformer
19/12/2025 18:31:51.007 DEBUG com.zaxxer.hikari.HikariConfig - HikariPool-1 - configuration:
19/12/2025 18:31:51.009 DEBUG com.zaxxer.hikari.HikariConfig - allowPoolSuspension.............false
19/12/2025 18:31:51.009 DEBUG com.zaxxer.hikari.HikariConfig - autoCommit......................true
19/12/2025 18:31:51.009 DEBUG com.zaxxer.hikari.HikariConfig - catalog.........................none
19/12/2025 18:31:51.009 DEBUG com.zaxxer.hikari.HikariConfig - connectionInitSql...............none
19/12/2025 18:31:51.009 DEBUG com.zaxxer.hikari.HikariConfig - connectionTestQuery.............none
19/12/2025 18:31:51.010 DEBUG com.zaxxer.hikari.HikariConfig - connectionTimeout...............30000
19/12/2025 18:31:51.010 DEBUG com.zaxxer.hikari.HikariConfig - credentials.....................com.zaxxer.hikari.util.Credentials@4ef8090b
19/12/2025 18:31:51.010 DEBUG com.zaxxer.hikari.HikariConfig - credentialsProvider.............none
19/12/2025 18:31:51.010 DEBUG com.zaxxer.hikari.HikariConfig - credentialsProviderClassName....none
19/12/2025 18:31:51.010 DEBUG com.zaxxer.hikari.HikariConfig - dataSource......................none
19/12/2025 18:31:51.010 DEBUG com.zaxxer.hikari.HikariConfig - dataSourceClassName.............none
19/12/2025 18:31:51.010 DEBUG com.zaxxer.hikari.HikariConfig - dataSourceJNDI..................none
19/12/2025 18:31:51.011 DEBUG com.zaxxer.hikari.HikariConfig - dataSourceProperties............{password=<masked>}
19/12/2025 18:31:51.011 DEBUG com.zaxxer.hikari.HikariConfig - driverClassName................."org.mariadb.jdbc.Driver"
19/12/2025 18:31:51.011 DEBUG com.zaxxer.hikari.HikariConfig - exceptionOverride...............none
19/12/2025 18:31:51.011 DEBUG com.zaxxer.hikari.HikariConfig - exceptionOverrideClassName......none
19/12/2025 18:31:51.011 DEBUG com.zaxxer.hikari.HikariConfig - healthCheckProperties...........{}
19/12/2025 18:31:51.011 DEBUG com.zaxxer.hikari.HikariConfig - healthCheckRegistry.............none
19/12/2025 18:31:51.011 DEBUG com.zaxxer.hikari.HikariConfig - idleTimeout.....................600000
19/12/2025 18:31:51.011 DEBUG com.zaxxer.hikari.HikariConfig - initializationFailTimeout.......1
19/12/2025 18:31:51.011 DEBUG com.zaxxer.hikari.HikariConfig - isolateInternalQueries..........false
19/12/2025 18:31:51.012 DEBUG com.zaxxer.hikari.HikariConfig - jdbcUrl.........................jdbc:mariadb://localhost:3306/AuthenticationService
19/12/2025 18:31:51.012 DEBUG com.zaxxer.hikari.HikariConfig - keepaliveTime...................120000
19/12/2025 18:31:51.012 DEBUG com.zaxxer.hikari.HikariConfig - leakDetectionThreshold..........0
19/12/2025 18:31:51.012 DEBUG com.zaxxer.hikari.HikariConfig - maxLifetime.....................1800000
19/12/2025 18:31:51.012 DEBUG com.zaxxer.hikari.HikariConfig - maximumPoolSize.................10
19/12/2025 18:31:51.012 DEBUG com.zaxxer.hikari.HikariConfig - metricRegistry..................none
19/12/2025 18:31:51.012 DEBUG com.zaxxer.hikari.HikariConfig - metricsTrackerFactory...........none
19/12/2025 18:31:51.012 DEBUG com.zaxxer.hikari.HikariConfig - minimumIdle.....................10
19/12/2025 18:31:51.012 DEBUG com.zaxxer.hikari.HikariConfig - password........................<masked>
19/12/2025 18:31:51.012 DEBUG com.zaxxer.hikari.HikariConfig - poolName........................"HikariPool-1"
19/12/2025 18:31:51.012 DEBUG com.zaxxer.hikari.HikariConfig - readOnly........................false
19/12/2025 18:31:51.013 DEBUG com.zaxxer.hikari.HikariConfig - registerMbeans..................false
19/12/2025 18:31:51.013 DEBUG com.zaxxer.hikari.HikariConfig - scheduledExecutor...............none
19/12/2025 18:31:51.013 DEBUG com.zaxxer.hikari.HikariConfig - schema..........................none
19/12/2025 18:31:51.013 DEBUG com.zaxxer.hikari.HikariConfig - threadFactory...................internal
19/12/2025 18:31:51.013 DEBUG com.zaxxer.hikari.HikariConfig - transactionIsolation............default
19/12/2025 18:31:51.013 DEBUG com.zaxxer.hikari.HikariConfig - username........................"root"
19/12/2025 18:31:51.013 DEBUG com.zaxxer.hikari.HikariConfig - validationTimeout...............5000
19/12/2025 18:31:51.013 INFO  com.zaxxer.hikari.HikariDataSource - HikariPool-1 - Starting...
19/12/2025 18:31:51.025 DEBUG com.zaxxer.hikari.pool.PoolBase - HikariPool-1 - Attempting to create/setup new connection (9c9db5f1-599c-49da-be03-b8baca23a863)
19/12/2025 18:31:51.103 DEBUG o.m.jdbc.message.server.OkPacket - Database change: is 'authenticationservice'
19/12/2025 18:31:51.104 DEBUG o.m.jdbc.client.impl.StandardClient - execute query: set sql_mode=CONCAT(@@sql_mode,',STRICT_TRANS_TABLES'),session_track_system_variables = CONCAT(@@global.session_track_system_variables,',transaction_isolation'),NAMES utf8mb4
19/12/2025 18:31:51.114 DEBUG o.m.jdbc.message.server.OkPacket - System variable change:  character_set_client = utf8mb4
19/12/2025 18:31:51.115 DEBUG o.m.jdbc.message.server.OkPacket - System variable change:  character_set_connection = utf8mb4
19/12/2025 18:31:51.115 DEBUG o.m.jdbc.message.server.OkPacket - System variable change:  character_set_results = utf8mb4
19/12/2025 18:31:51.122 DEBUG o.m.jdbc.client.impl.StandardClient - execute query: SELECT @@session.transaction_isolation
19/12/2025 18:31:51.126 DEBUG com.zaxxer.hikari.pool.PoolBase - HikariPool-1 - Established new connection (9c9db5f1-599c-49da-be03-b8baca23a863)
19/12/2025 18:31:51.127 INFO  com.zaxxer.hikari.pool.HikariPool - HikariPool-1 - Added connection org.mariadb.jdbc.Connection@1f75fd1d
19/12/2025 18:31:51.129 INFO  com.zaxxer.hikari.HikariDataSource - HikariPool-1 - Start completed.
19/12/2025 18:31:51.136 DEBUG org.hibernate.orm.jdbc - HHH100017: Database:
	name: MariaDB
	version: 11.4.0-MariaDB
	major: 11
	minor: 4
19/12/2025 18:31:51.136 DEBUG org.hibernate.orm.jdbc - HHH100018: Driver:
	name: MariaDB Connector/J
	version: 3.5.6
	major: 3
	minor: 5
	JDBC version: 4.2
19/12/2025 18:31:51.157 DEBUG o.m.jdbc.client.impl.StandardClient - execute query: SELECT @@character_set_database, @@sql_mode
19/12/2025 18:31:51.172 DEBUG org.hibernate.orm.dialect - HHH035001: Using dialect: org.hibernate.dialect.MariaDBDialect, version: 11.4
19/12/2025 18:31:51.174 DEBUG o.m.jdbc.client.impl.StandardClient - execute query: select @@lower_case_table_names
19/12/2025 18:31:51.176 DEBUG o.h.e.j.e.s.IdentifierHelperBuilder - IdentifierCaseStrategy for both quoted and unquoted identifiers was set to the same strategy [LOWER]; that will likely lead to problems in schema update and validation if using quoted identifiers
19/12/2025 18:31:51.178 DEBUG o.m.jdbc.client.impl.StandardClient - execute query: SELECT @@session.transaction_isolation
19/12/2025 18:31:51.181 DEBUG org.hibernate.orm.jdbc - HHH100122: Using default JDBC fetch size: 0
19/12/2025 18:31:51.188 INFO  o.hibernate.orm.connections.pooling - HHH10001005: Database info:
	Database JDBC URL [jdbc:mariadb://localhost/AuthenticationService?user=root]
	Database driver: MariaDB Connector/J
	Database dialect: MariaDBDialect
	Database version: 11.4
	Default catalog/schema: authenticationservice/undefined
	Autocommit mode: undefined/unknown
	Isolation level: REPEATABLE_READ [default REPEATABLE_READ]
	JDBC fetch size: none
	Pool: DatasourceConnectionProviderImpl
	Minimum pool size: undefined/unknown
	Maximum pool size: undefined/unknown
19/12/2025 18:31:51.235 DEBUG com.zaxxer.hikari.pool.HikariPool - HikariPool-1 - Pool stats (total=1/10, idle=1/10, active=0, waiting=0)
19/12/2025 18:31:51.235 DEBUG com.zaxxer.hikari.pool.PoolBase - HikariPool-1 - Attempting to create/setup new connection (f98cda12-7818-4677-aa91-81dda3c5e1d8)
19/12/2025 18:31:51.239 DEBUG o.m.jdbc.message.server.OkPacket - Database change: is 'authenticationservice'
19/12/2025 18:31:51.239 DEBUG o.m.jdbc.client.impl.StandardClient - execute query: set sql_mode=CONCAT(@@sql_mode,',STRICT_TRANS_TABLES'),session_track_system_variables = CONCAT(@@global.session_track_system_variables,',transaction_isolation'),NAMES utf8mb4
19/12/2025 18:31:51.239 DEBUG o.m.jdbc.message.server.OkPacket - System variable change:  character_set_client = utf8mb4
19/12/2025 18:31:51.239 DEBUG o.m.jdbc.message.server.OkPacket - System variable change:  character_set_connection = utf8mb4
19/12/2025 18:31:51.241 DEBUG o.m.jdbc.message.server.OkPacket - System variable change:  character_set_results = utf8mb4
19/12/2025 18:31:51.241 DEBUG com.zaxxer.hikari.pool.PoolBase - HikariPool-1 - Established new connection (f98cda12-7818-4677-aa91-81dda3c5e1d8)
19/12/2025 18:31:51.241 DEBUG com.zaxxer.hikari.pool.HikariPool - HikariPool-1 - Added connection org.mariadb.jdbc.Connection@e64e006
19/12/2025 18:31:51.281 DEBUG com.zaxxer.hikari.pool.HikariPool - HikariPool-1 - After adding stats (total=2/10, idle=2/10, active=0, waiting=0)
19/12/2025 18:31:51.281 DEBUG com.zaxxer.hikari.pool.PoolBase - HikariPool-1 - Attempting to create/setup new connection (552a87e9-923b-4232-85a8-cfc9f7dd4e8c)
19/12/2025 18:31:51.284 DEBUG o.m.jdbc.message.server.OkPacket - Database change: is 'authenticationservice'
19/12/2025 18:31:51.284 DEBUG o.m.jdbc.client.impl.StandardClient - execute query: set sql_mode=CONCAT(@@sql_mode,',STRICT_TRANS_TABLES'),session_track_system_variables = CONCAT(@@global.session_track_system_variables,',transaction_isolation'),NAMES utf8mb4
19/12/2025 18:31:51.284 DEBUG o.m.jdbc.message.server.OkPacket - System variable change:  character_set_client = utf8mb4
19/12/2025 18:31:51.284 DEBUG o.m.jdbc.message.server.OkPacket - System variable change:  character_set_connection = utf8mb4
19/12/2025 18:31:51.284 DEBUG o.m.jdbc.message.server.OkPacket - System variable change:  character_set_results = utf8mb4
19/12/2025 18:31:51.284 DEBUG com.zaxxer.hikari.pool.PoolBase - HikariPool-1 - Established new connection (552a87e9-923b-4232-85a8-cfc9f7dd4e8c)
19/12/2025 18:31:51.284 DEBUG com.zaxxer.hikari.pool.HikariPool - HikariPool-1 - Added connection org.mariadb.jdbc.Connection@6e4b1f49
19/12/2025 18:31:51.328 DEBUG com.zaxxer.hikari.pool.HikariPool - HikariPool-1 - After adding stats (total=3/10, idle=3/10, active=0, waiting=0)
19/12/2025 18:31:51.328 DEBUG com.zaxxer.hikari.pool.PoolBase - HikariPool-1 - Attempting to create/setup new connection (e5df96e2-f513-4415-a0b0-e90e6a103498)
19/12/2025 18:31:51.330 DEBUG o.m.jdbc.message.server.OkPacket - Database change: is 'authenticationservice'
19/12/2025 18:31:51.330 DEBUG o.m.jdbc.client.impl.StandardClient - execute query: set sql_mode=CONCAT(@@sql_mode,',STRICT_TRANS_TABLES'),session_track_system_variables = CONCAT(@@global.session_track_system_variables,',transaction_isolation'),NAMES utf8mb4
19/12/2025 18:31:51.331 DEBUG o.m.jdbc.message.server.OkPacket - System variable change:  character_set_client = utf8mb4
19/12/2025 18:31:51.331 DEBUG o.m.jdbc.message.server.OkPacket - System variable change:  character_set_connection = utf8mb4
19/12/2025 18:31:51.331 DEBUG o.m.jdbc.message.server.OkPacket - System variable change:  character_set_results = utf8mb4
19/12/2025 18:31:51.331 DEBUG com.zaxxer.hikari.pool.PoolBase - HikariPool-1 - Established new connection (e5df96e2-f513-4415-a0b0-e90e6a103498)
19/12/2025 18:31:51.331 DEBUG com.zaxxer.hikari.pool.HikariPool - HikariPool-1 - Added connection org.mariadb.jdbc.Connection@6a0585a3
19/12/2025 18:31:51.347 DEBUG o.s.o.j.h.SpringBeanContainer - Falling back to Hibernate's default producer after bean creation failure for interface org.hibernate.context.spi.CurrentTenantIdentifierResolver: org.springframework.beans.factory.NoSuchBeanDefinitionException: No qualifying bean of type 'org.hibernate.context.spi.CurrentTenantIdentifierResolver<?>' available
19/12/2025 18:31:51.375 DEBUG com.zaxxer.hikari.pool.HikariPool - HikariPool-1 - After adding stats (total=4/10, idle=4/10, active=0, waiting=0)
19/12/2025 18:31:51.375 DEBUG com.zaxxer.hikari.pool.PoolBase - HikariPool-1 - Attempting to create/setup new connection (750a44e1-afdf-4f36-a136-8fa94f4d5b24)
19/12/2025 18:31:51.378 DEBUG o.m.jdbc.message.server.OkPacket - Database change: is 'authenticationservice'
19/12/2025 18:31:51.378 DEBUG o.m.jdbc.client.impl.StandardClient - execute query: set sql_mode=CONCAT(@@sql_mode,',STRICT_TRANS_TABLES'),session_track_system_variables = CONCAT(@@global.session_track_system_variables,',transaction_isolation'),NAMES utf8mb4
19/12/2025 18:31:51.378 DEBUG o.m.jdbc.message.server.OkPacket - System variable change:  character_set_client = utf8mb4
19/12/2025 18:31:51.378 DEBUG o.m.jdbc.message.server.OkPacket - System variable change:  character_set_connection = utf8mb4
19/12/2025 18:31:51.378 DEBUG o.m.jdbc.message.server.OkPacket - System variable change:  character_set_results = utf8mb4
19/12/2025 18:31:51.378 DEBUG com.zaxxer.hikari.pool.PoolBase - HikariPool-1 - Established new connection (750a44e1-afdf-4f36-a136-8fa94f4d5b24)
19/12/2025 18:31:51.378 DEBUG com.zaxxer.hikari.pool.HikariPool - HikariPool-1 - Added connection org.mariadb.jdbc.Connection@7e935b6e
19/12/2025 18:31:51.394 DEBUG o.h.internal.SessionFactoryImpl - HHH000030: Instantiating factory [c33c4397-4c3d-4868-9cff-7176cec3f99b] with settings: {java.specification.version=21, sun.cpu.isalist=amd64, hibernate.resource.beans.container=org.springframework.orm.jpa.hibernate.SpringBeanContainer@6068cda1, hibernate.connection.handling_mode=DELAYED_ACQUISITION_AND_HOLD, sun.jnu.encoding=Cp1252, hibernate.implicit_naming_strategy=org.hibernate.boot.model.naming.ImplicitNamingStrategyLegacyJpaImpl, java.class.path=C:\Users\termo\Desktop\workspace\TruckingConfiguration\Modules\NeptuneWebAutheticator\target\NeptuneWebAutheticator-0.0.1-SNAPSHOT.jar, java.vm.vendor=Oracle Corporation, sun.arch.data.model=64, user.variant=, java.vendor.url=https://java.oracle.com/, catalina.useNaming=false, user.timezone=Europe/Rome, jakarta.persistence.sharedCache.mode=UNSPECIFIED, org.jboss.logging.provider=slf4j, hibernate.jdbc.time_zone=UTC, java.vm.specification.version=21, os.name=Windows 11, APPLICATION_NAME=NeptuneWebAutheticator, jakarta.persistence.nonJtaDataSource=HikariDataSource (HikariPool-1), sun.java.launcher=SUN_STANDARD, user.country=IT, sun.boot.library.path=C:\Program Files\Java\jdk-21\bin, sun.java.command=C:\Users\termo\Desktop\workspace\TruckingConfiguration\Modules\NeptuneWebAutheticator\target\NeptuneWebAutheticator-0.0.1-SNAPSHOT.jar C:\Users\termo\Desktop\workspace\TruckingConfiguration\Modules\NeptuneWebAutheticator\src\main\java\com\NeptuneWebAutheticator\C:\Users\termo\Desktop\workspace\TruckingConfiguration\Modules\NeptuneWebAutheticator\src\main\resources\application.properties, javax.persistence.nonJtaDataSource=HikariDataSource (HikariPool-1), hibernate.transaction.jta.platform=org.hibernate.engine.transaction.jta.platform.internal.NoJtaPlatform@644e6a8e, jdk.debug=release, sun.cpu.endian=little, hibernate.cdi.extensions=true, user.home=C:\Users\termo, user.language=it, sun.stderr.encoding=windows-1252, java.specification.vendor=Oracle Corporation, java.version.date=2023-10-17, java.home=C:\Program Files\Java\jdk-21, file.separator=\, java.vm.compressedOopsMode=Zero based, sun.stdout.encoding=windows-1252, line.separator=
, hibernate.persistenceUnitName=default, java.vm.specification.vendor=Oracle Corporation, java.specification.name=Java Platform API Specification, FILE_LOG_CHARSET=UTF-8, hibernate.transaction.coordinator_class=class org.hibernate.resource.transaction.backend.jdbc.internal.JdbcResourceLocalTransactionCoordinatorBuilderImpl, java.awt.headless=true, jakarta.persistence.validation.mode=AUTO, hibernate.hbm2ddl.auto=update, user.script=, java.protocol.handler.pkgs=org.springframework.boot.loader.net.protocol, sun.management.compiler=HotSpot 64-Bit Tiered Compilers, java.runtime.version=21.0.1+12-LTS-29, user.name=termo, stdout.encoding=windows-1252, path.separator=;, os.version=10.0, java.runtime.name=Java(TM) SE Runtime Environment, file.encoding=windows-1252, java.vm.name=Java HotSpot(TM) 64-Bit Server VM, java.vendor.url.bug=https://bugreport.java.com/bugreport/, java.io.tmpdir=C:\Users\termo\AppData\Local\Temp\, catalina.home=C:\Users\termo\AppData\Local\Temp\tomcat.8080.1637241778458429810, java.version=21.0.1, hibernate.physical_naming_strategy=org.hibernate.boot.model.naming.PhysicalNamingStrategyStandardImpl, user.dir=C:\Users\termo\Desktop\workspace\TruckingConfiguration\Modules\NeptuneWebAutheticator, os.arch=amd64, java.vm.specification.name=Java Virtual Machine Specification, PID=17756, sun.os.patch.level=, CONSOLE_LOG_CHARSET=windows-1252, catalina.base=C:\Users\termo\AppData\Local\Temp\tomcat.8080.1637241778458429810, hibernate.boot.CfgXmlAccessService.key=org.hibernate.boot.registry.StandardServiceRegistryBuilder$1@2ccecae2, native.encoding=Cp1252, java.library.path=C:\Program Files\Java\jdk-21\bin;C:\WINDOWS\Sun\Java\bin;C:\WINDOWS\system32;C:\WINDOWS;C:\Program Files\apache-maven-3.9.9\bin;C:\Windows\System32;C:\Windows;C:\Windows\System32\wbem;C:\Windows\System32\WindowsPowerShell\v1.0\;C:\Windows\System32\OpenSSH\;C:\Program Files\PuTTY\;C:\Program Files\Git\cmd;C:\Program Files\TortoiseSVN\bin;C:\Program Files\Microsoft SQL Server\150\Tools\Binn\;C:\Users\termo\AppData\Roaming\nvm;C:\Program Files\nodejs;C:\xampp\php;C:\Program Files\WireGuard\;C:\Program Files (x86)\GnuPG\bin;C:\ProgramData\chocolatey\bin;C:\Program Files\Docker\Docker\resources\bin;C:\composer;C:\Program Files\PuTTY;C:\Program Files\dotnet\;C:\Program Files\Java\jdk-21\bin;C:\Windows\System32;C:\Program Files\MariaDB 11.4\bin;C:\Program Files\Microsoft Visual Studio\2022\Community\VC\Tools\MSVC\14.42.34433\bin\Hostx64\x64;C:\Python27;C:\Users\termo\flutter\bin;C:\Program Files (x86)\Windows Kits\10\Windows Performance Toolkit\;C:\Users\termo\AppData\Local\Programs\Python\Python313\Scripts\;C:\Users\termo\AppData\Local\Programs\Python\Python313\;C:\Users\termo\AppData\Local\Microsoft\WindowsApps;C:\Program Files\JetBrains\IntelliJ IDEA 2023.3.2\bin;;C:\Program Files\JetBrains\IntelliJ IDEA Community Edition 2023.3.2\bin;;C:\Users\termo\.dotnet\tools;C:\Users\termo\AppData\Roaming\npm;C:\Users\termo\AppData\Roaming\nvm;C:\Program Files\nodejs;C:\Users\termo\AppData\Local\GitHubDesktop\bin;C:\Users\termo\.jdks\temurin-1.8.0_392\bin;C:\Program Files\Java\jdk-21;C:\Program Files\apache-maven-3.9.9\bin;C:\Users\termo\AppData\Roaming\Composer\vendor\bin;C:\Users\termo\AppData\Local\Programs\Microsoft VS Code\bin;., stderr.encoding=windows-1252, java.vendor=Oracle Corporation, java.vm.info=mixed mode, sharing, java.vm.version=21.0.1+12-LTS-29, sun.io.unicode.encoding=UnicodeLittle, hibernate.archive.scanner=org.hibernate.boot.archive.scan.internal.DisabledScanner, hibernate.connection.datasource=HikariDataSource (HikariPool-1), java.class.version=65.0, LOGGED_APPLICATION_NAME=[NeptuneWebAutheticator] }
19/12/2025 18:31:51.422 DEBUG com.zaxxer.hikari.pool.HikariPool - HikariPool-1 - After adding stats (total=5/10, idle=5/10, active=0, waiting=0)
19/12/2025 18:31:51.422 DEBUG com.zaxxer.hikari.pool.PoolBase - HikariPool-1 - Attempting to create/setup new connection (33c7579a-b7d7-4e05-a9a3-795f6bba4eba)
19/12/2025 18:31:51.425 DEBUG o.m.jdbc.message.server.OkPacket - Database change: is 'authenticationservice'
19/12/2025 18:31:51.425 DEBUG o.m.jdbc.client.impl.StandardClient - execute query: set sql_mode=CONCAT(@@sql_mode,',STRICT_TRANS_TABLES'),session_track_system_variables = CONCAT(@@global.session_track_system_variables,',transaction_isolation'),NAMES utf8mb4
19/12/2025 18:31:51.425 DEBUG o.m.jdbc.message.server.OkPacket - System variable change:  character_set_client = utf8mb4
19/12/2025 18:31:51.425 DEBUG o.m.jdbc.message.server.OkPacket - System variable change:  character_set_connection = utf8mb4
19/12/2025 18:31:51.425 DEBUG o.m.jdbc.message.server.OkPacket - System variable change:  character_set_results = utf8mb4
19/12/2025 18:31:51.425 DEBUG com.zaxxer.hikari.pool.PoolBase - HikariPool-1 - Established new connection (33c7579a-b7d7-4e05-a9a3-795f6bba4eba)
19/12/2025 18:31:51.425 DEBUG com.zaxxer.hikari.pool.HikariPool - HikariPool-1 - Added connection org.mariadb.jdbc.Connection@b9f431d
19/12/2025 18:31:51.465 DEBUG org.hibernate.HQL_FUNCTIONS - Available HQL Functions:
	abs(NUMERIC arg)
	Double acos(NUMERIC arg)
	adddate(DATE datetime, INTEGER days)
	addtime(TIME datetime, TIME time)
	Boolean any(BOOLEAN arg)
	Integer ascii(STRING arg)
	Double asin(NUMERIC arg)
	Double atan(NUMERIC arg)
	Double atan2(NUMERIC arg0, NUMERIC arg1)
	avg(arg)
	bit_and(arg)
	Integer bit_length(STRING_OR_CLOB arg)
	bit_or(arg)
	bitand(arg0, arg1)
	bitnot(arg)
	bitor(arg0, arg1)
	bitxor(arg0, arg1)
	cast(arg as Type)
	ceiling(NUMERIC arg)
	Character char(INTEGER arg)
	Integer character_length(STRING_OR_CLOB arg)
	Character chr(INTEGER arg)
	coalesce(arg0[, arg1[, ...]])
	String collate(STRING string as COLLATION collation)
	String concat(STRING string0[, STRING string1[, ...]])
	Double cos(NUMERIC arg)
	Double cosh(NUMERIC arg)
	Double cot(NUMERIC arg)
	Long count([distinct ]{arg|*})
	Integer crc32(arg)
	Double cume_dist([arg0[, ...]])
	Date curdate()
	Date current date
	Time current time
	Timestamp current timestamp
	Date current_date
	Instant current_instant
	Time current_time
	Timestamp current_timestamp
	Time curtime()
	Date date(arg)
	dateadd(TEMPORAL_UNIT field, INTEGER magnitude, TEMPORAL datetime)
	Integer datediff(DATE end, DATE start)
	Integer day(DATE arg)
	String dayname(DATE arg)
	Integer dayofmonth(DATE arg)
	Integer dayofweek(DATE arg)
	Integer dayofyear(DATE arg)
	Double degrees(NUMERIC arg)
	Long dense_rank([arg0[, ...]])
	Boolean every(BOOLEAN arg)
	Double exp(NUMERIC arg)
	extract(TEMPORAL_UNIT field from TEMPORAL arg)
	first_valueANY value
	floor(NUMERIC arg)
	String format(TEMPORAL datetime as STRING pattern)
	greatest(COMPARABLE arg0, COMPARABLE arg1[, arg2[, ...]])
	String hex(arg)
	Integer hour(TIME arg)
	ifnull(arg0, arg1)
	String insert(STRING string, INTEGER start, INTEGER length, STRING replacement)
	Instant instant
	Integer instr(STRING string, STRING pattern[, INTEGER start[, INTEGER occurrence]])
	String json_array([arg0[, ...]])
	String json_array_append(IMPLICIT_JSON arg0, STRING arg1, ANY arg2)
	String json_array_insert(IMPLICIT_JSON arg0, STRING arg1, ANY arg2)
	String json_arrayagg(arg0[, arg1])
	Boolean json_exists(IMPLICIT_JSON arg0, STRING arg1)
	String json_insert(IMPLICIT_JSON arg0, STRING arg1, ANY arg2)
	String json_mergepatch(IMPLICIT_JSON arg0, IMPLICIT_JSON arg1[, arg2[, ...]])
	String json_object( ... )
	String json_objectagg(arg0, arg1[, arg2, arg3])
	String json_query( ... )
	String json_remove(IMPLICIT_JSON arg0, STRING arg1)
	String json_replace(IMPLICIT_JSON arg0, STRING arg1, ANY arg2)
	String json_set(IMPLICIT_JSON arg0, STRING arg1, ANY arg2)
	Boolean json_valid([arg0[, ...]])
	json_value( ... )
	lagANY value[, INTEGER offset[, ANY default]]
	Date last_day(DATE arg)
	last_valueANY value
	leadANY value[, INTEGER offset[, ANY default]]
	least(COMPARABLE arg0, COMPARABLE arg1[, arg2[, ...]])
	String left(STRING string, INTEGER length)
	Integer length(STRING_OR_CLOB arg)
	String listagg(STRING arg0, STRING arg1)
	Double ln(NUMERIC arg)
	LocalDate local date
	LocalDateTime local datetime
	LocalTime local time
	LocalDate local_date
	LocalDateTime local_datetime
	LocalTime local_time
	Time localtime
	Timestamp localtimestamp
	Integer locate(STRING pattern, STRING string[, INTEGER start])
	Double log(NUMERIC arg0[, NUMERIC arg1])
	Double log10(NUMERIC arg)
	Double log2(NUMERIC arg)
	String lower(STRING string)
	String lpad(string, length[, padding])
	String ltrim(STRING string[, STRING characters])
	Date makedate(INTEGER year, INTEGER dayofyear)
	Time maketime(INTEGER hour, INTEGER min, INTEGER sec)
	max(COMPARABLE arg)
	byte[] md5(arg)
	Double median(NUMERIC arg)
	Integer microsecond(TIME arg)
	min(COMPARABLE arg)
	Integer minute(TIME arg)
	Integer mod(INTEGER arg0, INTEGER arg1)
	Integer month(DATE arg)
	String monthname(DATE arg)
	Timestamp now()
	nth_valueANY value, INTEGER nth
	nullif(arg0, arg1)
	Integer octet_length(STRING_OR_CLOB arg)
	OffsetDateTime offset datetime
	OffsetDateTime offset_datetime
	Integer ordinal(ENUM arg)
	String overlay(STRING string placing STRING replacement from INTEGER start[ for INTEGER length])
	String pad(STRING string with INTEGER length {leading|trailing}[ STRING character])
	Double percent_rank([arg0[, ...]])
	percentile_cont(NUMERIC arg)
	percentile_disc(NUMERIC arg)
	Double pi
	Integer position(STRING pattern in STRING string)
	Double power(NUMERIC arg0, NUMERIC arg1)
	Integer quarter(DATE arg)
	Double radians(NUMERIC arg)
	Double rand([INTEGER seed])
	Long rank([arg0[, ...]])
	String repeat(STRING string, INTEGER times)
	String replace(STRING string, STRING pattern, STRING replacement)
	String reverse(STRING arg)
	String right(STRING string, INTEGER length)
	round(NUMERIC number[, INTEGER places])
	Long row_number()
	String rpad(string, length[, padding])
	String rtrim(STRING string[, STRING characters])
	Integer second(TIME arg)
	byte[] sha(arg)
	String sha1(arg)
	String sha2(arg0, arg1)
	Integer sign(NUMERIC arg)
	Double sin(NUMERIC arg)
	Double sinh(NUMERIC arg)
	String soundex(arg)
	String space(INTEGER arg)
	sql
	Double sqrt(NUMERIC arg)
	Double stddev(NUMERIC arg)
	Double stddev_pop(NUMERIC arg)
	Double stddev_samp(NUMERIC arg)
	String str(arg)
	String string(ENUM arg)
	subdate(DATE datetime, INTEGER days)
	String substr(STRING string, INTEGER start[, INTEGER length])
	String substring(STRING string{ from|,} INTEGER start[{ for|,} INTEGER length])
	subtime(TIME datetime, TIME time)
	sum(arg)
	Timestamp sysdate()
	Double tan(NUMERIC arg)
	Double tanh(NUMERIC arg)
	String time(arg)
	Timestamp timestamp(arg0[, arg1])
	timestampadd(TEMPORAL_UNIT field, INTEGER magnitude, TEMPORAL datetime)
	Long|Double timestampdiff(TEMPORAL_UNIT field, TEMPORAL start, TEMPORAL end)
	String trim([[{leading|trailing|both} ][STRING arg0 ]from] STRING arg1)
	trunc( ... )
	truncate( ... )
	String upper(STRING string)
	Date utc_date
	Time utc_time
	Timestamp utc_timestamp
	Double var_pop(NUMERIC arg)
	Double var_samp(NUMERIC arg)
	Double variance(NUMERIC arg)
	Integer week(DATE arg)
	Integer year(DATE arg)

19/12/2025 18:31:51.469 DEBUG com.zaxxer.hikari.pool.HikariPool - HikariPool-1 - After adding stats (total=6/10, idle=6/10, active=0, waiting=0)
19/12/2025 18:31:51.469 DEBUG com.zaxxer.hikari.pool.PoolBase - HikariPool-1 - Attempting to create/setup new connection (1bbab70c-e9e1-479b-b188-63c6631e3b30)
19/12/2025 18:31:51.471 DEBUG o.m.jdbc.message.server.OkPacket - Database change: is 'authenticationservice'
19/12/2025 18:31:51.471 DEBUG o.m.jdbc.client.impl.StandardClient - execute query: set sql_mode=CONCAT(@@sql_mode,',STRICT_TRANS_TABLES'),session_track_system_variables = CONCAT(@@global.session_track_system_variables,',transaction_isolation'),NAMES utf8mb4
19/12/2025 18:31:51.471 DEBUG o.m.jdbc.message.server.OkPacket - System variable change:  character_set_client = utf8mb4
19/12/2025 18:31:51.471 DEBUG o.m.jdbc.message.server.OkPacket - System variable change:  character_set_connection = utf8mb4
19/12/2025 18:31:51.471 DEBUG o.m.jdbc.message.server.OkPacket - System variable change:  character_set_results = utf8mb4
19/12/2025 18:31:51.472 DEBUG com.zaxxer.hikari.pool.PoolBase - HikariPool-1 - Established new connection (1bbab70c-e9e1-479b-b188-63c6631e3b30)
19/12/2025 18:31:51.472 DEBUG com.zaxxer.hikari.pool.HikariPool - HikariPool-1 - Added connection org.mariadb.jdbc.Connection@2a240461
19/12/2025 18:31:51.514 DEBUG com.zaxxer.hikari.pool.HikariPool - HikariPool-1 - After adding stats (total=7/10, idle=7/10, active=0, waiting=0)
19/12/2025 18:31:51.514 DEBUG com.zaxxer.hikari.pool.PoolBase - HikariPool-1 - Attempting to create/setup new connection (69b42754-8aff-4bc7-8a25-db3e229588f4)
19/12/2025 18:31:51.517 DEBUG o.m.jdbc.message.server.OkPacket - Database change: is 'authenticationservice'
19/12/2025 18:31:51.517 DEBUG o.m.jdbc.client.impl.StandardClient - execute query: set sql_mode=CONCAT(@@sql_mode,',STRICT_TRANS_TABLES'),session_track_system_variables = CONCAT(@@global.session_track_system_variables,',transaction_isolation'),NAMES utf8mb4
19/12/2025 18:31:51.517 DEBUG o.m.jdbc.message.server.OkPacket - System variable change:  character_set_client = utf8mb4
19/12/2025 18:31:51.517 DEBUG o.m.jdbc.message.server.OkPacket - System variable change:  character_set_connection = utf8mb4
19/12/2025 18:31:51.517 DEBUG o.m.jdbc.message.server.OkPacket - System variable change:  character_set_results = utf8mb4
19/12/2025 18:31:51.517 DEBUG com.zaxxer.hikari.pool.PoolBase - HikariPool-1 - Established new connection (69b42754-8aff-4bc7-8a25-db3e229588f4)
19/12/2025 18:31:51.518 DEBUG com.zaxxer.hikari.pool.HikariPool - HikariPool-1 - Added connection org.mariadb.jdbc.Connection@6d57c4fe
19/12/2025 18:31:51.561 DEBUG com.zaxxer.hikari.pool.HikariPool - HikariPool-1 - After adding stats (total=8/10, idle=8/10, active=0, waiting=0)
19/12/2025 18:31:51.561 DEBUG com.zaxxer.hikari.pool.PoolBase - HikariPool-1 - Attempting to create/setup new connection (7c4ac338-410d-4fcf-964b-464a8dd3876e)
19/12/2025 18:31:51.563 DEBUG o.m.jdbc.message.server.OkPacket - Database change: is 'authenticationservice'
19/12/2025 18:31:51.563 DEBUG o.m.jdbc.client.impl.StandardClient - execute query: set sql_mode=CONCAT(@@sql_mode,',STRICT_TRANS_TABLES'),session_track_system_variables = CONCAT(@@global.session_track_system_variables,',transaction_isolation'),NAMES utf8mb4
19/12/2025 18:31:51.564 DEBUG o.m.jdbc.message.server.OkPacket - System variable change:  character_set_client = utf8mb4
19/12/2025 18:31:51.564 DEBUG o.m.jdbc.message.server.OkPacket - System variable change:  character_set_connection = utf8mb4
19/12/2025 18:31:51.564 DEBUG o.m.jdbc.message.server.OkPacket - System variable change:  character_set_results = utf8mb4
19/12/2025 18:31:51.564 DEBUG com.zaxxer.hikari.pool.PoolBase - HikariPool-1 - Established new connection (7c4ac338-410d-4fcf-964b-464a8dd3876e)
19/12/2025 18:31:51.564 DEBUG com.zaxxer.hikari.pool.HikariPool - HikariPool-1 - Added connection org.mariadb.jdbc.Connection@1c2d84e7
19/12/2025 18:31:51.611 DEBUG com.zaxxer.hikari.pool.HikariPool - HikariPool-1 - After adding stats (total=9/10, idle=9/10, active=0, waiting=0)
19/12/2025 18:31:51.611 DEBUG com.zaxxer.hikari.pool.PoolBase - HikariPool-1 - Attempting to create/setup new connection (705caf9d-9721-41bb-a68f-acd366b46238)
19/12/2025 18:31:51.614 DEBUG o.m.jdbc.message.server.OkPacket - Database change: is 'authenticationservice'
19/12/2025 18:31:51.614 DEBUG o.m.jdbc.client.impl.StandardClient - execute query: set sql_mode=CONCAT(@@sql_mode,',STRICT_TRANS_TABLES'),session_track_system_variables = CONCAT(@@global.session_track_system_variables,',transaction_isolation'),NAMES utf8mb4
19/12/2025 18:31:51.614 DEBUG o.m.jdbc.message.server.OkPacket - System variable change:  character_set_client = utf8mb4
19/12/2025 18:31:51.615 DEBUG o.m.jdbc.message.server.OkPacket - System variable change:  character_set_connection = utf8mb4
19/12/2025 18:31:51.615 DEBUG o.m.jdbc.message.server.OkPacket - System variable change:  character_set_results = utf8mb4
19/12/2025 18:31:51.615 DEBUG com.zaxxer.hikari.pool.PoolBase - HikariPool-1 - Established new connection (705caf9d-9721-41bb-a68f-acd366b46238)
19/12/2025 18:31:51.615 DEBUG com.zaxxer.hikari.pool.HikariPool - HikariPool-1 - Added connection org.mariadb.jdbc.Connection@6b26c1a3
19/12/2025 18:31:51.657 DEBUG com.zaxxer.hikari.pool.HikariPool - HikariPool-1 - After adding stats (total=10/10, idle=10/10, active=0, waiting=0)
19/12/2025 18:31:51.731 DEBUG o.h.b.i.b.BytecodeProviderImpl - HHH000513: Unable to create the ReflectionOptimizer for [com.NeptuneWebAutheticator.Entity.Tenant]: private accessor [password]
19/12/2025 18:31:51.754 DEBUG o.h.b.i.b.BytecodeProviderImpl - HHH000513: Unable to create the ReflectionOptimizer for [com.NeptuneWebAutheticator.Entity.Machine]: private accessor [ipAddress]
19/12/2025 18:31:51.767 DEBUG o.h.b.i.b.BytecodeProviderImpl - HHH000513: Unable to create the ReflectionOptimizer for [com.NeptuneWebAutheticator.Entity.Token]: private accessor [expirationDate]
19/12/2025 18:31:51.934 INFO  o.h.e.t.j.p.i.JtaPlatformInitiator - HHH000489: No JTA platform available (set 'hibernate.transaction.jta.platform' to enable JTA platform integration)
19/12/2025 18:31:51.938 DEBUG o.h.s.i.SessionFactoryServiceRegistryImpl - EventListenerRegistry access via ServiceRegistry is deprecated - use 'sessionFactory.getEventEngine().getListenerRegistry()' instead
19/12/2025 18:31:51.956 DEBUG o.m.jdbc.client.impl.StandardClient - execute query: select table_name from information_schema.TABLES where table_schema=database() and table_type='SEQUENCE'
19/12/2025 18:31:51.971 DEBUG o.m.jdbc.client.impl.StandardClient - execute query: SELECT TABLE_SCHEMA TABLE_CAT, NULL TABLE_SCHEM, TABLE_NAME,   IF(TABLE_SCHEMA IN ('mysql', 'performance_schema', 'sys'), IF(TABLE_TYPE='BASE TABLE', 'SYSTEM TABLE', IF(TABLE_TYPE='VIEW', 'SYSTEM VIEW', TABLE_TYPE)), IF(TABLE_TYPE='BASE TABLE' or TABLE_TYPE='SYSTEM VERSIONED', 'TABLE', IF(TABLE_TYPE='TEMPORARY', 'LOCAL TEMPORARY', TABLE_TYPE))) as TABLE_TYPE,  TABLE_COMMENT REMARKS, NULL TYPE_CAT, NULL TYPE_SCHEM, NULL TYPE_NAME, NULL SELF_REFERENCING_COL_NAME,  NULL REF_GENERATION FROM INFORMATION_SCHEMA.TABLES WHERE TABLE_SCHEMA='authenticationservice' AND  TABLE_TYPE IN ('BASE TABLE','SYSTEM VERSIONED','VIEW') ORDER BY TABLE_TYPE,TABLE_CAT,TABLE_SCHEMA,TABLE_NAME
19/12/2025 18:31:51.973 DEBUG o.m.jdbc.client.impl.StandardClient - execute query: SELECT TABLE_SCHEMA TABLE_CAT, NULL TABLE_SCHEM, TABLE_NAME, COLUMN_NAME, CASE data_type WHEN 'bit' THEN -7 WHEN 'tinyblob' THEN -3 WHEN 'mediumblob' THEN -4 WHEN 'longblob' THEN -4 WHEN 'blob' THEN -4 WHEN 'tinytext' THEN 12 WHEN 'mediumtext' THEN -1 WHEN 'longtext' THEN -1 WHEN 'text' THEN -1 WHEN 'date' THEN 91 WHEN 'datetime' THEN 93 WHEN 'decimal' THEN 3 WHEN 'double' THEN 8 WHEN 'enum' THEN 12 WHEN 'float' THEN 7 WHEN 'int' THEN IF( COLUMN_TYPE like '%unsigned%', 4,4) WHEN 'bigint' THEN -5 WHEN 'mediumint' THEN 4 WHEN 'null' THEN 0 WHEN 'set' THEN 12 WHEN 'smallint' THEN IF( COLUMN_TYPE like '%unsigned%', 5,5) WHEN 'varchar' THEN 12 WHEN 'varbinary' THEN -3 WHEN 'char' THEN 1 WHEN 'binary' THEN -2 WHEN 'time' THEN 92 WHEN 'timestamp' THEN 93 WHEN 'tinyint' THEN IF(COLUMN_TYPE like 'tinyint(1)%',16,-6)  WHEN 'year' THEN 91 ELSE 1111 END  DATA_TYPE, IF(COLUMN_TYPE like 'tinyint(1)%', 'BOOLEAN',  UCASE(IF( COLUMN_TYPE LIKE '%(%)%', CONCAT(SUBSTRING( COLUMN_TYPE,1, LOCATE('(',COLUMN_TYPE) - 1 ), SUBSTRING(COLUMN_TYPE ,1+locate(')', COLUMN_TYPE))), COLUMN_TYPE))) TYPE_NAME, CASE DATA_TYPE WHEN 'date' THEN 10  WHEN 'time' THEN IF(DATETIME_PRECISION = 0, 10, CAST(11 + DATETIME_PRECISION as signed integer))  WHEN 'datetime' THEN IF(DATETIME_PRECISION = 0, 19, CAST(20 + DATETIME_PRECISION as signed integer))  WHEN 'timestamp' THEN IF(DATETIME_PRECISION = 0, 19, CAST(20 + DATETIME_PRECISION as signed integer))  ELSE   IF(NUMERIC_PRECISION IS NULL, LEAST(CHARACTER_MAXIMUM_LENGTH,2147483647), NUMERIC_PRECISION)  END COLUMN_SIZE, 65535 BUFFER_LENGTH,  CONVERT (CASE DATA_TYPE WHEN 'year' THEN NUMERIC_SCALE WHEN 'tinyint' THEN 0 ELSE NUMERIC_SCALE END, UNSIGNED INTEGER) DECIMAL_DIGITS, 10 NUM_PREC_RADIX, IF(IS_NULLABLE = 'yes',1,0) NULLABLE,COLUMN_COMMENT REMARKS, COLUMN_DEFAULT COLUMN_DEF, 0 SQL_DATA_TYPE, 0 SQL_DATETIME_SUB,   LEAST(CHARACTER_OCTET_LENGTH,2147483647) CHAR_OCTET_LENGTH, ORDINAL_POSITION, IS_NULLABLE, NULL SCOPE_CATALOG, NULL SCOPE_SCHEMA, NULL SCOPE_TABLE, NULL SOURCE_DATA_TYPE, IF(EXTRA = 'auto_increment','YES','NO') IS_AUTOINCREMENT,  IF(EXTRA in ('VIRTUAL', 'PERSISTENT', 'VIRTUAL GENERATED', 'STORED GENERATED') ,'YES','NO') IS_GENERATEDCOLUMN  FROM INFORMATION_SCHEMA.COLUMNS WHERE TABLE_SCHEMA='authenticationservice' ORDER BY TABLE_CAT, TABLE_SCHEM, TABLE_NAME, ORDINAL_POSITION
19/12/2025 18:31:51.997 DEBUG org.hibernate.mapping.Table - No alter strings for table : Machines
19/12/2025 18:31:51.997 DEBUG org.hibernate.mapping.Table - No alter strings for table : Tenants
19/12/2025 18:31:51.997 DEBUG org.hibernate.mapping.Table - No alter strings for table : Token
19/12/2025 18:31:51.998 DEBUG o.m.jdbc.client.impl.StandardClient - execute query: SHOW CREATE TABLE `authenticationservice`.`machines`
19/12/2025 18:31:52.002 DEBUG o.m.jdbc.client.impl.StandardClient - execute query: SHOW CREATE TABLE `authenticationservice`.`tenants`
19/12/2025 18:31:52.004 DEBUG o.m.jdbc.client.impl.StandardClient - execute query: SELECT TABLE_SCHEMA TABLE_CAT, NULL TABLE_SCHEM, TABLE_NAME,   IF(TABLE_SCHEMA IN ('mysql', 'performance_schema', 'sys'), IF(TABLE_TYPE='BASE TABLE', 'SYSTEM TABLE', IF(TABLE_TYPE='VIEW', 'SYSTEM VIEW', TABLE_TYPE)), IF(TABLE_TYPE='BASE TABLE' or TABLE_TYPE='SYSTEM VERSIONED', 'TABLE', IF(TABLE_TYPE='TEMPORARY', 'LOCAL TEMPORARY', TABLE_TYPE))) as TABLE_TYPE,  TABLE_COMMENT REMARKS, NULL TYPE_CAT, NULL TYPE_SCHEM, NULL TYPE_NAME, NULL SELF_REFERENCING_COL_NAME,  NULL REF_GENERATION FROM INFORMATION_SCHEMA.TABLES WHERE TABLE_SCHEMA='authenticationservice' AND TABLE_NAME='tenants' AND  TABLE_TYPE IN ('BASE TABLE','SYSTEM VERSIONED','VIEW') ORDER BY TABLE_TYPE,TABLE_CAT,TABLE_SCHEMA,TABLE_NAME
19/12/2025 18:31:52.007 DEBUG o.m.jdbc.client.impl.StandardClient - execute query: select * from `authenticationservice`.`tenants` where 1=0
19/12/2025 18:31:52.011 DEBUG org.hibernate.orm.factoryRegistry - HHH020384: Registering SessionFactory: c33c4397-4c3d-4868-9cff-7176cec3f99b (default)
19/12/2025 18:31:52.011 INFO  o.s.o.j.LocalContainerEntityManagerFactoryBean - Initialized JPA EntityManagerFactory for persistence unit 'default'
19/12/2025 18:31:52.027 DEBUG o.s.b.f.s.DefaultListableBeanFactory - Creating shared instance of singleton bean 'neptuneWebAutheticatorApplication'
19/12/2025 18:31:52.028 DEBUG o.s.b.f.s.DefaultListableBeanFactory - Creating shared instance of singleton bean 'securityConfig'
19/12/2025 18:31:52.029 DEBUG o.s.b.f.s.DefaultListableBeanFactory - Creating shared instance of singleton bean 'authenticationController'
19/12/2025 18:31:52.033 DEBUG o.s.b.f.s.DefaultListableBeanFactory - Creating shared instance of singleton bean 'authenticationServiceImpl'
19/12/2025 18:31:52.034 DEBUG o.s.b.f.s.DefaultListableBeanFactory - Creating shared instance of singleton bean 'tenantRepository'
19/12/2025 18:31:52.039 DEBUG o.s.b.f.s.DefaultListableBeanFactory - Creating shared instance of singleton bean 'jpa.named-queries#0'
19/12/2025 18:31:52.040 DEBUG o.s.b.f.s.DefaultListableBeanFactory - Creating shared instance of singleton bean 'jpa.TenantRepository.fragments#0'
19/12/2025 18:31:52.043 DEBUG o.s.b.f.s.DefaultListableBeanFactory - Creating shared instance of singleton bean 'jpaSharedEM_entityManagerFactory'
19/12/2025 18:31:52.050 DEBUG o.s.b.f.s.DefaultListableBeanFactory - Creating shared instance of singleton bean 'jpaMappingContext'
19/12/2025 18:31:52.051 DEBUG o.s.d.j.r.c.JpaMetamodelMappingContextFactoryBean - Initializing JpaMetamodelMappingContext…
19/12/2025 18:31:52.063 DEBUG o.s.d.j.r.c.JpaMetamodelMappingContextFactoryBean - Finished initializing JpaMetamodelMappingContext
19/12/2025 18:31:52.080 INFO  o.s.d.j.r.q.QueryEnhancerFactories - Hibernate is in classpath; If applicable, HQL parser will be used.
19/12/2025 18:31:52.121 DEBUG o.s.d.r.c.s.RepositoryFactorySupport - Initializing repository instance for com.NeptuneWebAutheticator.Repository.TenantRepository…
19/12/2025 18:31:52.206 DEBUG org.hibernate.session.metrics - HHH000401: Logging session metrics:
	0 ns acquiring 0 JDBC connections
	0 ns releasing 0 JDBC connections
	0 ns preparing 0 JDBC statements
	0 ns executing 0 JDBC statements
	0 ns executing 0 JDBC batches
	0 ns performing 0 second-level cache puts
	0 ns performing 0 second-level cache hits
	0 ns performing 0 second-level cache misses
	0 ns executing 0 flushes (flushing a total of 0 entities and 0 collections)
	0 ns executing 0 pre-partial-flushes
	0 ns executing 0 partial-flushes (flushing a total of 0 entities and 0 collections)

19/12/2025 18:31:52.206 DEBUG o.s.d.j.repository.query.NamedQuery - Did not find named query Tenant.findByUsernameAndPassword.count
19/12/2025 18:31:52.687 DEBUG org.hibernate.session.metrics - HHH000401: Logging session metrics:
	0 ns acquiring 0 JDBC connections
	0 ns releasing 0 JDBC connections
	0 ns preparing 0 JDBC statements
	0 ns executing 0 JDBC statements
	0 ns executing 0 JDBC batches
	0 ns performing 0 second-level cache puts
	0 ns performing 0 second-level cache hits
	0 ns performing 0 second-level cache misses
	0 ns executing 0 flushes (flushing a total of 0 entities and 0 collections)
	0 ns executing 0 pre-partial-flushes
	0 ns executing 0 partial-flushes (flushing a total of 0 entities and 0 collections)

19/12/2025 18:31:52.690 DEBUG o.s.d.r.c.s.RepositoryFactorySupport - Finished creation of repository instance for com.NeptuneWebAutheticator.Repository.TenantRepository.
19/12/2025 18:31:52.693 DEBUG o.s.b.f.s.DefaultListableBeanFactory - Creating shared instance of singleton bean 'tokenRepository'
19/12/2025 18:31:52.694 DEBUG o.s.b.f.s.DefaultListableBeanFactory - Creating shared instance of singleton bean 'jpa.named-queries#2'
19/12/2025 18:31:52.695 DEBUG o.s.b.f.s.DefaultListableBeanFactory - Creating shared instance of singleton bean 'jpa.TokenRepository.fragments#0'
19/12/2025 18:31:52.698 DEBUG o.s.d.r.c.s.RepositoryFactorySupport - Initializing repository instance for com.NeptuneWebAutheticator.Repository.TokenRepository…
19/12/2025 18:31:52.699 DEBUG org.hibernate.session.metrics - HHH000401: Logging session metrics:
	0 ns acquiring 0 JDBC connections
	0 ns releasing 0 JDBC connections
	0 ns preparing 0 JDBC statements
	0 ns executing 0 JDBC statements
	0 ns executing 0 JDBC batches
	0 ns performing 0 second-level cache puts
	0 ns performing 0 second-level cache hits
	0 ns performing 0 second-level cache misses
	0 ns executing 0 flushes (flushing a total of 0 entities and 0 collections)
	0 ns executing 0 pre-partial-flushes
	0 ns executing 0 partial-flushes (flushing a total of 0 entities and 0 collections)

19/12/2025 18:31:52.699 DEBUG o.s.d.j.repository.query.NamedQuery - Did not find named query Token.findByToken.count
19/12/2025 18:31:52.701 DEBUG org.hibernate.session.metrics - HHH000401: Logging session metrics:
	0 ns acquiring 0 JDBC connections
	0 ns releasing 0 JDBC connections
	0 ns preparing 0 JDBC statements
	0 ns executing 0 JDBC statements
	0 ns executing 0 JDBC batches
	0 ns performing 0 second-level cache puts
	0 ns performing 0 second-level cache hits
	0 ns performing 0 second-level cache misses
	0 ns executing 0 flushes (flushing a total of 0 entities and 0 collections)
	0 ns executing 0 pre-partial-flushes
	0 ns executing 0 partial-flushes (flushing a total of 0 entities and 0 collections)

19/12/2025 18:31:52.702 DEBUG org.hibernate.session.metrics - HHH000401: Logging session metrics:
	0 ns acquiring 0 JDBC connections
	0 ns releasing 0 JDBC connections
	0 ns preparing 0 JDBC statements
	0 ns executing 0 JDBC statements
	0 ns executing 0 JDBC batches
	0 ns performing 0 second-level cache puts
	0 ns performing 0 second-level cache hits
	0 ns performing 0 second-level cache misses
	0 ns executing 0 flushes (flushing a total of 0 entities and 0 collections)
	0 ns executing 0 pre-partial-flushes
	0 ns executing 0 partial-flushes (flushing a total of 0 entities and 0 collections)

19/12/2025 18:31:52.702 DEBUG o.s.d.j.repository.query.NamedQuery - Did not find named query Token.findByTenantId.count
19/12/2025 18:31:52.703 DEBUG org.hibernate.session.metrics - HHH000401: Logging session metrics:
	0 ns acquiring 0 JDBC connections
	0 ns releasing 0 JDBC connections
	0 ns preparing 0 JDBC statements
	0 ns executing 0 JDBC statements
	0 ns executing 0 JDBC batches
	0 ns performing 0 second-level cache puts
	0 ns performing 0 second-level cache hits
	0 ns performing 0 second-level cache misses
	0 ns executing 0 flushes (flushing a total of 0 entities and 0 collections)
	0 ns executing 0 pre-partial-flushes
	0 ns executing 0 partial-flushes (flushing a total of 0 entities and 0 collections)

19/12/2025 18:31:52.705 DEBUG o.s.d.r.c.s.RepositoryFactorySupport - Finished creation of repository instance for com.NeptuneWebAutheticator.Repository.TokenRepository.
19/12/2025 18:31:52.707 DEBUG o.s.b.f.s.DefaultListableBeanFactory - Creating shared instance of singleton bean 'machineController'
19/12/2025 18:31:52.709 DEBUG o.s.b.f.s.DefaultListableBeanFactory - Creating shared instance of singleton bean 'machineServiceImpl'
19/12/2025 18:31:52.710 DEBUG o.s.b.f.s.DefaultListableBeanFactory - Creating shared instance of singleton bean 'machineRepository'
19/12/2025 18:31:52.711 DEBUG o.s.b.f.s.DefaultListableBeanFactory - Creating shared instance of singleton bean 'jpa.named-queries#1'
19/12/2025 18:31:52.712 DEBUG o.s.b.f.s.DefaultListableBeanFactory - Creating shared instance of singleton bean 'jpa.MachineRepository.fragments#0'
19/12/2025 18:31:52.717 DEBUG o.s.d.r.c.s.RepositoryFactorySupport - Initializing repository instance for com.NeptuneWebAutheticator.Repository.MachineRepository…
19/12/2025 18:31:52.718 DEBUG org.hibernate.session.metrics - HHH000401: Logging session metrics:
	0 ns acquiring 0 JDBC connections
	0 ns releasing 0 JDBC connections
	0 ns preparing 0 JDBC statements
	0 ns executing 0 JDBC statements
	0 ns executing 0 JDBC batches
	0 ns performing 0 second-level cache puts
	0 ns performing 0 second-level cache hits
	0 ns performing 0 second-level cache misses
	0 ns executing 0 flushes (flushing a total of 0 entities and 0 collections)
	0 ns executing 0 pre-partial-flushes
	0 ns executing 0 partial-flushes (flushing a total of 0 entities and 0 collections)

19/12/2025 18:31:52.719 DEBUG o.s.d.j.repository.query.NamedQuery - Did not find named query Machine.findByMachineIdAndTenantId.count
19/12/2025 18:31:52.723 DEBUG org.hibernate.session.metrics - HHH000401: Logging session metrics:
	0 ns acquiring 0 JDBC connections
	0 ns releasing 0 JDBC connections
	0 ns preparing 0 JDBC statements
	0 ns executing 0 JDBC statements
	0 ns executing 0 JDBC batches
	0 ns performing 0 second-level cache puts
	0 ns performing 0 second-level cache hits
	0 ns performing 0 second-level cache misses
	0 ns executing 0 flushes (flushing a total of 0 entities and 0 collections)
	0 ns executing 0 pre-partial-flushes
	0 ns executing 0 partial-flushes (flushing a total of 0 entities and 0 collections)

19/12/2025 18:31:52.724 DEBUG org.hibernate.session.metrics - HHH000401: Logging session metrics:
	0 ns acquiring 0 JDBC connections
	0 ns releasing 0 JDBC connections
	0 ns preparing 0 JDBC statements
	0 ns executing 0 JDBC statements
	0 ns executing 0 JDBC batches
	0 ns performing 0 second-level cache puts
	0 ns performing 0 second-level cache hits
	0 ns performing 0 second-level cache misses
	0 ns executing 0 flushes (flushing a total of 0 entities and 0 collections)
	0 ns executing 0 pre-partial-flushes
	0 ns executing 0 partial-flushes (flushing a total of 0 entities and 0 collections)

19/12/2025 18:31:52.724 DEBUG o.s.d.j.repository.query.NamedQuery - Did not find named query Machine.findByTenantId.count
19/12/2025 18:31:52.725 DEBUG org.hibernate.session.metrics - HHH000401: Logging session metrics:
	0 ns acquiring 0 JDBC connections
	0 ns releasing 0 JDBC connections
	0 ns preparing 0 JDBC statements
	0 ns executing 0 JDBC statements
	0 ns executing 0 JDBC batches
	0 ns performing 0 second-level cache puts
	0 ns performing 0 second-level cache hits
	0 ns performing 0 second-level cache misses
	0 ns executing 0 flushes (flushing a total of 0 entities and 0 collections)
	0 ns executing 0 pre-partial-flushes
	0 ns executing 0 partial-flushes (flushing a total of 0 entities and 0 collections)

19/12/2025 18:31:52.728 DEBUG o.s.d.r.c.s.RepositoryFactorySupport - Finished creation of repository instance for com.NeptuneWebAutheticator.Repository.MachineRepository.
19/12/2025 18:31:52.756 DEBUG o.s.b.f.s.DefaultListableBeanFactory - Creating shared instance of singleton bean 'org.springframework.security.config.annotation.configuration.ObjectPostProcessorConfiguration'
19/12/2025 18:31:52.756 DEBUG o.s.b.f.s.DefaultListableBeanFactory - Creating shared instance of singleton bean 'objectPostProcessor'
19/12/2025 18:31:52.757 DEBUG o.s.b.f.s.DefaultListableBeanFactory - Autowiring by type from bean name 'objectPostProcessor' via factory method to bean named 'org.springframework.beans.factory.support.DefaultListableBeanFactory@5bbc9f97'
19/12/2025 18:31:52.758 DEBUG o.s.b.f.s.DefaultListableBeanFactory - Creating shared instance of singleton bean 'org.springframework.security.config.annotation.authentication.configuration.AuthenticationConfiguration'
19/12/2025 18:31:52.759 DEBUG o.s.b.f.s.DefaultListableBeanFactory - Creating shared instance of singleton bean 'enableGlobalAuthenticationAutowiredConfigurer'
19/12/2025 18:31:52.759 DEBUG o.s.b.f.s.DefaultListableBeanFactory - Autowiring by type from bean name 'enableGlobalAuthenticationAutowiredConfigurer' via factory method to bean named 'org.springframework.boot.web.server.servlet.context.AnnotationConfigServletWebServerApplicationContext@665e9289'
19/12/2025 18:31:52.760 DEBUG o.s.b.f.s.DefaultListableBeanFactory - Creating shared instance of singleton bean 'initializeUserDetailsBeanManagerConfigurer'
19/12/2025 18:31:52.760 DEBUG o.s.b.f.s.DefaultListableBeanFactory - Autowiring by type from bean name 'initializeUserDetailsBeanManagerConfigurer' via factory method to bean named 'org.springframework.boot.web.server.servlet.context.AnnotationConfigServletWebServerApplicationContext@665e9289'
19/12/2025 18:31:52.760 DEBUG o.s.b.f.s.DefaultListableBeanFactory - Creating shared instance of singleton bean 'initializeAuthenticationProviderBeanManagerConfigurer'
19/12/2025 18:31:52.760 DEBUG o.s.b.f.s.DefaultListableBeanFactory - Autowiring by type from bean name 'initializeAuthenticationProviderBeanManagerConfigurer' via factory method to bean named 'org.springframework.boot.web.server.servlet.context.AnnotationConfigServletWebServerApplicationContext@665e9289'
19/12/2025 18:31:52.761 DEBUG o.s.b.f.s.DefaultListableBeanFactory - Creating shared instance of singleton bean 'authenticationManagerBuilder'
19/12/2025 18:31:52.762 DEBUG o.s.b.f.s.DefaultListableBeanFactory - Autowiring by type from bean name 'authenticationManagerBuilder' via factory method to bean named 'objectPostProcessor'
19/12/2025 18:31:52.762 DEBUG o.s.b.f.s.DefaultListableBeanFactory - Autowiring by type from bean name 'authenticationManagerBuilder' via factory method to bean named 'org.springframework.boot.web.server.servlet.context.AnnotationConfigServletWebServerApplicationContext@665e9289'
19/12/2025 18:31:52.762 DEBUG o.s.b.f.s.DefaultListableBeanFactory - Creating shared instance of singleton bean 'authenticationEventPublisher'
19/12/2025 18:31:52.762 DEBUG o.s.b.f.s.DefaultListableBeanFactory - Creating shared instance of singleton bean 'org.springframework.boot.security.autoconfigure.SecurityAutoConfiguration'
19/12/2025 18:31:52.762 DEBUG o.s.b.f.s.DefaultListableBeanFactory - Autowiring by type from bean name 'authenticationEventPublisher' via factory method to bean named 'org.springframework.boot.web.server.servlet.context.AnnotationConfigServletWebServerApplicationContext@665e9289'
19/12/2025 18:31:52.770 DEBUG o.s.b.f.s.DefaultListableBeanFactory - Creating shared instance of singleton bean 'org.springframework.security.config.annotation.web.configuration.WebSecurityConfiguration'
19/12/2025 18:31:52.780 DEBUG o.s.b.f.s.DefaultListableBeanFactory - Creating shared instance of singleton bean 'filterChainDecoratorPostProcessor'
19/12/2025 18:31:52.785 DEBUG o.s.b.f.s.DefaultListableBeanFactory - Creating shared instance of singleton bean 'filterChain'
19/12/2025 18:31:52.786 DEBUG o.s.b.f.s.DefaultListableBeanFactory - Creating shared instance of singleton bean 'org.springframework.security.config.annotation.web.configuration.HttpSecurityConfiguration'
19/12/2025 18:31:52.789 DEBUG o.s.b.f.s.DefaultListableBeanFactory - Creating shared instance of singleton bean 'mvcContentNegotiationManager'
19/12/2025 18:31:52.789 DEBUG o.s.b.f.s.DefaultListableBeanFactory - Creating shared instance of singleton bean 'org.springframework.boot.webmvc.autoconfigure.WebMvcAutoConfiguration$EnableWebMvcConfiguration'
19/12/2025 18:31:52.790 DEBUG o.s.b.f.s.DefaultListableBeanFactory - Autowiring by type from bean name 'org.springframework.boot.webmvc.autoconfigure.WebMvcAutoConfiguration$EnableWebMvcConfiguration' via constructor to bean named 'spring.mvc-org.springframework.boot.webmvc.autoconfigure.WebMvcProperties'
19/12/2025 18:31:52.790 DEBUG o.s.b.f.s.DefaultListableBeanFactory - Autowiring by type from bean name 'org.springframework.boot.webmvc.autoconfigure.WebMvcAutoConfiguration$EnableWebMvcConfiguration' via constructor to bean named 'spring.web-org.springframework.boot.autoconfigure.web.WebProperties'
19/12/2025 18:31:52.790 DEBUG o.s.b.f.s.DefaultListableBeanFactory - Autowiring by type from bean name 'org.springframework.boot.webmvc.autoconfigure.WebMvcAutoConfiguration$EnableWebMvcConfiguration' via constructor to bean named 'org.springframework.beans.factory.support.DefaultListableBeanFactory@5bbc9f97'
19/12/2025 18:31:52.794 DEBUG o.s.b.f.s.DefaultListableBeanFactory - Creating shared instance of singleton bean 'org.springframework.security.config.annotation.web.configuration.WebMvcSecurityConfiguration'
19/12/2025 18:31:52.795 DEBUG o.s.b.f.s.DefaultListableBeanFactory - Creating shared instance of singleton bean 'org.springframework.boot.webmvc.autoconfigure.WebMvcAutoConfiguration$WebMvcAutoConfigurationAdapter'
19/12/2025 18:31:52.796 DEBUG o.s.b.f.s.DefaultListableBeanFactory - Autowiring by type from bean name 'org.springframework.boot.webmvc.autoconfigure.WebMvcAutoConfiguration$WebMvcAutoConfigurationAdapter' via constructor to bean named 'spring.web-org.springframework.boot.autoconfigure.web.WebProperties'
19/12/2025 18:31:52.796 DEBUG o.s.b.f.s.DefaultListableBeanFactory - Autowiring by type from bean name 'org.springframework.boot.webmvc.autoconfigure.WebMvcAutoConfiguration$WebMvcAutoConfigurationAdapter' via constructor to bean named 'spring.mvc-org.springframework.boot.webmvc.autoconfigure.WebMvcProperties'
19/12/2025 18:31:52.797 DEBUG o.s.b.f.s.DefaultListableBeanFactory - Autowiring by type from bean name 'org.springframework.boot.webmvc.autoconfigure.WebMvcAutoConfiguration$WebMvcAutoConfigurationAdapter' via constructor to bean named 'org.springframework.beans.factory.support.DefaultListableBeanFactory@5bbc9f97'
19/12/2025 18:31:52.799 DEBUG o.s.b.f.s.DefaultListableBeanFactory - Creating shared instance of singleton bean 'org.springframework.data.web.config.SpringDataWebConfiguration'
19/12/2025 18:31:52.800 DEBUG o.s.b.f.s.DefaultListableBeanFactory - Autowiring by type from bean name 'org.springframework.data.web.config.SpringDataWebConfiguration' via constructor to bean named 'org.springframework.boot.web.server.servlet.context.AnnotationConfigServletWebServerApplicationContext@665e9289'
19/12/2025 18:31:52.804 DEBUG o.s.b.f.s.DefaultListableBeanFactory - Creating shared instance of singleton bean 'serverConvertersCustomizer'
19/12/2025 18:31:52.804 DEBUG o.s.b.f.s.DefaultListableBeanFactory - Creating shared instance of singleton bean 'org.springframework.boot.http.converter.autoconfigure.HttpMessageConvertersAutoConfiguration'
19/12/2025 18:31:52.807 DEBUG o.s.b.f.s.DefaultListableBeanFactory - Creating shared instance of singleton bean 'stringHttpMessageConverter'
19/12/2025 18:31:52.807 DEBUG o.s.b.f.s.DefaultListableBeanFactory - Creating shared instance of singleton bean 'org.springframework.boot.http.converter.autoconfigure.HttpMessageConvertersAutoConfiguration$StringHttpMessageConverterConfiguration'
19/12/2025 18:31:52.807 DEBUG o.s.b.f.s.DefaultListableBeanFactory - Creating shared instance of singleton bean 'spring.http.converters-org.springframework.boot.http.converter.autoconfigure.HttpMessageConvertersProperties'
19/12/2025 18:31:52.808 DEBUG o.s.b.f.s.DefaultListableBeanFactory - Autowiring by type from bean name 'stringHttpMessageConverter' via factory method to bean named 'spring.http.converters-org.springframework.boot.http.converter.autoconfigure.HttpMessageConvertersProperties'
19/12/2025 18:31:52.811 DEBUG o.s.b.f.s.DefaultListableBeanFactory - Creating shared instance of singleton bean 'jacksonJsonHttpMessageConverter'
19/12/2025 18:31:52.811 DEBUG o.s.b.f.s.DefaultListableBeanFactory - Creating shared instance of singleton bean 'org.springframework.boot.http.converter.autoconfigure.JacksonHttpMessageConvertersConfiguration$JacksonJsonHttpMessageConverterConfiguration'
19/12/2025 18:31:52.811 DEBUG o.s.b.f.s.DefaultListableBeanFactory - Creating shared instance of singleton bean 'jacksonJsonMapper'
19/12/2025 18:31:52.811 DEBUG o.s.b.f.s.DefaultListableBeanFactory - Creating shared instance of singleton bean 'org.springframework.boot.jackson.autoconfigure.JacksonAutoConfiguration'
19/12/2025 18:31:52.812 DEBUG o.s.b.f.s.DefaultListableBeanFactory - Creating shared instance of singleton bean 'problemDetailJsonMapperBuilderCustomizer'
19/12/2025 18:31:52.812 DEBUG o.s.b.f.s.DefaultListableBeanFactory - Creating shared instance of singleton bean 'org.springframework.boot.jackson.autoconfigure.JacksonAutoConfiguration$JsonProblemDetailsConfiguration'
19/12/2025 18:31:52.813 DEBUG o.s.b.f.s.DefaultListableBeanFactory - Creating shared instance of singleton bean 'standardJsonMapperBuilderCustomizer'
19/12/2025 18:31:52.813 DEBUG o.s.b.f.s.DefaultListableBeanFactory - Creating shared instance of singleton bean 'org.springframework.boot.jackson.autoconfigure.JacksonAutoConfiguration$JacksonJsonMapperBuilderCustomizerConfiguration'
19/12/2025 18:31:52.813 DEBUG o.s.b.f.s.DefaultListableBeanFactory - Creating shared instance of singleton bean 'spring.jackson-org.springframework.boot.jackson.autoconfigure.JacksonProperties'
19/12/2025 18:31:52.816 DEBUG o.s.b.f.s.DefaultListableBeanFactory - Autowiring by type from bean name 'standardJsonMapperBuilderCustomizer' via factory method to bean named 'spring.jackson-org.springframework.boot.jackson.autoconfigure.JacksonProperties'
19/12/2025 18:31:52.821 DEBUG o.s.b.f.s.DefaultListableBeanFactory - Creating shared instance of singleton bean 'jackson3GeoModule'
19/12/2025 18:31:52.821 DEBUG o.s.b.f.s.DefaultListableBeanFactory - Creating shared instance of singleton bean 'org.springframework.data.web.config.SpringDataJackson3Configuration'
19/12/2025 18:31:52.821 DEBUG o.s.b.f.s.DefaultListableBeanFactory - Creating shared instance of singleton bean 'springDataWebSettings'
19/12/2025 18:31:52.821 DEBUG o.s.b.f.s.DefaultListableBeanFactory - Creating shared instance of singleton bean 'org.springframework.boot.data.autoconfigure.web.DataWebAutoConfiguration'
19/12/2025 18:31:52.821 DEBUG o.s.b.f.s.DefaultListableBeanFactory - Creating shared instance of singleton bean 'spring.data.web-org.springframework.boot.data.autoconfigure.web.DataWebProperties'
19/12/2025 18:31:52.823 DEBUG o.s.b.f.s.DefaultListableBeanFactory - Autowiring by type from bean name 'org.springframework.boot.data.autoconfigure.web.DataWebAutoConfiguration' via constructor to bean named 'spring.data.web-org.springframework.boot.data.autoconfigure.web.DataWebProperties'
19/12/2025 18:31:52.830 DEBUG o.s.b.f.s.DefaultListableBeanFactory - Creating shared instance of singleton bean 'jackson3pageModule'
19/12/2025 18:31:52.831 DEBUG o.s.b.f.s.DefaultListableBeanFactory - Creating shared instance of singleton bean 'jacksonMixinModule'
19/12/2025 18:31:52.831 DEBUG o.s.b.f.s.DefaultListableBeanFactory - Creating shared instance of singleton bean 'org.springframework.boot.jackson.autoconfigure.JacksonAutoConfiguration$JacksonMixinConfiguration'
19/12/2025 18:31:52.833 DEBUG o.s.b.f.s.DefaultListableBeanFactory - Creating shared instance of singleton bean 'jacksonMixinModuleEntries'
19/12/2025 18:31:52.833 DEBUG o.s.b.f.s.DefaultListableBeanFactory - Autowiring by type from bean name 'jacksonMixinModuleEntries' via factory method to bean named 'org.springframework.boot.web.server.servlet.context.AnnotationConfigServletWebServerApplicationContext@665e9289'
19/12/2025 18:31:52.836 DEBUG o.s.b.f.s.DefaultListableBeanFactory - Autowiring by type from bean name 'jacksonMixinModule' via factory method to bean named 'org.springframework.boot.web.server.servlet.context.AnnotationConfigServletWebServerApplicationContext@665e9289'
19/12/2025 18:31:52.836 DEBUG o.s.b.f.s.DefaultListableBeanFactory - Autowiring by type from bean name 'jacksonMixinModule' via factory method to bean named 'jacksonMixinModuleEntries'
19/12/2025 18:31:52.837 DEBUG o.s.b.f.s.DefaultListableBeanFactory - Creating shared instance of singleton bean 'jsonComponentModule'
19/12/2025 18:31:52.841 DEBUG o.s.b.f.s.DefaultListableBeanFactory - Autowiring by type from bean name 'jsonMapperBuilder' via factory method to bean named 'problemDetailJsonMapperBuilderCustomizer'
19/12/2025 18:31:52.841 DEBUG o.s.b.f.s.DefaultListableBeanFactory - Autowiring by type from bean name 'jsonMapperBuilder' via factory method to bean named 'standardJsonMapperBuilderCustomizer'
19/12/2025 18:31:52.850 DEBUG o.s.b.f.s.DefaultListableBeanFactory - Autowiring by type from bean name 'jacksonJsonMapper' via factory method to bean named 'jsonMapperBuilder'
19/12/2025 18:31:52.858 DEBUG o.s.b.f.s.DefaultListableBeanFactory - Autowiring by type from bean name 'jacksonJsonHttpMessageConverter' via factory method to bean named 'jacksonJsonMapper'
19/12/2025 18:31:52.873 DEBUG o.s.b.f.s.DefaultListableBeanFactory - Creating shared instance of singleton bean 'inMemoryUserDetailsManager'
19/12/2025 18:31:52.873 DEBUG o.s.b.f.s.DefaultListableBeanFactory - Creating shared instance of singleton bean 'org.springframework.boot.security.autoconfigure.UserDetailsServiceAutoConfiguration'
19/12/2025 18:31:52.874 DEBUG o.s.b.f.s.DefaultListableBeanFactory - Creating shared instance of singleton bean 'spring.security-org.springframework.boot.security.autoconfigure.SecurityProperties'
19/12/2025 18:31:52.875 DEBUG o.s.b.f.s.DefaultListableBeanFactory - Autowiring by type from bean name 'inMemoryUserDetailsManager' via factory method to bean named 'spring.security-org.springframework.boot.security.autoconfigure.SecurityProperties'
19/12/2025 18:31:52.878 WARN  o.s.b.s.a.UserDetailsServiceAutoConfiguration - 

Using generated security password: 293ea681-64b2-4807-a9e4-6d83e88bf276

This generated password is for development use only. Your security configuration must be updated before running your application in production.

19/12/2025 18:31:52.887 INFO  o.s.s.c.a.a.c.InitializeUserDetailsBeanManagerConfigurer$InitializeUserDetailsManagerConfigurer - Global AuthenticationManager configured with UserDetailsService bean with name inMemoryUserDetailsManager
19/12/2025 18:31:52.908 DEBUG o.s.b.f.s.DefaultListableBeanFactory - Creating shared instance of singleton bean 'mvcPatternParser'
19/12/2025 18:31:52.984 DEBUG o.s.b.f.s.DefaultListableBeanFactory - Autowiring by type from bean name 'filterChain' via factory method to bean named 'org.springframework.security.config.annotation.web.configuration.HttpSecurityConfiguration.httpSecurity'
19/12/2025 18:31:52.994 DEBUG o.s.b.f.s.DefaultListableBeanFactory - Creating shared instance of singleton bean 'webAuthorizationManagerPostProcessor'
19/12/2025 18:31:52.996 DEBUG o.s.b.f.s.DefaultListableBeanFactory - Creating shared instance of singleton bean 'pathPatternRequestMatcherBuilder'
19/12/2025 18:31:52.996 DEBUG o.s.b.f.s.DefaultListableBeanFactory - Creating shared instance of singleton bean 'org.springframework.boot.security.autoconfigure.web.servlet.ServletWebSecurityAutoConfiguration$PathPatternRequestMatcherBuilderConfiguration'
19/12/2025 18:31:52.997 DEBUG o.s.b.f.s.DefaultListableBeanFactory - Autowiring by type from bean name 'pathPatternRequestMatcherBuilder' via factory method to bean named 'dispatcherServletRegistration'
19/12/2025 18:31:53.007 DEBUG o.s.b.f.s.DefaultListableBeanFactory - Creating shared instance of singleton bean 'authenticationManagerPostProcessor'
19/12/2025 18:31:53.020 DEBUG o.s.b.f.s.DefaultListableBeanFactory - Creating shared instance of singleton bean 'corsConfigurationSource'
19/12/2025 18:31:53.027 DEBUG o.s.s.web.DefaultSecurityFilterChain - Will secure any request with filters: DisableEncodeUrlFilter, WebAsyncManagerIntegrationFilter, SecurityContextHolderFilter, HeaderWriterFilter, CorsFilter, LogoutFilter, RequestCacheAwareFilter, SecurityContextHolderAwareRequestFilter, AnonymousAuthenticationFilter, ExceptionTranslationFilter, AuthorizationFilter
19/12/2025 18:31:53.028 DEBUG o.s.b.f.s.DefaultListableBeanFactory - Creating shared instance of singleton bean 'delegatingApplicationListener'
19/12/2025 18:31:53.029 DEBUG o.s.b.f.s.DefaultListableBeanFactory - Creating shared instance of singleton bean 'springSecurityFilterChain'
19/12/2025 18:31:53.044 DEBUG o.s.b.f.s.DefaultListableBeanFactory - Creating shared instance of singleton bean 'webSecurityExpressionHandler'
19/12/2025 18:31:53.045 DEBUG o.s.b.f.s.DefaultListableBeanFactory - Creating shared instance of singleton bean 'privilegeEvaluator'
19/12/2025 18:31:53.046 DEBUG o.s.b.f.s.DefaultListableBeanFactory - Creating shared instance of singleton bean 'requestDataValueProcessor'
19/12/2025 18:31:53.047 DEBUG o.s.b.f.s.DefaultListableBeanFactory - Creating shared instance of singleton bean 'org.springframework.security.config.annotation.web.configuration.ObservationConfiguration'
19/12/2025 18:31:53.047 DEBUG o.s.b.f.s.DefaultListableBeanFactory - Creating shared instance of singleton bean 'org.springframework.boot.autoconfigure.context.PropertyPlaceholderAutoConfiguration'
19/12/2025 18:31:53.047 DEBUG o.s.b.f.s.DefaultListableBeanFactory - Creating shared instance of singleton bean 'org.springframework.boot.context.properties.EnableConfigurationPropertiesRegistrar.methodValidationExcludeFilter'
19/12/2025 18:31:53.048 DEBUG o.s.b.f.s.DefaultListableBeanFactory - Creating shared instance of singleton bean 'org.springframework.boot.webmvc.autoconfigure.DispatcherServletAutoConfiguration'
19/12/2025 18:31:53.048 DEBUG o.s.b.f.s.DefaultListableBeanFactory - Creating shared instance of singleton bean 'org.springframework.boot.autoconfigure.task.TaskExecutorConfigurations$SimpleAsyncTaskExecutorBuilderConfiguration'
19/12/2025 18:31:53.049 DEBUG o.s.b.f.s.DefaultListableBeanFactory - Autowiring by type from bean name 'org.springframework.boot.autoconfigure.task.TaskExecutorConfigurations$SimpleAsyncTaskExecutorBuilderConfiguration' via constructor to bean named 'spring.task.execution-org.springframework.boot.autoconfigure.task.TaskExecutionProperties'
19/12/2025 18:31:53.049 DEBUG o.s.b.f.s.DefaultListableBeanFactory - Creating shared instance of singleton bean 'simpleAsyncTaskExecutorBuilder'
19/12/2025 18:31:53.052 DEBUG o.s.b.f.s.DefaultListableBeanFactory - Creating shared instance of singleton bean 'org.springframework.boot.autoconfigure.task.TaskExecutorConfigurations$AsyncConfigurerConfiguration'
19/12/2025 18:31:53.052 DEBUG o.s.b.f.s.DefaultListableBeanFactory - Creating shared instance of singleton bean 'applicationTaskExecutorAsyncConfigurer'
19/12/2025 18:31:53.052 DEBUG o.s.b.f.s.DefaultListableBeanFactory - Autowiring by type from bean name 'applicationTaskExecutorAsyncConfigurer' via factory method to bean named 'org.springframework.beans.factory.support.DefaultListableBeanFactory@5bbc9f97'
19/12/2025 18:31:53.053 DEBUG o.s.b.f.s.DefaultListableBeanFactory - Creating shared instance of singleton bean 'org.springframework.boot.autoconfigure.task.TaskExecutorConfigurations$BootstrapExecutorConfiguration'
19/12/2025 18:31:53.053 DEBUG o.s.b.f.s.DefaultListableBeanFactory - Creating shared instance of singleton bean 'org.springframework.boot.autoconfigure.task.TaskExecutionAutoConfiguration'
19/12/2025 18:31:53.053 DEBUG o.s.b.f.s.DefaultListableBeanFactory - Creating shared instance of singleton bean 'org.springframework.boot.webmvc.autoconfigure.error.ErrorMvcAutoConfiguration$WhitelabelErrorViewConfiguration'
19/12/2025 18:31:53.054 DEBUG o.s.b.f.s.DefaultListableBeanFactory - Creating shared instance of singleton bean 'error'
19/12/2025 18:31:53.054 DEBUG o.s.b.f.s.DefaultListableBeanFactory - Creating shared instance of singleton bean 'beanNameViewResolver'
19/12/2025 18:31:53.056 DEBUG o.s.b.f.s.DefaultListableBeanFactory - Creating shared instance of singleton bean 'org.springframework.boot.webmvc.autoconfigure.error.ErrorMvcAutoConfiguration$DefaultErrorViewResolverConfiguration'
19/12/2025 18:31:53.056 DEBUG o.s.b.f.s.DefaultListableBeanFactory - Autowiring by type from bean name 'org.springframework.boot.webmvc.autoconfigure.error.ErrorMvcAutoConfiguration$DefaultErrorViewResolverConfiguration' via constructor to bean named 'org.springframework.boot.web.server.servlet.context.AnnotationConfigServletWebServerApplicationContext@665e9289'
19/12/2025 18:31:53.056 DEBUG o.s.b.f.s.DefaultListableBeanFactory - Autowiring by type from bean name 'org.springframework.boot.webmvc.autoconfigure.error.ErrorMvcAutoConfiguration$DefaultErrorViewResolverConfiguration' via constructor to bean named 'spring.web-org.springframework.boot.autoconfigure.web.WebProperties'
19/12/2025 18:31:53.057 DEBUG o.s.b.f.s.DefaultListableBeanFactory - Creating shared instance of singleton bean 'conventionErrorViewResolver'
19/12/2025 18:31:53.057 DEBUG o.s.b.f.s.DefaultListableBeanFactory - Creating shared instance of singleton bean 'errorAttributes'
19/12/2025 18:31:53.059 DEBUG o.s.b.f.s.DefaultListableBeanFactory - Creating shared instance of singleton bean 'basicErrorController'
19/12/2025 18:31:53.059 DEBUG o.s.b.f.s.DefaultListableBeanFactory - Autowiring by type from bean name 'basicErrorController' via factory method to bean named 'errorAttributes'
19/12/2025 18:31:53.061 DEBUG o.s.b.f.s.DefaultListableBeanFactory - Creating shared instance of singleton bean 'welcomePageHandlerMapping'
19/12/2025 18:31:53.062 DEBUG o.s.b.f.s.DefaultListableBeanFactory - Creating shared instance of singleton bean 'mvcConversionService'
19/12/2025 18:31:53.067 DEBUG o.s.b.f.s.DefaultListableBeanFactory - Creating shared instance of singleton bean 'mvcResourceUrlProvider'
19/12/2025 18:31:53.068 DEBUG o.s.b.f.s.DefaultListableBeanFactory - Autowiring by type from bean name 'welcomePageHandlerMapping' via factory method to bean named 'org.springframework.boot.web.server.servlet.context.AnnotationConfigServletWebServerApplicationContext@665e9289'
19/12/2025 18:31:53.068 DEBUG o.s.b.f.s.DefaultListableBeanFactory - Autowiring by type from bean name 'welcomePageHandlerMapping' via factory method to bean named 'mvcConversionService'
19/12/2025 18:31:53.068 DEBUG o.s.b.f.s.DefaultListableBeanFactory - Autowiring by type from bean name 'welcomePageHandlerMapping' via factory method to bean named 'mvcResourceUrlProvider'
19/12/2025 18:31:53.077 DEBUG o.s.b.f.s.DefaultListableBeanFactory - Creating shared instance of singleton bean 'welcomePageNotAcceptableHandlerMapping'
19/12/2025 18:31:53.078 DEBUG o.s.b.f.s.DefaultListableBeanFactory - Autowiring by type from bean name 'welcomePageNotAcceptableHandlerMapping' via factory method to bean named 'org.springframework.boot.web.server.servlet.context.AnnotationConfigServletWebServerApplicationContext@665e9289'
19/12/2025 18:31:53.078 DEBUG o.s.b.f.s.DefaultListableBeanFactory - Autowiring by type from bean name 'welcomePageNotAcceptableHandlerMapping' via factory method to bean named 'mvcConversionService'
19/12/2025 18:31:53.078 DEBUG o.s.b.f.s.DefaultListableBeanFactory - Autowiring by type from bean name 'welcomePageNotAcceptableHandlerMapping' via factory method to bean named 'mvcResourceUrlProvider'
19/12/2025 18:31:53.081 DEBUG o.s.b.f.s.DefaultListableBeanFactory - Creating shared instance of singleton bean 'localeResolver'
19/12/2025 18:31:53.082 DEBUG o.s.b.f.s.DefaultListableBeanFactory - Creating shared instance of singleton bean 'flashMapManager'
19/12/2025 18:31:53.083 DEBUG o.s.b.f.s.DefaultListableBeanFactory - Creating shared instance of singleton bean 'viewNameTranslator'
19/12/2025 18:31:53.084 DEBUG o.s.b.f.s.DefaultListableBeanFactory - Creating shared instance of singleton bean 'mvcValidator'
19/12/2025 18:31:53.085 DEBUG o.s.b.f.s.DefaultListableBeanFactory - Creating shared instance of singleton bean 'requestMappingHandlerMapping'
19/12/2025 18:31:53.086 DEBUG o.s.b.f.s.DefaultListableBeanFactory - Creating shared instance of singleton bean 'mvcApiVersionStrategy'
19/12/2025 18:31:53.091 DEBUG o.s.b.f.s.DefaultListableBeanFactory - Autowiring by type from bean name 'requestMappingHandlerMapping' via factory method to bean named 'mvcContentNegotiationManager'
19/12/2025 18:31:53.091 DEBUG o.s.b.f.s.DefaultListableBeanFactory - Autowiring by type from bean name 'requestMappingHandlerMapping' via factory method to bean named 'mvcApiVersionStrategy'
19/12/2025 18:31:53.091 DEBUG o.s.b.f.s.DefaultListableBeanFactory - Autowiring by type from bean name 'requestMappingHandlerMapping' via factory method to bean named 'mvcConversionService'
19/12/2025 18:31:53.091 DEBUG o.s.b.f.s.DefaultListableBeanFactory - Autowiring by type from bean name 'requestMappingHandlerMapping' via factory method to bean named 'mvcResourceUrlProvider'
19/12/2025 18:31:53.114 DEBUG _.s.w.s.HandlerMapping.Mappings - 
	c.N.C.AuthenticationController:
	{POST [/api/login]}: login(Map)
	{GET [/api/logout]}: logout(HttpServletRequest)
	{GET [/api/isUserAuthenticate]}: isUserAuthenticate(HttpServletRequest)
19/12/2025 18:31:53.118 DEBUG _.s.w.s.HandlerMapping.Mappings - 
	c.N.C.MachineController:
	{POST [/Machine]}: addMachine(HttpServletRequest,Map)
	{DELETE [/Machine]}: deleteMachine(HttpServletRequest,Map)
	{GET [/Machine]}: getMachines(HttpServletRequest)
19/12/2025 18:31:53.122 DEBUG _.s.w.s.HandlerMapping.Mappings - 
	o.s.b.w.a.e.BasicErrorController:
	{ [/error]}: error(HttpServletRequest)
	{ [/error], produces [text/html]}: errorHtml(HttpServletRequest,HttpServletResponse)
19/12/2025 18:31:53.125 DEBUG o.s.w.s.m.m.a.RequestMappingHandlerMapping - 8 mappings in 'requestMappingHandlerMapping'
19/12/2025 18:31:53.128 DEBUG o.s.b.f.s.DefaultListableBeanFactory - Creating shared instance of singleton bean 'mvcUrlPathHelper'
19/12/2025 18:31:53.129 DEBUG o.s.b.f.s.DefaultListableBeanFactory - Creating shared instance of singleton bean 'mvcPathMatcher'
19/12/2025 18:31:53.129 DEBUG o.s.b.f.s.DefaultListableBeanFactory - Creating shared instance of singleton bean 'viewControllerHandlerMapping'
19/12/2025 18:31:53.130 DEBUG o.s.b.f.s.DefaultListableBeanFactory - Autowiring by type from bean name 'viewControllerHandlerMapping' via factory method to bean named 'mvcConversionService'
19/12/2025 18:31:53.130 DEBUG o.s.b.f.s.DefaultListableBeanFactory - Autowiring by type from bean name 'viewControllerHandlerMapping' via factory method to bean named 'mvcResourceUrlProvider'
19/12/2025 18:31:53.130 DEBUG o.s.b.f.s.DefaultListableBeanFactory - Creating shared instance of singleton bean 'beanNameHandlerMapping'
19/12/2025 18:31:53.131 DEBUG o.s.b.f.s.DefaultListableBeanFactory - Autowiring by type from bean name 'beanNameHandlerMapping' via factory method to bean named 'mvcConversionService'
19/12/2025 18:31:53.131 DEBUG o.s.b.f.s.DefaultListableBeanFactory - Autowiring by type from bean name 'beanNameHandlerMapping' via factory method to bean named 'mvcResourceUrlProvider'
19/12/2025 18:31:53.133 DEBUG _.s.w.s.HandlerMapping.Mappings - 'beanNameHandlerMapping' {}
19/12/2025 18:31:53.134 DEBUG o.s.b.f.s.DefaultListableBeanFactory - Creating shared instance of singleton bean 'routerFunctionMapping'
19/12/2025 18:31:53.135 DEBUG o.s.b.f.s.DefaultListableBeanFactory - Autowiring by type from bean name 'routerFunctionMapping' via factory method to bean named 'mvcConversionService'
19/12/2025 18:31:53.135 DEBUG o.s.b.f.s.DefaultListableBeanFactory - Autowiring by type from bean name 'routerFunctionMapping' via factory method to bean named 'mvcResourceUrlProvider'
19/12/2025 18:31:53.135 DEBUG o.s.b.f.s.DefaultListableBeanFactory - Autowiring by type from bean name 'routerFunctionMapping' via factory method to bean named 'mvcApiVersionStrategy'
19/12/2025 18:31:53.139 DEBUG o.s.b.f.s.DefaultListableBeanFactory - Creating shared instance of singleton bean 'resourceHandlerMapping'
19/12/2025 18:31:53.141 DEBUG o.s.b.f.s.DefaultListableBeanFactory - Autowiring by type from bean name 'resourceHandlerMapping' via factory method to bean named 'mvcContentNegotiationManager'
19/12/2025 18:31:53.141 DEBUG o.s.b.f.s.DefaultListableBeanFactory - Autowiring by type from bean name 'resourceHandlerMapping' via factory method to bean named 'mvcConversionService'
19/12/2025 18:31:53.141 DEBUG o.s.b.f.s.DefaultListableBeanFactory - Autowiring by type from bean name 'resourceHandlerMapping' via factory method to bean named 'mvcResourceUrlProvider'
19/12/2025 18:31:53.156 DEBUG _.s.w.s.HandlerMapping.Mappings - 'resourceHandlerMapping' {/webjars/**=ResourceHttpRequestHandler [classpath [META-INF/resources/webjars/]], /**=ResourceHttpRequestHandler [classpath [META-INF/resources/], classpath [resources/], classpath [static/], classpath [public/], ServletContext [/]]}
19/12/2025 18:31:53.157 DEBUG o.s.b.f.s.DefaultListableBeanFactory - Creating shared instance of singleton bean 'defaultServletHandlerMapping'
19/12/2025 18:31:53.157 DEBUG o.s.b.f.s.DefaultListableBeanFactory - Creating shared instance of singleton bean 'requestMappingHandlerAdapter'
19/12/2025 18:31:53.158 DEBUG o.s.b.f.s.DefaultListableBeanFactory - Autowiring by type from bean name 'requestMappingHandlerAdapter' via factory method to bean named 'mvcContentNegotiationManager'
19/12/2025 18:31:53.158 DEBUG o.s.b.f.s.DefaultListableBeanFactory - Autowiring by type from bean name 'requestMappingHandlerAdapter' via factory method to bean named 'mvcConversionService'
19/12/2025 18:31:53.158 DEBUG o.s.b.f.s.DefaultListableBeanFactory - Autowiring by type from bean name 'requestMappingHandlerAdapter' via factory method to bean named 'mvcValidator'
19/12/2025 18:31:53.175 DEBUG o.s.b.f.s.DefaultListableBeanFactory - Creating shared instance of singleton bean 'sortResolver'
19/12/2025 18:31:53.177 DEBUG o.s.b.f.s.DefaultListableBeanFactory - Creating shared instance of singleton bean 'sortCustomizer'
19/12/2025 18:31:53.179 DEBUG o.s.b.f.s.DefaultListableBeanFactory - Creating shared instance of singleton bean 'pageableResolver'
19/12/2025 18:31:53.181 DEBUG o.s.b.f.s.DefaultListableBeanFactory - Creating shared instance of singleton bean 'pageableCustomizer'
19/12/2025 18:31:53.200 DEBUG o.s.w.s.m.m.a.RequestMappingHandlerAdapter - ControllerAdvice beans: 0 @ModelAttribute, 0 @InitBinder, 1 RequestBodyAdvice, 1 ResponseBodyAdvice
19/12/2025 18:31:53.226 DEBUG o.s.b.f.s.DefaultListableBeanFactory - Creating shared instance of singleton bean 'mvcViewResolver'
19/12/2025 18:31:53.226 DEBUG o.s.b.f.s.DefaultListableBeanFactory - Autowiring by type from bean name 'mvcViewResolver' via factory method to bean named 'mvcContentNegotiationManager'
19/12/2025 18:31:53.228 DEBUG o.s.b.f.s.DefaultListableBeanFactory - Creating shared instance of singleton bean 'defaultViewResolver'
19/12/2025 18:31:53.232 DEBUG o.s.b.f.s.DefaultListableBeanFactory - Creating shared instance of singleton bean 'viewResolver'
19/12/2025 18:31:53.233 DEBUG o.s.b.f.s.DefaultListableBeanFactory - Autowiring by type from bean name 'viewResolver' via factory method to bean named 'org.springframework.beans.factory.support.DefaultListableBeanFactory@5bbc9f97'
19/12/2025 18:31:53.234 DEBUG o.s.b.f.s.DefaultListableBeanFactory - Creating shared instance of singleton bean 'viewResolver'
19/12/2025 18:31:53.240 DEBUG o.s.b.f.s.DefaultListableBeanFactory - Creating shared instance of singleton bean 'handlerFunctionAdapter'
19/12/2025 18:31:53.241 DEBUG o.s.b.f.s.DefaultListableBeanFactory - Creating shared instance of singleton bean 'mvcUriComponentsContributor'
19/12/2025 18:31:53.241 DEBUG o.s.b.f.s.DefaultListableBeanFactory - Autowiring by type from bean name 'mvcUriComponentsContributor' via factory method to bean named 'mvcConversionService'
19/12/2025 18:31:53.241 DEBUG o.s.b.f.s.DefaultListableBeanFactory - Autowiring by type from bean name 'mvcUriComponentsContributor' via factory method to bean named 'requestMappingHandlerAdapter'
19/12/2025 18:31:53.245 DEBUG o.s.b.f.s.DefaultListableBeanFactory - Creating shared instance of singleton bean 'httpRequestHandlerAdapter'
19/12/2025 18:31:53.245 DEBUG o.s.b.f.s.DefaultListableBeanFactory - Creating shared instance of singleton bean 'simpleControllerHandlerAdapter'
19/12/2025 18:31:53.245 DEBUG o.s.b.f.s.DefaultListableBeanFactory - Creating shared instance of singleton bean 'handlerExceptionResolver'
19/12/2025 18:31:53.246 DEBUG o.s.b.f.s.DefaultListableBeanFactory - Autowiring by type from bean name 'handlerExceptionResolver' via factory method to bean named 'mvcContentNegotiationManager'
19/12/2025 18:31:53.248 DEBUG o.s.w.s.m.m.a.ExceptionHandlerExceptionResolver - ControllerAdvice beans: 0 @ExceptionHandler, 1 ResponseBodyAdvice
19/12/2025 18:31:53.251 DEBUG o.s.b.f.s.DefaultListableBeanFactory - Creating shared instance of singleton bean 'org.springframework.boot.autoconfigure.aop.AopAutoConfiguration$AspectJAutoProxyingConfiguration$CglibAutoProxyConfiguration'
19/12/2025 18:31:53.251 DEBUG o.s.b.f.s.DefaultListableBeanFactory - Creating shared instance of singleton bean 'org.springframework.boot.autoconfigure.aop.AopAutoConfiguration$AspectJAutoProxyingConfiguration'
19/12/2025 18:31:53.251 DEBUG o.s.b.f.s.DefaultListableBeanFactory - Creating shared instance of singleton bean 'org.springframework.boot.autoconfigure.aop.AopAutoConfiguration'
19/12/2025 18:31:53.252 DEBUG o.s.b.f.s.DefaultListableBeanFactory - Creating shared instance of singleton bean 'org.springframework.boot.autoconfigure.availability.ApplicationAvailabilityAutoConfiguration'
19/12/2025 18:31:53.252 DEBUG o.s.b.f.s.DefaultListableBeanFactory - Creating shared instance of singleton bean 'applicationAvailability'
19/12/2025 18:31:53.253 DEBUG o.s.b.f.s.DefaultListableBeanFactory - Creating shared instance of singleton bean 'org.springframework.boot.autoconfigure.context.ConfigurationPropertiesAutoConfiguration'
19/12/2025 18:31:53.253 DEBUG o.s.b.f.s.DefaultListableBeanFactory - Creating shared instance of singleton bean 'org.springframework.boot.autoconfigure.context.LifecycleAutoConfiguration'
19/12/2025 18:31:53.254 DEBUG o.s.b.f.s.DefaultListableBeanFactory - Creating shared instance of singleton bean 'lifecycleProcessor'
19/12/2025 18:31:53.254 DEBUG o.s.b.f.s.DefaultListableBeanFactory - Creating shared instance of singleton bean 'spring.lifecycle-org.springframework.boot.autoconfigure.context.LifecycleProperties'
19/12/2025 18:31:53.255 DEBUG o.s.b.f.s.DefaultListableBeanFactory - Autowiring by type from bean name 'lifecycleProcessor' via factory method to bean named 'spring.lifecycle-org.springframework.boot.autoconfigure.context.LifecycleProperties'
19/12/2025 18:31:53.256 DEBUG o.s.b.f.s.DefaultListableBeanFactory - Creating shared instance of singleton bean 'org.springframework.boot.autoconfigure.info.ProjectInfoAutoConfiguration'
19/12/2025 18:31:53.259 DEBUG o.s.b.f.s.DefaultListableBeanFactory - Creating shared instance of singleton bean 'spring.info-org.springframework.boot.autoconfigure.info.ProjectInfoProperties'
19/12/2025 18:31:53.260 DEBUG o.s.b.f.s.DefaultListableBeanFactory - Autowiring by type from bean name 'org.springframework.boot.autoconfigure.info.ProjectInfoAutoConfiguration' via constructor to bean named 'spring.info-org.springframework.boot.autoconfigure.info.ProjectInfoProperties'
19/12/2025 18:31:53.260 DEBUG o.s.b.f.s.DefaultListableBeanFactory - Creating shared instance of singleton bean 'org.springframework.boot.autoconfigure.task.TaskSchedulingConfigurations$ThreadPoolTaskSchedulerBuilderConfiguration'
19/12/2025 18:31:53.260 DEBUG o.s.b.f.s.DefaultListableBeanFactory - Creating shared instance of singleton bean 'threadPoolTaskSchedulerBuilder'
19/12/2025 18:31:53.261 DEBUG o.s.b.f.s.DefaultListableBeanFactory - Creating shared instance of singleton bean 'spring.task.scheduling-org.springframework.boot.autoconfigure.task.TaskSchedulingProperties'
19/12/2025 18:31:53.262 DEBUG o.s.b.f.s.DefaultListableBeanFactory - Autowiring by type from bean name 'threadPoolTaskSchedulerBuilder' via factory method to bean named 'spring.task.scheduling-org.springframework.boot.autoconfigure.task.TaskSchedulingProperties'
19/12/2025 18:31:53.263 DEBUG o.s.b.f.s.DefaultListableBeanFactory - Creating shared instance of singleton bean 'org.springframework.boot.autoconfigure.task.TaskSchedulingConfigurations$SimpleAsyncTaskSchedulerBuilderConfiguration'
19/12/2025 18:31:53.264 DEBUG o.s.b.f.s.DefaultListableBeanFactory - Autowiring by type from bean name 'org.springframework.boot.autoconfigure.task.TaskSchedulingConfigurations$SimpleAsyncTaskSchedulerBuilderConfiguration' via constructor to bean named 'spring.task.scheduling-org.springframework.boot.autoconfigure.task.TaskSchedulingProperties'
19/12/2025 18:31:53.264 DEBUG o.s.b.f.s.DefaultListableBeanFactory - Creating shared instance of singleton bean 'simpleAsyncTaskSchedulerBuilder'
19/12/2025 18:31:53.267 DEBUG o.s.b.f.s.DefaultListableBeanFactory - Creating shared instance of singleton bean 'org.springframework.boot.autoconfigure.task.TaskSchedulingAutoConfiguration'
19/12/2025 18:31:53.267 DEBUG o.s.b.f.s.DefaultListableBeanFactory - Creating shared instance of singleton bean 'org.springframework.data.web.config.ProjectingArgumentResolverRegistrar'
19/12/2025 18:31:53.267 DEBUG o.s.b.f.s.DefaultListableBeanFactory - Creating shared instance of singleton bean 'offsetResolver'
19/12/2025 18:31:53.269 DEBUG o.s.b.f.s.DefaultListableBeanFactory - Creating shared instance of singleton bean 'org.springframework.boot.transaction.jta.autoconfigure.JtaAutoConfiguration'
19/12/2025 18:31:53.269 DEBUG o.s.b.f.s.DefaultListableBeanFactory - Creating shared instance of singleton bean 'org.springframework.boot.jdbc.autoconfigure.DataSourcePoolMetadataProvidersConfiguration'
19/12/2025 18:31:53.269 DEBUG o.s.b.f.s.DefaultListableBeanFactory - Creating shared instance of singleton bean 'org.springframework.boot.jdbc.autoconfigure.DataSourceAutoConfiguration'
19/12/2025 18:31:53.269 DEBUG o.s.b.f.s.DefaultListableBeanFactory - Creating shared instance of singleton bean 'org.springframework.boot.transaction.autoconfigure.TransactionManagerCustomizationAutoConfiguration'
19/12/2025 18:31:53.269 DEBUG o.s.b.f.s.DefaultListableBeanFactory - Creating shared instance of singleton bean 'platformTransactionManagerCustomizers'
19/12/2025 18:31:53.270 DEBUG o.s.b.f.s.DefaultListableBeanFactory - Creating shared instance of singleton bean 'transactionExecutionListeners'
19/12/2025 18:31:53.271 DEBUG o.s.b.f.s.DefaultListableBeanFactory - Creating shared instance of singleton bean 'spring.transaction-org.springframework.boot.transaction.autoconfigure.TransactionProperties'
19/12/2025 18:31:53.272 DEBUG o.s.b.f.s.DefaultListableBeanFactory - Creating shared instance of singleton bean 'org.springframework.boot.jpa.autoconfigure.JpaBaseConfiguration$PersistenceManagedTypesConfiguration'
19/12/2025 18:31:53.272 DEBUG o.s.b.f.s.DefaultListableBeanFactory - Creating shared instance of singleton bean 'transactionManager'
19/12/2025 18:31:53.282 DEBUG o.s.b.f.s.DefaultListableBeanFactory - Creating shared instance of singleton bean 'org.springframework.boot.hibernate.autoconfigure.HibernateJpaAutoConfiguration'
19/12/2025 18:31:53.283 DEBUG o.s.b.f.s.DefaultListableBeanFactory - Creating shared instance of singleton bean 'org.springframework.boot.data.jpa.autoconfigure.DataJpaRepositoriesAutoConfiguration'
19/12/2025 18:31:53.283 DEBUG o.s.b.f.s.DefaultListableBeanFactory - Creating shared instance of singleton bean 'eagerJpaMetamodelCacheCleanup'
19/12/2025 18:31:53.284 DEBUG o.s.b.f.s.DefaultListableBeanFactory - Creating shared instance of singleton bean 'org.springframework.data.jpa.util.JpaMetamodelCacheCleanup'
19/12/2025 18:31:53.284 DEBUG o.s.b.f.s.DefaultListableBeanFactory - Creating shared instance of singleton bean 'org.springframework.data.jpa.repository.support.JpaEvaluationContextExtension'
19/12/2025 18:31:53.285 DEBUG o.s.b.f.s.DefaultListableBeanFactory - Creating shared instance of singleton bean 'data-jpa.repository-aot-processor#0'
19/12/2025 18:31:53.294 DEBUG o.s.b.f.s.DefaultListableBeanFactory - Creating shared instance of singleton bean 'org.springframework.boot.http.converter.autoconfigure.JacksonHttpMessageConvertersConfiguration'
19/12/2025 18:31:53.295 DEBUG o.s.b.f.s.DefaultListableBeanFactory - Creating shared instance of singleton bean 'org.springframework.boot.http.converter.autoconfigure.Jackson2HttpMessageConvertersConfiguration'
19/12/2025 18:31:53.295 DEBUG o.s.b.f.s.DefaultListableBeanFactory - Creating shared instance of singleton bean 'clientConvertersCustomizer'
19/12/2025 18:31:53.297 DEBUG o.s.b.f.s.DefaultListableBeanFactory - Creating shared instance of singleton bean 'org.springframework.boot.jdbc.autoconfigure.JdbcTemplateConfiguration'
19/12/2025 18:31:53.297 DEBUG o.s.b.f.s.DefaultListableBeanFactory - Creating shared instance of singleton bean 'jdbcTemplate'
19/12/2025 18:31:53.297 DEBUG o.s.b.f.s.DefaultListableBeanFactory - Creating shared instance of singleton bean 'spring.jdbc-org.springframework.boot.jdbc.autoconfigure.JdbcProperties'
19/12/2025 18:31:53.298 DEBUG o.s.b.f.s.DefaultListableBeanFactory - Autowiring by type from bean name 'jdbcTemplate' via factory method to bean named 'dataSource'
19/12/2025 18:31:53.298 DEBUG o.s.b.f.s.DefaultListableBeanFactory - Autowiring by type from bean name 'jdbcTemplate' via factory method to bean named 'spring.jdbc-org.springframework.boot.jdbc.autoconfigure.JdbcProperties'
19/12/2025 18:31:53.307 DEBUG o.s.b.f.s.DefaultListableBeanFactory - Creating shared instance of singleton bean 'org.springframework.boot.jdbc.autoconfigure.NamedParameterJdbcTemplateConfiguration'
19/12/2025 18:31:53.307 DEBUG o.s.b.f.s.DefaultListableBeanFactory - Creating shared instance of singleton bean 'namedParameterJdbcTemplate'
19/12/2025 18:31:53.307 DEBUG o.s.b.f.s.DefaultListableBeanFactory - Autowiring by type from bean name 'namedParameterJdbcTemplate' via factory method to bean named 'jdbcTemplate'
19/12/2025 18:31:53.310 DEBUG o.s.b.f.s.DefaultListableBeanFactory - Creating shared instance of singleton bean 'org.springframework.boot.jdbc.autoconfigure.JdbcTemplateAutoConfiguration'
19/12/2025 18:31:53.311 DEBUG o.s.b.f.s.DefaultListableBeanFactory - Creating shared instance of singleton bean 'org.springframework.boot.jdbc.autoconfigure.JdbcClientAutoConfiguration'
19/12/2025 18:31:53.311 DEBUG o.s.b.f.s.DefaultListableBeanFactory - Creating shared instance of singleton bean 'jdbcClient'
19/12/2025 18:31:53.311 DEBUG o.s.b.f.s.DefaultListableBeanFactory - Autowiring by type from bean name 'jdbcClient' via factory method to bean named 'namedParameterJdbcTemplate'
19/12/2025 18:31:53.312 DEBUG o.s.b.f.s.DefaultListableBeanFactory - Creating shared instance of singleton bean 'org.springframework.boot.persistence.autoconfigure.PersistenceExceptionTranslationAutoConfiguration'
19/12/2025 18:31:53.313 DEBUG o.s.b.f.s.DefaultListableBeanFactory - Creating shared instance of singleton bean 'org.springframework.boot.security.autoconfigure.web.servlet.ServletWebSecurityAutoConfiguration'
19/12/2025 18:31:53.313 DEBUG o.s.b.f.s.DefaultListableBeanFactory - Creating shared instance of singleton bean 'multipartResolver'
19/12/2025 18:31:53.315 DEBUG o.s.b.f.s.DefaultListableBeanFactory - Creating shared instance of singleton bean 'org.springframework.boot.jdbc.autoconfigure.DataSourceTransactionManagerAutoConfiguration$JdbcTransactionManagerConfiguration'
19/12/2025 18:31:53.316 DEBUG o.s.b.f.s.DefaultListableBeanFactory - Creating shared instance of singleton bean 'org.springframework.boot.jdbc.autoconfigure.DataSourceTransactionManagerAutoConfiguration'
19/12/2025 18:31:53.316 DEBUG o.s.b.f.s.DefaultListableBeanFactory - Creating shared instance of singleton bean 'org.springframework.boot.transaction.autoconfigure.TransactionAutoConfiguration$EnableTransactionManagementConfiguration$CglibAutoProxyConfiguration'
19/12/2025 18:31:53.317 DEBUG o.s.b.f.s.DefaultListableBeanFactory - Creating shared instance of singleton bean 'org.springframework.boot.transaction.autoconfigure.TransactionAutoConfiguration$EnableTransactionManagementConfiguration'
19/12/2025 18:31:53.317 DEBUG o.s.b.f.s.DefaultListableBeanFactory - Creating shared instance of singleton bean 'org.springframework.boot.transaction.autoconfigure.TransactionAutoConfiguration$TransactionTemplateConfiguration'
19/12/2025 18:31:53.317 DEBUG o.s.b.f.s.DefaultListableBeanFactory - Creating shared instance of singleton bean 'transactionTemplate'
19/12/2025 18:31:53.317 DEBUG o.s.b.f.s.DefaultListableBeanFactory - Autowiring by type from bean name 'transactionTemplate' via factory method to bean named 'transactionManager'
19/12/2025 18:31:53.319 DEBUG o.s.b.f.s.DefaultListableBeanFactory - Creating shared instance of singleton bean 'org.springframework.boot.transaction.autoconfigure.TransactionAutoConfiguration'
19/12/2025 18:31:53.330 DEBUG o.s.c.s.DefaultLifecycleProcessor - Starting beans in phase -2147483647
19/12/2025 18:31:53.331 DEBUG o.s.c.s.DefaultLifecycleProcessor - Successfully started bean 'springBootLoggingLifecycle'
19/12/2025 18:31:53.331 DEBUG o.s.c.s.DefaultLifecycleProcessor - Starting beans in phase 1073741823
19/12/2025 18:31:53.331 DEBUG o.s.c.s.DefaultLifecycleProcessor - Starting beans in phase 2147481599
19/12/2025 18:31:53.331 INFO  o.a.coyote.http11.Http11NioProtocol - Starting ProtocolHandler ["http-nio-8080"]
19/12/2025 18:31:53.370 INFO  o.s.boot.tomcat.TomcatWebServer - Tomcat started on port 8080 (http) with context path '/'
19/12/2025 18:31:53.371 DEBUG o.s.c.s.DefaultLifecycleProcessor - Successfully started bean 'webServerStartStop'
19/12/2025 18:31:53.371 DEBUG o.s.c.s.DefaultLifecycleProcessor - Starting beans in phase 2147482623
19/12/2025 18:31:53.371 DEBUG o.s.c.s.DefaultLifecycleProcessor - Successfully started bean 'webServerGracefulShutdown'
19/12/2025 18:31:53.379 DEBUG o.s.b.a.l.ConditionEvaluationReportLogger - 


============================
CONDITIONS EVALUATION REPORT
============================


Positive matches:
-----------------

   AopAutoConfiguration matched:
      - @ConditionalOnBooleanProperty (spring.aop.auto=true) matched (OnPropertyCondition)

   AopAutoConfiguration.AspectJAutoProxyingConfiguration matched:
      - @ConditionalOnClass found required class 'org.aspectj.weaver.Advice' (OnClassCondition)

   AopAutoConfiguration.AspectJAutoProxyingConfiguration.CglibAutoProxyConfiguration matched:
      - @ConditionalOnBooleanProperty (spring.aop.proxy-target-class=true) matched (OnPropertyCondition)

   ApplicationAvailabilityAutoConfiguration#applicationAvailability matched:
      - @ConditionalOnMissingBean (types: org.springframework.boot.availability.ApplicationAvailability; SearchStrategy: all) did not find any beans (OnBeanCondition)

   DataJpaRepositoriesAutoConfiguration matched:
      - @ConditionalOnClass found required class 'org.springframework.data.jpa.repository.JpaRepository' (OnClassCondition)
      - @ConditionalOnBooleanProperty (spring.data.jpa.repositories.enabled=true) matched (OnPropertyCondition)
      - @ConditionalOnBean (types: javax.sql.DataSource; SearchStrategy: all) found bean 'dataSource'; @ConditionalOnMissingBean (types: org.springframework.data.jpa.repository.support.JpaRepositoryFactoryBean,org.springframework.data.jpa.repository.config.JpaRepositoryConfigExtension; SearchStrategy: all) did not find any beans (OnBeanCondition)

   DataSourceAutoConfiguration matched:
      - @ConditionalOnClass found required classes 'javax.sql.DataSource', 'org.springframework.jdbc.datasource.embedded.EmbeddedDatabaseType' (OnClassCondition)
      - @ConditionalOnMissingBean (types: ?; SearchStrategy: all) did not find any beans (OnBeanCondition)

   DataSourceAutoConfiguration.PooledDataSourceConfiguration matched:
      - AnyNestedCondition 1 matched 1 did not; NestedCondition on DataSourceAutoConfiguration.PooledDataSourceCondition.PooledDataSourceAvailable PooledDataSource found supported DataSource; NestedCondition on DataSourceAutoConfiguration.PooledDataSourceCondition.ExplicitType @ConditionalOnProperty (spring.datasource.type) did not find property 'spring.datasource.type' (DataSourceAutoConfiguration.PooledDataSourceCondition)
      - @ConditionalOnMissingBean (types: javax.sql.DataSource,javax.sql.XADataSource; SearchStrategy: all) did not find any beans (OnBeanCondition)

   DataSourceAutoConfiguration.PooledDataSourceConfiguration#jdbcConnectionDetails matched:
      - @ConditionalOnMissingBean (types: org.springframework.boot.jdbc.autoconfigure.JdbcConnectionDetails; SearchStrategy: all) did not find any beans (OnBeanCondition)

   DataSourceConfiguration.Hikari matched:
      - @ConditionalOnClass found required class 'com.zaxxer.hikari.HikariDataSource' (OnClassCondition)
      - @ConditionalOnProperty (spring.datasource.type=com.zaxxer.hikari.HikariDataSource) matched (OnPropertyCondition)
      - @ConditionalOnMissingBean (types: javax.sql.DataSource; SearchStrategy: all) did not find any beans (OnBeanCondition)

   DataSourceInitializationAutoConfiguration matched:
      - @ConditionalOnClass found required class 'org.springframework.jdbc.datasource.init.DatabasePopulator' (OnClassCondition)
      - SQL InitializationDatabase Initialization default value is EMBEDDED (OnSqlInitializationCondition)
      - @ConditionalOnSingleCandidate (types: javax.sql.DataSource; SearchStrategy: all) found a single bean 'dataSource'; @ConditionalOnMissingBean (types: org.springframework.boot.sql.autoconfigure.init.ApplicationScriptDatabaseInitializer; SearchStrategy: all) did not find any beans (OnBeanCondition)

   DataSourcePoolMetadataProvidersConfiguration.HikariPoolDataSourceMetadataProviderConfiguration matched:
      - @ConditionalOnClass found required class 'com.zaxxer.hikari.HikariDataSource' (OnClassCondition)

   DataSourceTransactionManagerAutoConfiguration matched:
      - @ConditionalOnClass found required classes 'javax.sql.DataSource', 'org.springframework.jdbc.core.JdbcTemplate', 'org.springframework.transaction.TransactionManager' (OnClassCondition)

   DataSourceTransactionManagerAutoConfiguration.JdbcTransactionManagerConfiguration matched:
      - @ConditionalOnSingleCandidate (types: javax.sql.DataSource; SearchStrategy: all) found a single bean 'dataSource' (OnBeanCondition)

   DataWebAutoConfiguration matched:
      - @ConditionalOnClass found required classes 'org.springframework.data.web.PageableHandlerMethodArgumentResolver', 'org.springframework.web.servlet.config.annotation.WebMvcConfigurer' (OnClassCondition)
      - found 'session' scope (OnWebApplicationCondition)
      - @ConditionalOnMissingBean (types: org.springframework.data.web.PageableHandlerMethodArgumentResolver; SearchStrategy: all) did not find any beans (OnBeanCondition)

   DataWebAutoConfiguration#pageableCustomizer matched:
      - @ConditionalOnMissingBean (types: org.springframework.data.web.config.PageableHandlerMethodArgumentResolverCustomizer; SearchStrategy: all) did not find any beans (OnBeanCondition)

   DataWebAutoConfiguration#sortCustomizer matched:
      - @ConditionalOnMissingBean (types: org.springframework.data.web.config.SortHandlerMethodArgumentResolverCustomizer; SearchStrategy: all) did not find any beans (OnBeanCondition)

   DataWebAutoConfiguration#springDataWebSettings matched:
      - @ConditionalOnMissingBean (types: org.springframework.data.web.config.SpringDataWebSettings; SearchStrategy: all) did not find any beans (OnBeanCondition)

   DispatcherServletAutoConfiguration matched:
      - @ConditionalOnClass found required class 'org.springframework.web.servlet.DispatcherServlet' (OnClassCondition)
      - found 'session' scope (OnWebApplicationCondition)

   DispatcherServletAutoConfiguration.DispatcherServletConfiguration matched:
      - @ConditionalOnClass found required class 'jakarta.servlet.ServletRegistration' (OnClassCondition)
      - Default DispatcherServlet did not find dispatcher servlet beans (DispatcherServletAutoConfiguration.DefaultDispatcherServletCondition)

   DispatcherServletAutoConfiguration.DispatcherServletRegistrationConfiguration matched:
      - @ConditionalOnClass found required class 'jakarta.servlet.ServletRegistration' (OnClassCondition)
      - DispatcherServlet Registration did not find servlet registration bean (DispatcherServletAutoConfiguration.DispatcherServletRegistrationCondition)

   DispatcherServletAutoConfiguration.DispatcherServletRegistrationConfiguration#dispatcherServletRegistration matched:
      - @ConditionalOnBean (names: dispatcherServlet types: org.springframework.web.servlet.DispatcherServlet; SearchStrategy: all) found bean 'dispatcherServlet' (OnBeanCondition)

   ErrorMvcAutoConfiguration matched:
      - @ConditionalOnClass found required classes 'jakarta.servlet.Servlet', 'org.springframework.web.servlet.DispatcherServlet' (OnClassCondition)
      - found 'session' scope (OnWebApplicationCondition)

   ErrorMvcAutoConfiguration#basicErrorController matched:
      - @ConditionalOnMissingBean (types: org.springframework.boot.webmvc.error.ErrorController; SearchStrategy: current) did not find any beans (OnBeanCondition)

   ErrorMvcAutoConfiguration#errorAttributes matched:
      - @ConditionalOnMissingBean (types: org.springframework.boot.webmvc.error.ErrorAttributes; SearchStrategy: current) did not find any beans (OnBeanCondition)

   ErrorMvcAutoConfiguration.DefaultErrorViewResolverConfiguration#conventionErrorViewResolver matched:
      - @ConditionalOnBean (types: org.springframework.web.servlet.DispatcherServlet; SearchStrategy: all) found bean 'dispatcherServlet'; @ConditionalOnMissingBean (types: org.springframework.boot.webmvc.autoconfigure.error.ErrorViewResolver; SearchStrategy: all) did not find any beans (OnBeanCondition)

   ErrorMvcAutoConfiguration.WhitelabelErrorViewConfiguration matched:
      - @ConditionalOnBooleanProperty (spring.web.error.whitelabel.enabled=true) matched (OnPropertyCondition)
      - ErrorTemplate Missing did not find error template view (ErrorMvcAutoConfiguration.ErrorTemplateMissingCondition)

   ErrorMvcAutoConfiguration.WhitelabelErrorViewConfiguration#beanNameViewResolver matched:
      - @ConditionalOnMissingBean (types: org.springframework.web.servlet.view.BeanNameViewResolver; SearchStrategy: all) did not find any beans (OnBeanCondition)

   ErrorMvcAutoConfiguration.WhitelabelErrorViewConfiguration#defaultErrorView matched:
      - @ConditionalOnMissingBean (names: error; SearchStrategy: all) did not find any beans (OnBeanCondition)

   HibernateJpaAutoConfiguration matched:
      - @ConditionalOnClass found required classes 'org.springframework.orm.jpa.LocalContainerEntityManagerFactoryBean', 'jakarta.persistence.EntityManager', 'org.hibernate.engine.spi.SessionImplementor' (OnClassCondition)

   HibernateJpaConfiguration matched:
      - @ConditionalOnSingleCandidate (types: javax.sql.DataSource; SearchStrategy: all) found a single bean 'dataSource' (OnBeanCondition)

   HttpEncodingAutoConfiguration matched:
      - @ConditionalOnClass found required class 'org.springframework.web.filter.CharacterEncodingFilter' (OnClassCondition)
      - found 'session' scope (OnWebApplicationCondition)
      - @ConditionalOnBooleanProperty (spring.servlet.encoding.enabled=true) matched (OnPropertyCondition)

   HttpEncodingAutoConfiguration#characterEncodingFilter matched:
      - @ConditionalOnMissingBean (types: org.springframework.web.filter.CharacterEncodingFilter; SearchStrategy: all) did not find any beans (OnBeanCondition)

   HttpMessageConvertersAutoConfiguration matched:
      - @ConditionalOnClass found required class 'org.springframework.http.converter.HttpMessageConverter' (OnClassCondition)
      - NoneNestedConditions 0 matched 1 did not; NestedCondition on HttpMessageConvertersAutoConfiguration.NotReactiveWebApplicationCondition.ReactiveWebApplication did not find reactive web application classes (HttpMessageConvertersAutoConfiguration.NotReactiveWebApplicationCondition)

   HttpMessageConvertersAutoConfiguration.StringHttpMessageConverterConfiguration matched:
      - @ConditionalOnClass found required class 'org.springframework.http.converter.StringHttpMessageConverter' (OnClassCondition)

   HttpMessageConvertersAutoConfiguration.StringHttpMessageConverterConfiguration#stringHttpMessageConverter matched:
      - @ConditionalOnMissingBean (types: org.springframework.http.converter.StringHttpMessageConverter; SearchStrategy: all) did not find any beans (OnBeanCondition)

   JacksonAutoConfiguration matched:
      - @ConditionalOnClass found required class 'tools.jackson.databind.json.JsonMapper' (OnClassCondition)

   JacksonAutoConfiguration#jacksonJsonMapper matched:
      - @ConditionalOnMissingBean (types: tools.jackson.databind.json.JsonMapper; SearchStrategy: all) did not find any beans (OnBeanCondition)

   JacksonAutoConfiguration#jsonMapperBuilder matched:
      - @ConditionalOnMissingBean (types: tools.jackson.databind.json.JsonMapper$Builder; SearchStrategy: all) did not find any beans (OnBeanCondition)

   JacksonAutoConfiguration.JsonProblemDetailsConfiguration matched:
      - @ConditionalOnClass found required class 'org.springframework.http.ProblemDetail' (OnClassCondition)

   JacksonHttpMessageConvertersConfiguration.JacksonJsonHttpMessageConverterConfiguration matched:
      - @ConditionalOnClass found required class 'tools.jackson.databind.json.JsonMapper' (OnClassCondition)
      - @ConditionalOnProperty (spring.http.converters.preferred-json-mapper=jackson) matched (OnPropertyCondition)
      - @ConditionalOnBean (types: tools.jackson.databind.json.JsonMapper; SearchStrategy: all) found bean 'jacksonJsonMapper' (OnBeanCondition)

   JacksonHttpMessageConvertersConfiguration.JacksonJsonHttpMessageConverterConfiguration#jacksonJsonHttpMessageConverter matched:
      - @ConditionalOnMissingBean (types: org.springframework.http.converter.json.JacksonJsonHttpMessageConverter ignored: ?; SearchStrategy: all) did not find any beans (OnBeanCondition)

   JdbcClientAutoConfiguration matched:
      - @ConditionalOnSingleCandidate (types: org.springframework.jdbc.core.namedparam.NamedParameterJdbcTemplate; SearchStrategy: all) found a single bean 'namedParameterJdbcTemplate'; @ConditionalOnMissingBean (types: org.springframework.jdbc.core.simple.JdbcClient; SearchStrategy: all) did not find any beans (OnBeanCondition)

   JdbcTemplateAutoConfiguration matched:
      - @ConditionalOnClass found required classes 'javax.sql.DataSource', 'org.springframework.jdbc.core.JdbcTemplate' (OnClassCondition)
      - @ConditionalOnSingleCandidate (types: javax.sql.DataSource; SearchStrategy: all) found a single bean 'dataSource' (OnBeanCondition)

   JdbcTemplateConfiguration matched:
      - @ConditionalOnMissingBean (types: org.springframework.jdbc.core.JdbcOperations; SearchStrategy: all) did not find any beans (OnBeanCondition)

   JpaBaseConfiguration#entityManagerFactory matched:
      - @ConditionalOnMissingBean (types: org.springframework.orm.jpa.LocalContainerEntityManagerFactoryBean,jakarta.persistence.EntityManagerFactory; SearchStrategy: all) did not find any beans (OnBeanCondition)

   JpaBaseConfiguration#entityManagerFactoryBuilder matched:
      - @ConditionalOnMissingBean (types: org.springframework.boot.jpa.EntityManagerFactoryBuilder; SearchStrategy: all) did not find any beans (OnBeanCondition)

   JpaBaseConfiguration#jpaVendorAdapter matched:
      - @ConditionalOnMissingBean (types: org.springframework.orm.jpa.JpaVendorAdapter; SearchStrategy: all) did not find any beans (OnBeanCondition)

   JpaBaseConfiguration#transactionManager matched:
      - @ConditionalOnMissingBean (types: org.springframework.transaction.TransactionManager; SearchStrategy: all) did not find any beans (OnBeanCondition)

   JpaBaseConfiguration.PersistenceManagedTypesConfiguration matched:
      - @ConditionalOnMissingBean (types: org.springframework.orm.jpa.LocalContainerEntityManagerFactoryBean,jakarta.persistence.EntityManagerFactory; SearchStrategy: all) did not find any beans (OnBeanCondition)

   JpaBaseConfiguration.PersistenceManagedTypesConfiguration#persistenceManagedTypes matched:
      - @ConditionalOnMissingBean (types: org.springframework.orm.jpa.persistenceunit.PersistenceManagedTypes; SearchStrategy: all) did not find any beans (OnBeanCondition)

   JtaAutoConfiguration matched:
      - @ConditionalOnClass found required class 'jakarta.transaction.Transaction' (OnClassCondition)
      - @ConditionalOnBooleanProperty (spring.jta.enabled=true) matched (OnPropertyCondition)

   LifecycleAutoConfiguration#defaultLifecycleProcessor matched:
      - @ConditionalOnMissingBean (names: lifecycleProcessor; SearchStrategy: current) did not find any beans (OnBeanCondition)

   MultipartAutoConfiguration matched:
      - @ConditionalOnClass found required classes 'jakarta.servlet.Servlet', 'org.springframework.web.multipart.support.StandardServletMultipartResolver', 'jakarta.servlet.MultipartConfigElement' (OnClassCondition)
      - found 'session' scope (OnWebApplicationCondition)
      - @ConditionalOnBooleanProperty (spring.servlet.multipart.enabled=true) matched (OnPropertyCondition)

   MultipartAutoConfiguration#multipartConfigElement matched:
      - @ConditionalOnMissingBean (types: jakarta.servlet.MultipartConfigElement; SearchStrategy: all) did not find any beans (OnBeanCondition)

   MultipartAutoConfiguration#multipartResolver matched:
      - @ConditionalOnMissingBean (types: org.springframework.web.multipart.MultipartResolver; SearchStrategy: all) did not find any beans (OnBeanCondition)

   NamedParameterJdbcTemplateConfiguration matched:
      - @ConditionalOnSingleCandidate (types: org.springframework.jdbc.core.JdbcTemplate; SearchStrategy: all) found a single bean 'jdbcTemplate'; @ConditionalOnMissingBean (types: org.springframework.jdbc.core.namedparam.NamedParameterJdbcOperations; SearchStrategy: all) did not find any beans (OnBeanCondition)

   PersistenceExceptionTranslationAutoConfiguration matched:
      - @ConditionalOnClass found required class 'org.springframework.dao.annotation.PersistenceExceptionTranslationPostProcessor' (OnClassCondition)

   PersistenceExceptionTranslationAutoConfiguration#persistenceExceptionTranslationPostProcessor matched:
      - @ConditionalOnBooleanProperty (spring.persistence.exceptiontranslation.enabled=true) matched (OnPropertyCondition)
      - @ConditionalOnMissingBean (types: org.springframework.dao.annotation.PersistenceExceptionTranslationPostProcessor; SearchStrategy: all) did not find any beans (OnBeanCondition)

   PropertyPlaceholderAutoConfiguration#propertySourcesPlaceholderConfigurer matched:
      - @ConditionalOnMissingBean (types: org.springframework.context.support.PropertySourcesPlaceholderConfigurer; SearchStrategy: current) did not find any beans (OnBeanCondition)

   SecurityAutoConfiguration matched:
      - @ConditionalOnClass found required class 'org.springframework.security.authentication.DefaultAuthenticationEventPublisher' (OnClassCondition)

   SecurityAutoConfiguration#authenticationEventPublisher matched:
      - @ConditionalOnMissingBean (types: org.springframework.security.authentication.AuthenticationEventPublisher; SearchStrategy: all) did not find any beans (OnBeanCondition)

   SecurityFilterAutoConfiguration matched:
      - @ConditionalOnClass found required classes 'org.springframework.security.web.context.AbstractSecurityWebApplicationInitializer', 'org.springframework.security.config.http.SessionCreationPolicy' (OnClassCondition)
      - found 'session' scope (OnWebApplicationCondition)

   SecurityFilterAutoConfiguration#securityFilterChainRegistration matched:
      - @ConditionalOnBean (names: springSecurityFilterChain; SearchStrategy: all) found bean 'springSecurityFilterChain' (OnBeanCondition)

   ServletWebSecurityAutoConfiguration matched:
      - @ConditionalOnClass found required class 'org.springframework.security.config.annotation.web.configuration.EnableWebSecurity' (OnClassCondition)
      - found 'session' scope (OnWebApplicationCondition)

   ServletWebSecurityAutoConfiguration.PathPatternRequestMatcherBuilderConfiguration matched:
      - @ConditionalOnClass found required class 'org.springframework.boot.webmvc.autoconfigure.DispatcherServletPath' (OnClassCondition)
      - @ConditionalOnBean (types: org.springframework.boot.webmvc.autoconfigure.DispatcherServletPath; SearchStrategy: all) found bean 'dispatcherServletRegistration' (OnBeanCondition)

   ServletWebSecurityAutoConfiguration.PathPatternRequestMatcherBuilderConfiguration#pathPatternRequestMatcherBuilder matched:
      - @ConditionalOnMissingBean (types: org.springframework.security.web.servlet.util.matcher.PathPatternRequestMatcher$Builder; SearchStrategy: all) did not find any beans (OnBeanCondition)

   SslAutoConfiguration#sslBundleRegistry matched:
      - @ConditionalOnMissingBean (types: org.springframework.boot.ssl.SslBundleRegistry,org.springframework.boot.ssl.SslBundles; SearchStrategy: all) did not find any beans (OnBeanCondition)

   TaskExecutionAutoConfiguration matched:
      - @ConditionalOnClass found required class 'org.springframework.scheduling.concurrent.ThreadPoolTaskExecutor' (OnClassCondition)

   TaskExecutorConfigurations.AsyncConfigurerConfiguration matched:
      - @ConditionalOnMissingBean (types: org.springframework.scheduling.annotation.AsyncConfigurer; SearchStrategy: all) did not find any beans (OnBeanCondition)

   TaskExecutorConfigurations.SimpleAsyncTaskExecutorBuilderConfiguration#simpleAsyncTaskExecutorBuilder matched:
      - @ConditionalOnMissingBean (types: org.springframework.boot.task.SimpleAsyncTaskExecutorBuilder; SearchStrategy: all) did not find any beans (OnBeanCondition)
      - @ConditionalOnThreading found PLATFORM (OnThreadingCondition)

   TaskExecutorConfigurations.TaskExecutorConfiguration matched:
      - AnyNestedCondition 1 matched 1 did not; NestedCondition on TaskExecutorConfigurations.OnExecutorCondition.ModelCondition @ConditionalOnProperty (spring.task.execution.mode=force) did not find property 'spring.task.execution.mode'; NestedCondition on TaskExecutorConfigurations.OnExecutorCondition.ExecutorBeanCondition @ConditionalOnMissingBean (types: java.util.concurrent.Executor; SearchStrategy: all) did not find any beans (TaskExecutorConfigurations.OnExecutorCondition)

   TaskExecutorConfigurations.TaskExecutorConfiguration#applicationTaskExecutor matched:
      - @ConditionalOnThreading found PLATFORM (OnThreadingCondition)

   TaskExecutorConfigurations.ThreadPoolTaskExecutorBuilderConfiguration#threadPoolTaskExecutorBuilder matched:
      - @ConditionalOnMissingBean (types: org.springframework.boot.task.ThreadPoolTaskExecutorBuilder; SearchStrategy: all) did not find any beans (OnBeanCondition)

   TaskSchedulingAutoConfiguration matched:
      - @ConditionalOnClass found required class 'org.springframework.scheduling.concurrent.ThreadPoolTaskScheduler' (OnClassCondition)

   TaskSchedulingConfigurations.SimpleAsyncTaskSchedulerBuilderConfiguration#simpleAsyncTaskSchedulerBuilder matched:
      - @ConditionalOnMissingBean (types: org.springframework.boot.task.SimpleAsyncTaskSchedulerBuilder; SearchStrategy: all) did not find any beans (OnBeanCondition)
      - @ConditionalOnThreading found PLATFORM (OnThreadingCondition)

   TaskSchedulingConfigurations.ThreadPoolTaskSchedulerBuilderConfiguration#threadPoolTaskSchedulerBuilder matched:
      - @ConditionalOnMissingBean (types: org.springframework.boot.task.ThreadPoolTaskSchedulerBuilder; SearchStrategy: all) did not find any beans (OnBeanCondition)

   TomcatServletWebServerAutoConfiguration matched:
      - @ConditionalOnClass found required classes 'jakarta.servlet.ServletRequest', 'org.apache.catalina.startup.Tomcat', 'org.apache.coyote.UpgradeProtocol', 'org.springframework.boot.tomcat.servlet.TomcatServletWebServerFactory' (OnClassCondition)
      - found 'session' scope (OnWebApplicationCondition)

   TomcatServletWebServerAutoConfiguration#tomcatServletWebServerFactory matched:
      - @ConditionalOnMissingBean (types: org.springframework.boot.web.server.servlet.ServletWebServerFactory; SearchStrategy: current) did not find any beans (OnBeanCondition)

   TomcatWebServerConfiguration matched:
      - @ConditionalOnWarDeployment the application is not deployed as a WAR file. (OnWarDeploymentCondition)

   TomcatWebServerConfiguration.TomcatWebSocketConfiguration matched:
      - @ConditionalOnClass found required class 'org.apache.tomcat.websocket.server.WsSci' (OnClassCondition)

   TransactionAutoConfiguration matched:
      - @ConditionalOnClass found required class 'org.springframework.transaction.PlatformTransactionManager' (OnClassCondition)

   TransactionAutoConfiguration.EnableTransactionManagementConfiguration matched:
      - @ConditionalOnBean (types: org.springframework.transaction.TransactionManager; SearchStrategy: all) found bean 'transactionManager'; @ConditionalOnMissingBean (types: org.springframework.transaction.annotation.AbstractTransactionManagementConfiguration; SearchStrategy: all) did not find any beans (OnBeanCondition)

   TransactionAutoConfiguration.EnableTransactionManagementConfiguration.CglibAutoProxyConfiguration matched:
      - @ConditionalOnBooleanProperty (spring.aop.proxy-target-class=true) matched (OnPropertyCondition)

   TransactionAutoConfiguration.TransactionTemplateConfiguration matched:
      - @ConditionalOnSingleCandidate (types: org.springframework.transaction.PlatformTransactionManager; SearchStrategy: all) found a single bean 'transactionManager' (OnBeanCondition)

   TransactionAutoConfiguration.TransactionTemplateConfiguration#transactionTemplate matched:
      - @ConditionalOnMissingBean (types: org.springframework.transaction.support.TransactionOperations; SearchStrategy: all) did not find any beans (OnBeanCondition)

   TransactionManagerCustomizationAutoConfiguration matched:
      - @ConditionalOnClass found required class 'org.springframework.transaction.PlatformTransactionManager' (OnClassCondition)

   TransactionManagerCustomizationAutoConfiguration#platformTransactionManagerCustomizers matched:
      - @ConditionalOnMissingBean (types: org.springframework.boot.transaction.autoconfigure.TransactionManagerCustomizers; SearchStrategy: all) did not find any beans (OnBeanCondition)

   UserDetailsServiceAutoConfiguration matched:
      - @ConditionalOnClass found required class 'org.springframework.security.authentication.AuthenticationManager' (OnClassCondition)
      - found 'session' scope (OnWebApplicationCondition)
      - AnyNestedCondition 1 matched 2 did not; NestedCondition on MissingAlternativeUserDetailsManagerOrUserPropertiesConfigured.PasswordConfigured @ConditionalOnProperty (spring.security.user.password) did not find property 'spring.security.user.password'; NestedCondition on MissingAlternativeUserDetailsManagerOrUserPropertiesConfigured.NameConfigured @ConditionalOnProperty (spring.security.user.name) did not find property 'spring.security.user.name'; NestedCondition on MissingAlternativeUserDetailsManagerOrUserPropertiesConfigured.MissingAlternative @ConditionalOnMissingClass did not find unwanted classes 'org.springframework.security.oauth2.client.registration.ClientRegistrationRepository', 'org.springframework.security.oauth2.server.resource.introspection.OpaqueTokenIntrospector', 'org.springframework.security.saml2.provider.service.registration.RelyingPartyRegistrationRepository' (MissingAlternativeUserDetailsManagerOrUserPropertiesConfigured)
      - @ConditionalOnMissingBean (types: org.springframework.security.authentication.AuthenticationManager,org.springframework.security.authentication.AuthenticationProvider,org.springframework.security.core.userdetails.UserDetailsService,org.springframework.security.authentication.AuthenticationManagerResolver,?; SearchStrategy: all) did not find any beans (OnBeanCondition)

   WebMvcAutoConfiguration matched:
      - @ConditionalOnClass found required classes 'jakarta.servlet.Servlet', 'org.springframework.web.servlet.DispatcherServlet', 'org.springframework.web.servlet.config.annotation.WebMvcConfigurer' (OnClassCondition)
      - found 'session' scope (OnWebApplicationCondition)
      - @ConditionalOnMissingBean (types: org.springframework.web.servlet.config.annotation.WebMvcConfigurationSupport; SearchStrategy: all) did not find any beans (OnBeanCondition)

   WebMvcAutoConfiguration#formContentFilter matched:
      - @ConditionalOnBooleanProperty (spring.mvc.formcontent.filter.enabled=true) matched (OnPropertyCondition)
      - @ConditionalOnMissingBean (types: org.springframework.web.filter.FormContentFilter; SearchStrategy: all) did not find any beans (OnBeanCondition)

   WebMvcAutoConfiguration.EnableWebMvcConfiguration#flashMapManager matched:
      - @ConditionalOnMissingBean (names: flashMapManager; SearchStrategy: all) did not find any beans (OnBeanCondition)

   WebMvcAutoConfiguration.EnableWebMvcConfiguration#localeResolver matched:
      - @ConditionalOnMissingBean (names: localeResolver; SearchStrategy: all) did not find any beans (OnBeanCondition)

   WebMvcAutoConfiguration.EnableWebMvcConfiguration#viewNameTranslator matched:
      - @ConditionalOnMissingBean (names: viewNameTranslator; SearchStrategy: all) did not find any beans (OnBeanCondition)

   WebMvcAutoConfiguration.WebMvcAutoConfigurationAdapter#defaultViewResolver matched:
      - @ConditionalOnMissingBean (types: org.springframework.web.servlet.view.InternalResourceViewResolver; SearchStrategy: all) did not find any beans (OnBeanCondition)

   WebMvcAutoConfiguration.WebMvcAutoConfigurationAdapter#requestContextFilter matched:
      - @ConditionalOnMissingBean (types: org.springframework.web.context.request.RequestContextListener,org.springframework.web.filter.RequestContextFilter; SearchStrategy: all) did not find any beans (OnBeanCondition)

   WebMvcAutoConfiguration.WebMvcAutoConfigurationAdapter#viewResolver matched:
      - @ConditionalOnBean (types: org.springframework.web.servlet.ViewResolver; SearchStrategy: all) found beans 'defaultViewResolver', 'beanNameViewResolver', 'mvcViewResolver'; @ConditionalOnMissingBean (names: viewResolver types: org.springframework.web.servlet.view.ContentNegotiatingViewResolver; SearchStrategy: all) did not find any beans (OnBeanCondition)


Negative matches:
-----------------

   AopAutoConfiguration.AspectJAutoProxyingConfiguration.JdkDynamicAutoProxyConfiguration:
      Did not match:
         - @ConditionalOnBooleanProperty (spring.aop.proxy-target-class=false) did not find property 'spring.aop.proxy-target-class' (OnPropertyCondition)

   AopAutoConfiguration.ClassProxyingConfiguration:
      Did not match:
         - @ConditionalOnMissingClass found unwanted class 'org.aspectj.weaver.Advice' (OnClassCondition)

   DataJpaRepositoriesAutoConfiguration#entityManagerFactoryBootstrapExecutorCustomizer:
      Did not match:
         - AnyNestedCondition 0 matched 2 did not; NestedCondition on DataJpaRepositoriesAutoConfiguration.BootstrapExecutorCondition.LazyBootstrapMode @ConditionalOnProperty (spring.data.jpa.repositories.bootstrap-mode=lazy) did not find property 'spring.data.jpa.repositories.bootstrap-mode'; NestedCondition on DataJpaRepositoriesAutoConfiguration.BootstrapExecutorCondition.DeferredBootstrapMode @ConditionalOnProperty (spring.data.jpa.repositories.bootstrap-mode=deferred) did not find property 'spring.data.jpa.repositories.bootstrap-mode' (DataJpaRepositoriesAutoConfiguration.BootstrapExecutorCondition)

   DataRepositoryMetricsAutoConfiguration:
      Did not match:
         - @ConditionalOnBean did not find required type 'io.micrometer.core.instrument.MeterRegistry' (OnBeanCondition)

   DataSourceAutoConfiguration.EmbeddedDatabaseConfiguration:
      Did not match:
         - EmbeddedDataSource spring.datasource.url is set (DataSourceAutoConfiguration.EmbeddedDatabaseCondition)

   DataSourceCheckpointRestoreConfiguration:
      Did not match:
         - @ConditionalOnClass did not find required class 'org.crac.Resource' (OnClassCondition)

   DataSourceConfiguration.Dbcp2:
      Did not match:
         - @ConditionalOnClass did not find required class 'org.apache.commons.dbcp2.BasicDataSource' (OnClassCondition)

   DataSourceConfiguration.Generic:
      Did not match:
         - @ConditionalOnProperty (spring.datasource.type) did not find property 'spring.datasource.type' (OnPropertyCondition)

   DataSourceConfiguration.OracleUcp:
      Did not match:
         - @ConditionalOnClass did not find required classes 'oracle.ucp.jdbc.PoolDataSourceImpl', 'oracle.jdbc.OracleConnection' (OnClassCondition)

   DataSourceConfiguration.Tomcat:
      Did not match:
         - @ConditionalOnClass did not find required class 'org.apache.tomcat.jdbc.pool.DataSource' (OnClassCondition)

   DataSourceHealthContributorAutoConfiguration:
      Did not match:
         - @ConditionalOnClass did not find required class 'org.springframework.boot.health.autoconfigure.contributor.ConditionalOnEnabledHealthIndicator' (OnClassCondition)

   DataSourceJmxConfiguration:
      Did not match:
         - @ConditionalOnBooleanProperty (spring.jmx.enabled=true) did not find property 'spring.jmx.enabled' (OnPropertyCondition)

   DataSourcePoolMetadataProvidersConfiguration.CommonsDbcp2PoolDataSourceMetadataProviderConfiguration:
      Did not match:
         - @ConditionalOnClass did not find required class 'org.apache.commons.dbcp2.BasicDataSource' (OnClassCondition)

   DataSourcePoolMetadataProvidersConfiguration.OracleUcpPoolDataSourceMetadataProviderConfiguration:
      Did not match:
         - @ConditionalOnClass did not find required classes 'oracle.ucp.jdbc.PoolDataSource', 'oracle.jdbc.OracleConnection' (OnClassCondition)

   DataSourcePoolMetadataProvidersConfiguration.TomcatDataSourcePoolMetadataProviderConfiguration:
      Did not match:
         - @ConditionalOnClass did not find required class 'org.apache.tomcat.jdbc.pool.DataSource' (OnClassCondition)

   DataSourcePoolMetricsAutoConfiguration:
      Did not match:
         - @ConditionalOnClass did not find required class 'io.micrometer.core.instrument.MeterRegistry' (OnClassCondition)

   DataSourceTransactionManagerAutoConfiguration.JdbcTransactionManagerConfiguration#transactionManager:
      Did not match:
         - @ConditionalOnMissingBean (types: org.springframework.transaction.TransactionManager; SearchStrategy: all) found beans of type 'org.springframework.transaction.TransactionManager' transactionManager (OnBeanCondition)

   DispatcherServletAutoConfiguration.DispatcherServletConfiguration#multipartResolver:
      Did not match:
         - @ConditionalOnBean (types: org.springframework.web.multipart.MultipartResolver; SearchStrategy: all) did not find any beans of type org.springframework.web.multipart.MultipartResolver (OnBeanCondition)

   GsonHttpMessageConvertersConfiguration:
      Did not match:
         - @ConditionalOnClass did not find required class 'com.google.gson.Gson' (OnClassCondition)

   HibernateMetricsAutoConfiguration:
      Did not match:
         - @ConditionalOnClass did not find required class 'io.micrometer.core.instrument.MeterRegistry' (OnClassCondition)

   Jackson2HttpMessageConvertersConfiguration.MappingJackson2HttpMessageConverterConfiguration:
      Did not match:
         - @ConditionalOnClass did not find required class 'com.fasterxml.jackson.databind.ObjectMapper' (OnClassCondition)

   Jackson2HttpMessageConvertersConfiguration.MappingJackson2XmlHttpMessageConverterConfiguration:
      Did not match:
         - @ConditionalOnClass did not find required class 'tools.jackson.dataformat.xml.XmlMapper' (OnClassCondition)

   JacksonAutoConfiguration.CborConfiguration:
      Did not match:
         - @ConditionalOnClass did not find required class 'tools.jackson.dataformat.cbor.CBORMapper' (OnClassCondition)

   JacksonAutoConfiguration.XmlConfiguration:
      Did not match:
         - @ConditionalOnClass did not find required class 'tools.jackson.dataformat.xml.XmlMapper' (OnClassCondition)

   JacksonHttpMessageConvertersConfiguration.JacksonXmlHttpMessageConverterConfiguration:
      Did not match:
         - @ConditionalOnClass did not find required class 'tools.jackson.dataformat.xml.XmlMapper' (OnClassCondition)

   JmxAutoConfiguration:
      Did not match:
         - @ConditionalOnBooleanProperty (spring.jmx.enabled=true) did not find property 'spring.jmx.enabled' (OnPropertyCondition)
      Matched:
         - @ConditionalOnClass found required class 'org.springframework.jmx.export.MBeanExporter' (OnClassCondition)

   JndiDataSourceAutoConfiguration:
      Did not match:
         - @ConditionalOnProperty (spring.datasource.jndi-name) did not find property 'spring.datasource.jndi-name' (OnPropertyCondition)
      Matched:
         - @ConditionalOnClass found required classes 'javax.sql.DataSource', 'org.springframework.jdbc.datasource.embedded.EmbeddedDatabaseType' (OnClassCondition)

   JndiJtaConfiguration:
      Did not match:
         - @ConditionalOnJndi JNDI environment is not available (OnJndiCondition)
      Matched:
         - @ConditionalOnClass found required class 'org.springframework.transaction.jta.JtaTransactionManager' (OnClassCondition)

   JpaBaseConfiguration.JpaWebConfiguration:
      Did not match:
         - @ConditionalOnBooleanProperty (spring.jpa.open-in-view=true) found different value in property 'spring.jpa.open-in-view' (OnPropertyCondition)
      Matched:
         - @ConditionalOnClass found required class 'org.springframework.web.servlet.config.annotation.WebMvcConfigurer' (OnClassCondition)
         - found 'session' scope (OnWebApplicationCondition)

   JsonbHttpMessageConvertersConfiguration:
      Did not match:
         - @ConditionalOnClass did not find required class 'jakarta.json.bind.Jsonb' (OnClassCondition)

   KotlinSerializationHttpMessageConvertersConfiguration:
      Did not match:
         - @ConditionalOnClass did not find required classes 'kotlinx.serialization.Serializable', 'kotlinx.serialization.json.Json' (OnClassCondition)

   ManagementWebSecurityAutoConfiguration:
      Did not match:
         - @ConditionalOnClass did not find required class 'org.springframework.boot.actuate.autoconfigure.endpoint.web.WebEndpointAutoConfiguration' (OnClassCondition)

   MessageSourceAutoConfiguration:
      Did not match:
         - ResourceBundle did not find bundle with basename messages (MessageSourceAutoConfiguration.ResourceBundleCondition)

   ProjectInfoAutoConfiguration#buildProperties:
      Did not match:
         - @ConditionalOnResource did not find resource '${spring.info.build.location:classpath:META-INF/build-info.properties}' (OnResourceCondition)

   ProjectInfoAutoConfiguration#gitProperties:
      Did not match:
         - GitResource did not find git info at classpath:git.properties (ProjectInfoAutoConfiguration.GitResourceAvailableCondition)

   RSocketSecurityAutoConfiguration:
      Did not match:
         - @ConditionalOnClass did not find required class 'org.springframework.boot.rsocket.server.RSocketServerCustomizer' (OnClassCondition)

   ReactiveManagementWebSecurityAutoConfiguration:
      Did not match:
         - @ConditionalOnClass did not find required class 'org.springframework.boot.actuate.autoconfigure.endpoint.web.WebEndpointAutoConfiguration' (OnClassCondition)

   ReactiveUserDetailsServiceAutoConfiguration:
      Did not match:
         - AnyNestedCondition 0 matched 2 did not; NestedCondition on ReactiveUserDetailsServiceAutoConfiguration.RSocketEnabledOrReactiveWebApplication.ReactiveWebApplicationCondition did not find reactive web application classes; NestedCondition on ReactiveUserDetailsServiceAutoConfiguration.RSocketEnabledOrReactiveWebApplication.RSocketSecurityEnabledCondition @ConditionalOnBean (types: ?; SearchStrategy: all) did not find any beans of type ? (ReactiveUserDetailsServiceAutoConfiguration.RSocketEnabledOrReactiveWebApplication)
      Matched:
         - @ConditionalOnClass found required class 'org.springframework.security.authentication.ReactiveAuthenticationManager' (OnClassCondition)
         - AnyNestedCondition 1 matched 2 did not; NestedCondition on MissingAlternativeUserDetailsManagerOrUserPropertiesConfigured.PasswordConfigured @ConditionalOnProperty (spring.security.user.password) did not find property 'spring.security.user.password'; NestedCondition on MissingAlternativeUserDetailsManagerOrUserPropertiesConfigured.NameConfigured @ConditionalOnProperty (spring.security.user.name) did not find property 'spring.security.user.name'; NestedCondition on MissingAlternativeUserDetailsManagerOrUserPropertiesConfigured.MissingAlternative @ConditionalOnMissingClass did not find unwanted classes 'org.springframework.security.oauth2.client.registration.ClientRegistrationRepository', 'org.springframework.security.oauth2.server.resource.introspection.OpaqueTokenIntrospector', 'org.springframework.security.saml2.provider.service.registration.RelyingPartyRegistrationRepository' (MissingAlternativeUserDetailsManagerOrUserPropertiesConfigured)

   ReactiveWebSecurityAutoConfiguration:
      Did not match:
         - @ConditionalOnClass did not find required class 'reactor.core.publisher.Flux' (OnClassCondition)

   SecurityAutoConfiguration.SecurityDataConfiguration:
      Did not match:
         - @ConditionalOnClass did not find required class 'org.springframework.security.data.repository.query.SecurityEvaluationContextExtension' (OnClassCondition)

   ServletHttpExchangesAutoConfiguration:
      Did not match:
         - @ConditionalOnBean did not find required type 'org.springframework.boot.actuate.web.exchanges.HttpExchangeRepository' (OnBeanCondition)

   ServletManagementContextAutoConfiguration:
      Did not match:
         - @ConditionalOnClass did not find required class 'org.springframework.boot.actuate.autoconfigure.endpoint.web.WebEndpointProperties' (OnClassCondition)

   ServletMappingsAutoConfiguration:
      Did not match:
         - @ConditionalOnClass did not find required class 'org.springframework.boot.actuate.autoconfigure.endpoint.condition.ConditionalOnAvailableEndpoint' (OnClassCondition)

   ServletWebSecurityAutoConfiguration.EnableWebSecurityConfiguration:
      Did not match:
         - @ConditionalOnMissingBean (names: springSecurityFilterChain; SearchStrategy: all) found beans named springSecurityFilterChain (OnBeanCondition)
      Matched:
         - @ConditionalOnClass found required class 'org.springframework.security.config.annotation.web.configuration.EnableWebSecurity' (OnClassCondition)

   ServletWebSecurityAutoConfiguration.SecurityFilterChainConfiguration:
      Did not match:
         - AllNestedConditions 1 matched 1 did not; NestedCondition on DefaultWebSecurityCondition.Beans @ConditionalOnMissingBean (types: org.springframework.security.web.SecurityFilterChain; SearchStrategy: all) found beans of type 'org.springframework.security.web.SecurityFilterChain' filterChain; NestedCondition on DefaultWebSecurityCondition.Classes @ConditionalOnClass found required classes 'org.springframework.security.web.SecurityFilterChain', 'org.springframework.security.config.annotation.web.builders.HttpSecurity' (DefaultWebSecurityCondition)

   ServletWebServerConfiguration#forwardedHeaderFilter:
      Did not match:
         - @ConditionalOnProperty (server.forward-headers-strategy=framework) did not find property 'server.forward-headers-strategy' (OnPropertyCondition)

   SpringApplicationAdminJmxAutoConfiguration:
      Did not match:
         - @ConditionalOnBooleanProperty (spring.application.admin.enabled=true) did not find property 'spring.application.admin.enabled' (OnPropertyCondition)

   TaskExecutorConfigurations.AsyncConfigurerWrapperConfiguration:
      Did not match:
         - @ConditionalOnBean (types: org.springframework.scheduling.annotation.AsyncConfigurer; SearchStrategy: all) did not find any beans of type org.springframework.scheduling.annotation.AsyncConfigurer (OnBeanCondition)

   TaskExecutorConfigurations.SimpleAsyncTaskExecutorBuilderConfiguration#simpleAsyncTaskExecutorBuilderVirtualThreads:
      Did not match:
         - @ConditionalOnMissingBean (types: org.springframework.boot.task.SimpleAsyncTaskExecutorBuilder; SearchStrategy: all) found beans of type 'org.springframework.boot.task.SimpleAsyncTaskExecutorBuilder' simpleAsyncTaskExecutorBuilder (OnBeanCondition)

   TaskExecutorConfigurations.TaskExecutorConfiguration#applicationTaskExecutorVirtualThreads:
      Did not match:
         - @ConditionalOnThreading did not find VIRTUAL (OnThreadingCondition)

   TaskSchedulingAutoConfiguration#scheduledBeanLazyInitializationExcludeFilter:
      Did not match:
         - @ConditionalOnBean (names: org.springframework.scheduling.config.internalScheduledAnnotationProcessor; SearchStrategy: all) did not find any beans named org.springframework.scheduling.config.internalScheduledAnnotationProcessor (OnBeanCondition)

   TaskSchedulingConfigurations.SimpleAsyncTaskSchedulerBuilderConfiguration#simpleAsyncTaskSchedulerBuilderVirtualThreads:
      Did not match:
         - @ConditionalOnMissingBean (types: org.springframework.boot.task.SimpleAsyncTaskSchedulerBuilder; SearchStrategy: all) found beans of type 'org.springframework.boot.task.SimpleAsyncTaskSchedulerBuilder' simpleAsyncTaskSchedulerBuilder (OnBeanCondition)

   TaskSchedulingConfigurations.TaskSchedulerConfiguration:
      Did not match:
         - @ConditionalOnBean (names: org.springframework.scheduling.config.internalScheduledAnnotationProcessor; SearchStrategy: all) did not find any beans named org.springframework.scheduling.config.internalScheduledAnnotationProcessor (OnBeanCondition)

   TomcatMetricsAutoConfiguration:
      Did not match:
         - @ConditionalOnClass did not find required class 'io.micrometer.core.instrument.binder.tomcat.TomcatMetrics' (OnClassCondition)

   TomcatReactiveManagementContextAutoConfiguration:
      Did not match:
         - @ConditionalOnClass did not find required class 'org.springframework.boot.actuate.autoconfigure.web.server.ManagementContextFactory' (OnClassCondition)

   TomcatReactiveWebServerAutoConfiguration:
      Did not match:
         - @ConditionalOnWebApplication did not find reactive web application classes (OnWebApplicationCondition)

   TomcatServletManagementContextAutoConfiguration:
      Did not match:
         - @ConditionalOnClass did not find required class 'org.springframework.boot.actuate.autoconfigure.web.server.ManagementContextFactory' (OnClassCondition)

   TomcatServletWebServerAutoConfiguration#tomcatForwardedHeaderFilterCustomizer:
      Did not match:
         - @ConditionalOnProperty (server.forward-headers-strategy=framework) did not find property 'server.forward-headers-strategy' (OnPropertyCondition)

   TomcatWebServerConfiguration#tomcatVirtualThreadsProtocolHandlerCustomizer:
      Did not match:
         - @ConditionalOnThreading did not find VIRTUAL (OnThreadingCondition)

   TransactionAutoConfiguration#transactionalOperator:
      Did not match:
         - @ConditionalOnSingleCandidate (types: org.springframework.transaction.ReactiveTransactionManager; SearchStrategy: all) did not find any beans (OnBeanCondition)

   TransactionAutoConfiguration.AspectJTransactionManagementConfiguration:
      Did not match:
         - @ConditionalOnBean (types: org.springframework.transaction.aspectj.AbstractTransactionAspect; SearchStrategy: all) did not find any beans of type org.springframework.transaction.aspectj.AbstractTransactionAspect (OnBeanCondition)

   TransactionAutoConfiguration.EnableTransactionManagementConfiguration.JdkDynamicAutoProxyConfiguration:
      Did not match:
         - @ConditionalOnBooleanProperty (spring.aop.proxy-target-class=false) did not find property 'spring.aop.proxy-target-class' (OnPropertyCondition)

   WebMvcAutoConfiguration#hiddenHttpMethodFilter:
      Did not match:
         - @ConditionalOnBooleanProperty (spring.mvc.hiddenmethod.filter.enabled=true) did not find property 'spring.mvc.hiddenmethod.filter.enabled' (OnPropertyCondition)

   WebMvcAutoConfiguration.ProblemDetailsErrorHandlingConfiguration:
      Did not match:
         - @ConditionalOnBooleanProperty (spring.mvc.problemdetails.enabled=true) did not find property 'spring.mvc.problemdetails.enabled' (OnPropertyCondition)

   WebMvcAutoConfiguration.ResourceChainCustomizerConfiguration:
      Did not match:
         - @ConditionalOnEnabledResourceChain did not find class org.webjars.WebJarVersionLocator (OnEnabledResourceChainCondition)

   WebMvcAutoConfiguration.WebMvcAutoConfigurationAdapter#beanNameViewResolver:
      Did not match:
         - @ConditionalOnMissingBean (types: org.springframework.web.servlet.view.BeanNameViewResolver; SearchStrategy: all) found beans of type 'org.springframework.web.servlet.view.BeanNameViewResolver' beanNameViewResolver (OnBeanCondition)

   WebMvcHealthEndpointExtensionAutoConfiguration:
      Did not match:
         - @ConditionalOnClass did not find required class 'org.springframework.boot.health.actuate.endpoint.HealthEndpoint' (OnClassCondition)

   WebMvcMappingsAutoConfiguration:
      Did not match:
         - @ConditionalOnClass did not find required class 'org.springframework.boot.actuate.autoconfigure.endpoint.condition.ConditionalOnAvailableEndpoint' (OnClassCondition)

   WebMvcObservationAutoConfiguration:
      Did not match:
         - @ConditionalOnBean (types: io.micrometer.observation.ObservationRegistry; SearchStrategy: all) did not find any beans of type io.micrometer.observation.ObservationRegistry (OnBeanCondition)
      Matched:
         - @ConditionalOnClass found required classes 'org.springframework.web.servlet.DispatcherServlet', 'io.micrometer.observation.Observation' (OnClassCondition)
         - found 'session' scope (OnWebApplicationCondition)

   WebMvcObservationAutoConfiguration.MeterFilterConfiguration:
      Did not match:
         - @ConditionalOnClass did not find required class 'io.micrometer.core.instrument.MeterRegistry' (OnClassCondition)
         - Ancestor org.springframework.boot.webmvc.autoconfigure.WebMvcObservationAutoConfiguration did not match (ConditionEvaluationReport.AncestorsMatchedCondition)

   XADataSourceAutoConfiguration:
      Did not match:
         - @ConditionalOnBean (types: org.springframework.boot.jdbc.XADataSourceWrapper; SearchStrategy: all) did not find any beans of type org.springframework.boot.jdbc.XADataSourceWrapper (OnBeanCondition)
      Matched:
         - @ConditionalOnClass found required classes 'javax.sql.DataSource', 'jakarta.transaction.TransactionManager', 'org.springframework.jdbc.datasource.embedded.EmbeddedDatabaseType' (OnClassCondition)


Exclusions:
-----------

    None


Unconditional classes:
----------------------

    org.springframework.boot.autoconfigure.context.ConfigurationPropertiesAutoConfiguration

    org.springframework.boot.autoconfigure.ssl.SslAutoConfiguration

    org.springframework.boot.autoconfigure.context.LifecycleAutoConfiguration

    org.springframework.boot.autoconfigure.context.PropertyPlaceholderAutoConfiguration

    org.springframework.boot.autoconfigure.availability.ApplicationAvailabilityAutoConfiguration

    org.springframework.boot.autoconfigure.info.ProjectInfoAutoConfiguration



19/12/2025 18:31:53.397 INFO  c.N.NeptuneWebAutheticatorApplication - Started NeptuneWebAutheticatorApplication in 4.922 seconds (process running for 5.657)
19/12/2025 18:31:53.399 DEBUG o.s.b.a.ApplicationAvailabilityBean - Application availability state LivenessState changed to CORRECT
19/12/2025 18:31:53.402 DEBUG o.s.b.a.ApplicationAvailabilityBean - Application availability state ReadinessState changed to ACCEPTING_TRAFFIC
19/12/2025 18:31:59.505 INFO  o.a.c.c.C.[Tomcat].[localhost].[/] - Initializing Spring DispatcherServlet 'dispatcherServlet'
19/12/2025 18:31:59.506 INFO  o.s.web.servlet.DispatcherServlet - Initializing Servlet 'dispatcherServlet'
19/12/2025 18:31:59.506 DEBUG o.s.web.servlet.DispatcherServlet - Detected StandardServletMultipartResolver
19/12/2025 18:31:59.506 DEBUG o.s.web.servlet.DispatcherServlet - Detected AcceptHeaderLocaleResolver
19/12/2025 18:31:59.508 DEBUG o.s.web.servlet.DispatcherServlet - Detected org.springframework.web.servlet.view.DefaultRequestToViewNameTranslator@3566d527
19/12/2025 18:31:59.509 DEBUG o.s.web.servlet.DispatcherServlet - Detected org.springframework.web.servlet.support.SessionFlashMapManager@ad7cc49
19/12/2025 18:31:59.509 DEBUG o.s.web.servlet.DispatcherServlet - enableLoggingRequestDetails='false': request parameters and headers will be masked to prevent unsafe logging of potentially sensitive data
19/12/2025 18:31:59.509 INFO  o.s.web.servlet.DispatcherServlet - Completed initialization in 3 ms
19/12/2025 18:31:59.528 DEBUG o.s.security.web.FilterChainProxy - Securing OPTIONS /api/login
19/12/2025 18:31:59.575 DEBUG o.s.security.web.FilterChainProxy - Securing POST /api/login
19/12/2025 18:31:59.581 DEBUG o.s.security.web.FilterChainProxy - Secured POST /api/login
19/12/2025 18:31:59.585 DEBUG o.s.web.servlet.DispatcherServlet - POST "/api/login", parameters={}
19/12/2025 18:31:59.597 DEBUG o.s.w.s.m.m.a.RequestMappingHandlerMapping - Mapped to com.NeptuneWebAutheticator.Controller.AuthenticationController#login(Map)
19/12/2025 18:31:59.638 DEBUG o.s.w.s.m.m.a.RequestResponseBodyMethodProcessor - Read "application/json;charset=utf-8" to [{username=Administrator, password=Zcssysadm}]
19/12/2025 18:31:59.644 INFO  c.N.C.AuthenticationController - {username=Administrator, password=Zcssysadm}
19/12/2025 18:31:59.655 DEBUG o.s.o.j.SharedEntityManagerCreator$SharedEntityManagerInvocationHandler - Creating new EntityManager for shared EntityManager invocation
19/12/2025 18:31:59.756 DEBUG org.hibernate.SQL - select t1_0.tenantId,t1_0.password,t1_0.role,t1_0.username from Tenants t1_0 where t1_0.username=? and t1_0.password=?
19/12/2025 18:31:59.759 DEBUG o.m.jdbc.client.impl.StandardClient - execute query: select t1_0.tenantId,t1_0.password,t1_0.role,t1_0.username from Tenants t1_0 where t1_0.username=? and t1_0.password=?
19/12/2025 18:31:59.791 DEBUG org.hibernate.session.metrics - HHH000401: Logging session metrics:
	386200 ns acquiring 1 JDBC connections
	0 ns releasing 0 JDBC connections
	961700 ns preparing 1 JDBC statements
	6073900 ns executing 1 JDBC statements
	0 ns executing 0 JDBC batches
	0 ns performing 0 second-level cache puts
	0 ns performing 0 second-level cache hits
	0 ns performing 0 second-level cache misses
	0 ns executing 0 flushes (flushing a total of 0 entities and 0 collections)
	0 ns executing 0 pre-partial-flushes
	0 ns executing 0 partial-flushes (flushing a total of 0 entities and 0 collections)

19/12/2025 18:31:59.795 DEBUG o.s.o.j.SharedEntityManagerCreator$SharedEntityManagerInvocationHandler - Creating new EntityManager for shared EntityManager invocation
19/12/2025 18:31:59.797 DEBUG org.hibernate.SQL - select t1_0.tokenId,t1_0.expirationDate,t1_0.tenantId,t1_0.token from Token t1_0 where t1_0.tenantId=?
19/12/2025 18:31:59.798 DEBUG o.m.jdbc.client.impl.StandardClient - execute query: select t1_0.tokenId,t1_0.expirationDate,t1_0.tenantId,t1_0.token from Token t1_0 where t1_0.tenantId=?
19/12/2025 18:31:59.800 DEBUG org.hibernate.session.metrics - HHH000401: Logging session metrics:
	34900 ns acquiring 1 JDBC connections
	0 ns releasing 0 JDBC connections
	86700 ns preparing 1 JDBC statements
	1379400 ns executing 1 JDBC statements
	0 ns executing 0 JDBC batches
	0 ns performing 0 second-level cache puts
	0 ns performing 0 second-level cache hits
	0 ns performing 0 second-level cache misses
	0 ns executing 0 flushes (flushing a total of 0 entities and 0 collections)
	0 ns executing 0 pre-partial-flushes
	0 ns executing 0 partial-flushes (flushing a total of 0 entities and 0 collections)

19/12/2025 18:31:59.804 DEBUG o.s.orm.jpa.JpaTransactionManager - Creating new transaction with name [org.springframework.data.jpa.repository.support.SimpleJpaRepository.save]: PROPAGATION_REQUIRED,ISOLATION_DEFAULT
19/12/2025 18:31:59.805 DEBUG o.s.orm.jpa.JpaTransactionManager - Opened new EntityManager [SessionImpl(163596227<open>)] for JPA transaction
19/12/2025 18:31:59.808 DEBUG o.h.e.t.internal.TransactionImpl - Beginning transaction
19/12/2025 18:31:59.808 DEBUG o.m.jdbc.client.impl.StandardClient - execute query: set autocommit=0
19/12/2025 18:31:59.809 DEBUG o.m.jdbc.message.server.OkPacket - System variable change:  autocommit = OFF
19/12/2025 18:31:59.811 DEBUG o.s.orm.jpa.JpaTransactionManager - Exposing JPA transaction as JDBC [org.springframework.orm.jpa.vendor.HibernateJpaDialect$HibernateConnectionHandle@3217b5ef]
19/12/2025 18:31:59.833 DEBUG org.hibernate.SQL - insert into Token (expirationDate,tenantId,token) values (?,?,?)
19/12/2025 18:31:59.835 DEBUG o.m.jdbc.client.impl.StandardClient - execute query: insert into Token (expirationDate,tenantId,token) values (?,?,?)
19/12/2025 18:31:59.846 DEBUG o.h.id.IdentifierGeneratorHelper - Extracted generated values for entity [com.NeptuneWebAutheticator.Entity.Token]: [33]
19/12/2025 18:31:59.850 DEBUG o.s.orm.jpa.JpaTransactionManager - Initiating transaction commit
19/12/2025 18:31:59.850 DEBUG o.s.orm.jpa.JpaTransactionManager - Committing JPA transaction on EntityManager [SessionImpl(163596227<open>)]
19/12/2025 18:31:59.850 DEBUG o.h.e.t.internal.TransactionImpl - Committing transaction
19/12/2025 18:31:59.855 DEBUG o.h.e.i.AbstractFlushingEventListener - Flushed: 0 insertions, 0 updates, 0 deletions to 1 objects
19/12/2025 18:31:59.855 DEBUG o.h.e.i.AbstractFlushingEventListener - Flushed: 0 (re)creations, 0 updates, 0 removals to 0 collections
19/12/2025 18:31:59.856 DEBUG o.h.internal.util.EntityPrinter - Listing entities:
19/12/2025 18:31:59.856 DEBUG o.h.internal.util.EntityPrinter - com.NeptuneWebAutheticator.Entity.Token{tokenId=33, tenantId=1, expirationDate=Fri Dec 19 19:31:59 CET 2025, token=3a6bd735-acd4-43da-845e-c490b42b297f}
19/12/2025 18:31:59.857 DEBUG o.m.jdbc.client.impl.StandardClient - execute query: COMMIT
19/12/2025 18:31:59.860 DEBUG o.m.jdbc.client.impl.StandardClient - execute query: set autocommit=1
19/12/2025 18:31:59.861 DEBUG o.m.jdbc.message.server.OkPacket - System variable change:  autocommit = ON
19/12/2025 18:31:59.861 DEBUG o.s.orm.jpa.JpaTransactionManager - Closing JPA EntityManager after transaction
19/12/2025 18:31:59.862 DEBUG org.hibernate.session.metrics - HHH000401: Logging session metrics:
	31800 ns acquiring 1 JDBC connections
	0 ns releasing 0 JDBC connections
	65500 ns preparing 1 JDBC statements
	5086700 ns executing 1 JDBC statements
	0 ns executing 0 JDBC batches
	0 ns performing 0 second-level cache puts
	0 ns performing 0 second-level cache hits
	0 ns performing 0 second-level cache misses
	6072100 ns executing 1 flushes (flushing a total of 1 entities and 0 collections)
	0 ns executing 0 pre-partial-flushes
	0 ns executing 0 partial-flushes (flushing a total of 0 entities and 0 collections)

19/12/2025 18:31:59.881 DEBUG o.s.w.s.m.m.a.HttpEntityMethodProcessor - Using 'text/plain', given [*/*] and supported [text/plain, */*, application/json, application/*+json]
19/12/2025 18:31:59.882 DEBUG o.s.w.s.m.m.a.HttpEntityMethodProcessor - Writing ["login effettuato con successo"]
19/12/2025 18:31:59.886 DEBUG o.s.web.servlet.DispatcherServlet - Completed 200 OK
19/12/2025 18:31:59.888 DEBUG o.s.s.w.a.AnonymousAuthenticationFilter - Set SecurityContextHolder to anonymous SecurityContext
19/12/2025 18:32:05.730 DEBUG o.s.security.web.FilterChainProxy - Securing OPTIONS /api/login
19/12/2025 18:32:05.734 DEBUG o.s.security.web.FilterChainProxy - Securing POST /api/login
19/12/2025 18:32:05.734 DEBUG o.s.security.web.FilterChainProxy - Secured POST /api/login
19/12/2025 18:32:05.734 DEBUG o.s.web.servlet.DispatcherServlet - POST "/api/login", parameters={}
19/12/2025 18:32:05.734 DEBUG o.s.w.s.m.m.a.RequestMappingHandlerMapping - Mapped to com.NeptuneWebAutheticator.Controller.AuthenticationController#login(Map)
19/12/2025 18:32:05.735 DEBUG o.s.w.s.m.m.a.RequestResponseBodyMethodProcessor - Read "application/json;charset=utf-8" to [{username=Administrator, password=Zcssysadm}]
19/12/2025 18:32:05.735 INFO  c.N.C.AuthenticationController - {username=Administrator, password=Zcssysadm}
19/12/2025 18:32:05.735 DEBUG o.s.o.j.SharedEntityManagerCreator$SharedEntityManagerInvocationHandler - Creating new EntityManager for shared EntityManager invocation
19/12/2025 18:32:05.736 DEBUG org.hibernate.SQL - select t1_0.tenantId,t1_0.password,t1_0.role,t1_0.username from Tenants t1_0 where t1_0.username=? and t1_0.password=?
19/12/2025 18:32:05.737 DEBUG o.m.jdbc.client.impl.StandardClient - execute query: select t1_0.tenantId,t1_0.password,t1_0.role,t1_0.username from Tenants t1_0 where t1_0.username=? and t1_0.password=?
19/12/2025 18:32:05.737 DEBUG org.hibernate.session.metrics - HHH000401: Logging session metrics:
	330900 ns acquiring 1 JDBC connections
	0 ns releasing 0 JDBC connections
	368600 ns preparing 1 JDBC statements
	461300 ns executing 1 JDBC statements
	0 ns executing 0 JDBC batches
	0 ns performing 0 second-level cache puts
	0 ns performing 0 second-level cache hits
	0 ns performing 0 second-level cache misses
	0 ns executing 0 flushes (flushing a total of 0 entities and 0 collections)
	0 ns executing 0 pre-partial-flushes
	0 ns executing 0 partial-flushes (flushing a total of 0 entities and 0 collections)

19/12/2025 18:32:05.737 DEBUG o.s.o.j.SharedEntityManagerCreator$SharedEntityManagerInvocationHandler - Creating new EntityManager for shared EntityManager invocation
19/12/2025 18:32:05.739 DEBUG org.hibernate.SQL - select t1_0.tokenId,t1_0.expirationDate,t1_0.tenantId,t1_0.token from Token t1_0 where t1_0.tenantId=?
19/12/2025 18:32:05.739 DEBUG o.m.jdbc.client.impl.StandardClient - execute query: select t1_0.tokenId,t1_0.expirationDate,t1_0.tenantId,t1_0.token from Token t1_0 where t1_0.tenantId=?
19/12/2025 18:32:05.740 DEBUG org.hibernate.session.metrics - HHH000401: Logging session metrics:
	12000 ns acquiring 1 JDBC connections
	0 ns releasing 0 JDBC connections
	32300 ns preparing 1 JDBC statements
	283100 ns executing 1 JDBC statements
	0 ns executing 0 JDBC batches
	0 ns performing 0 second-level cache puts
	0 ns performing 0 second-level cache hits
	0 ns performing 0 second-level cache misses
	0 ns executing 0 flushes (flushing a total of 0 entities and 0 collections)
	0 ns executing 0 pre-partial-flushes
	0 ns executing 0 partial-flushes (flushing a total of 0 entities and 0 collections)

19/12/2025 18:32:05.740 DEBUG o.s.orm.jpa.JpaTransactionManager - Creating new transaction with name [org.springframework.data.jpa.repository.support.SimpleJpaRepository.delete]: PROPAGATION_REQUIRED,ISOLATION_DEFAULT
19/12/2025 18:32:05.740 DEBUG o.s.orm.jpa.JpaTransactionManager - Opened new EntityManager [SessionImpl(55983844<open>)] for JPA transaction
19/12/2025 18:32:05.740 DEBUG o.h.e.t.internal.TransactionImpl - Beginning transaction
19/12/2025 18:32:05.740 DEBUG o.m.jdbc.client.impl.StandardClient - execute query: set autocommit=0
19/12/2025 18:32:05.741 DEBUG o.m.jdbc.message.server.OkPacket - System variable change:  autocommit = OFF
19/12/2025 18:32:05.741 DEBUG o.s.orm.jpa.JpaTransactionManager - Exposing JPA transaction as JDBC [org.springframework.orm.jpa.vendor.HibernateJpaDialect$HibernateConnectionHandle@1485ab5c]
19/12/2025 18:32:05.747 DEBUG org.hibernate.SQL - select t1_0.tokenId,t1_0.expirationDate,t1_0.tenantId,t1_0.token from Token t1_0 where t1_0.tokenId=?
19/12/2025 18:32:05.747 DEBUG o.m.jdbc.client.impl.StandardClient - execute query: select t1_0.tokenId,t1_0.expirationDate,t1_0.tenantId,t1_0.token from Token t1_0 where t1_0.tokenId=?
19/12/2025 18:32:05.754 DEBUG o.s.orm.jpa.JpaTransactionManager - Initiating transaction commit
19/12/2025 18:32:05.754 DEBUG o.s.orm.jpa.JpaTransactionManager - Committing JPA transaction on EntityManager [SessionImpl(55983844<open>)]
19/12/2025 18:32:05.754 DEBUG o.h.e.t.internal.TransactionImpl - Committing transaction
19/12/2025 18:32:05.755 DEBUG o.h.e.i.AbstractFlushingEventListener - Flushed: 0 insertions, 0 updates, 1 deletions to 1 objects
19/12/2025 18:32:05.755 DEBUG o.h.e.i.AbstractFlushingEventListener - Flushed: 0 (re)creations, 0 updates, 0 removals to 0 collections
19/12/2025 18:32:05.755 DEBUG o.h.internal.util.EntityPrinter - Listing entities:
19/12/2025 18:32:05.755 DEBUG o.h.internal.util.EntityPrinter - com.NeptuneWebAutheticator.Entity.Token{tokenId=33, tenantId=1, expirationDate=2025-12-19 19:31:59.8, token=3a6bd735-acd4-43da-845e-c490b42b297f}
19/12/2025 18:32:05.758 DEBUG org.hibernate.SQL - delete from Token where tokenId=?
19/12/2025 18:32:05.758 DEBUG o.m.jdbc.client.impl.StandardClient - execute query: delete from Token where tokenId=?
19/12/2025 18:32:05.761 DEBUG o.m.jdbc.client.impl.StandardClient - execute query: COMMIT
19/12/2025 18:32:05.764 DEBUG o.m.jdbc.client.impl.StandardClient - execute query: set autocommit=1
19/12/2025 18:32:05.764 DEBUG o.m.jdbc.message.server.OkPacket - System variable change:  autocommit = ON
19/12/2025 18:32:05.764 DEBUG o.s.orm.jpa.JpaTransactionManager - Closing JPA EntityManager after transaction
19/12/2025 18:32:05.764 DEBUG org.hibernate.session.metrics - HHH000401: Logging session metrics:
	18100 ns acquiring 1 JDBC connections
	0 ns releasing 0 JDBC connections
	101300 ns preparing 2 JDBC statements
	2981000 ns executing 2 JDBC statements
	0 ns executing 0 JDBC batches
	0 ns performing 0 second-level cache puts
	0 ns performing 0 second-level cache hits
	0 ns performing 0 second-level cache misses
	6405100 ns executing 1 flushes (flushing a total of 1 entities and 0 collections)
	0 ns executing 0 pre-partial-flushes
	0 ns executing 0 partial-flushes (flushing a total of 0 entities and 0 collections)

19/12/2025 18:32:05.765 DEBUG o.s.orm.jpa.JpaTransactionManager - Creating new transaction with name [org.springframework.data.jpa.repository.support.SimpleJpaRepository.save]: PROPAGATION_REQUIRED,ISOLATION_DEFAULT
19/12/2025 18:32:05.765 DEBUG o.s.orm.jpa.JpaTransactionManager - Opened new EntityManager [SessionImpl(1774497203<open>)] for JPA transaction
19/12/2025 18:32:05.765 DEBUG o.h.e.t.internal.TransactionImpl - Beginning transaction
19/12/2025 18:32:05.765 DEBUG o.m.jdbc.client.impl.StandardClient - execute query: set autocommit=0
19/12/2025 18:32:05.765 DEBUG o.m.jdbc.message.server.OkPacket - System variable change:  autocommit = OFF
19/12/2025 18:32:05.765 DEBUG o.s.orm.jpa.JpaTransactionManager - Exposing JPA transaction as JDBC [org.springframework.orm.jpa.vendor.HibernateJpaDialect$HibernateConnectionHandle@748947cc]
19/12/2025 18:32:05.766 DEBUG org.hibernate.SQL - insert into Token (expirationDate,tenantId,token) values (?,?,?)
19/12/2025 18:32:05.766 DEBUG o.m.jdbc.client.impl.StandardClient - execute query: insert into Token (expirationDate,tenantId,token) values (?,?,?)
19/12/2025 18:32:05.767 DEBUG o.h.id.IdentifierGeneratorHelper - Extracted generated values for entity [com.NeptuneWebAutheticator.Entity.Token]: [34]
19/12/2025 18:32:05.767 DEBUG o.s.orm.jpa.JpaTransactionManager - Initiating transaction commit
19/12/2025 18:32:05.767 DEBUG o.s.orm.jpa.JpaTransactionManager - Committing JPA transaction on EntityManager [SessionImpl(1774497203<open>)]
19/12/2025 18:32:05.767 DEBUG o.h.e.t.internal.TransactionImpl - Committing transaction
19/12/2025 18:32:05.767 DEBUG o.h.e.i.AbstractFlushingEventListener - Flushed: 0 insertions, 0 updates, 0 deletions to 1 objects
19/12/2025 18:32:05.767 DEBUG o.h.e.i.AbstractFlushingEventListener - Flushed: 0 (re)creations, 0 updates, 0 removals to 0 collections
19/12/2025 18:32:05.767 DEBUG o.h.internal.util.EntityPrinter - Listing entities:
19/12/2025 18:32:05.767 DEBUG o.h.internal.util.EntityPrinter - com.NeptuneWebAutheticator.Entity.Token{tokenId=34, tenantId=1, expirationDate=Fri Dec 19 19:32:05 CET 2025, token=8e2882cd-9b1c-48ce-ad01-a0e9312aba0d}
19/12/2025 18:32:05.767 DEBUG o.m.jdbc.client.impl.StandardClient - execute query: COMMIT
19/12/2025 18:32:05.769 DEBUG o.m.jdbc.client.impl.StandardClient - execute query: set autocommit=1
19/12/2025 18:32:05.770 DEBUG o.m.jdbc.message.server.OkPacket - System variable change:  autocommit = ON
19/12/2025 18:32:05.770 DEBUG o.s.orm.jpa.JpaTransactionManager - Closing JPA EntityManager after transaction
19/12/2025 18:32:05.770 DEBUG org.hibernate.session.metrics - HHH000401: Logging session metrics:
	19700 ns acquiring 1 JDBC connections
	0 ns releasing 0 JDBC connections
	31000 ns preparing 1 JDBC statements
	510200 ns executing 1 JDBC statements
	0 ns executing 0 JDBC batches
	0 ns performing 0 second-level cache puts
	0 ns performing 0 second-level cache hits
	0 ns performing 0 second-level cache misses
	313900 ns executing 1 flushes (flushing a total of 1 entities and 0 collections)
	0 ns executing 0 pre-partial-flushes
	0 ns executing 0 partial-flushes (flushing a total of 0 entities and 0 collections)

19/12/2025 18:32:05.771 DEBUG o.s.w.s.m.m.a.HttpEntityMethodProcessor - Using 'text/plain', given [*/*] and supported [text/plain, */*, application/json, application/*+json]
19/12/2025 18:32:05.771 DEBUG o.s.w.s.m.m.a.HttpEntityMethodProcessor - Writing ["login effettuato con successo"]
19/12/2025 18:32:05.772 DEBUG o.s.web.servlet.DispatcherServlet - Completed 200 OK
19/12/2025 18:32:05.772 DEBUG o.s.s.w.a.AnonymousAuthenticationFilter - Set SecurityContextHolder to anonymous SecurityContext
19/12/2025 18:32:21.238 DEBUG com.zaxxer.hikari.pool.HikariPool - HikariPool-1 - Pool stats (total=10/10, idle=10/10, active=0, waiting=0)
19/12/2025 18:32:21.238 DEBUG com.zaxxer.hikari.pool.HikariPool - HikariPool-1 - Fill pool skipped, pool has sufficient level or currently being filled.
19/12/2025 18:32:51.253 DEBUG com.zaxxer.hikari.pool.HikariPool - HikariPool-1 - Pool stats (total=10/10, idle=10/10, active=0, waiting=0)
19/12/2025 18:32:51.253 DEBUG com.zaxxer.hikari.pool.HikariPool - HikariPool-1 - Fill pool skipped, pool has sufficient level or currently being filled.
19/12/2025 18:33:21.265 DEBUG com.zaxxer.hikari.pool.HikariPool - HikariPool-1 - Pool stats (total=10/10, idle=10/10, active=0, waiting=0)
19/12/2025 18:33:21.265 DEBUG com.zaxxer.hikari.pool.HikariPool - HikariPool-1 - Fill pool skipped, pool has sufficient level or currently being filled.
19/12/2025 18:33:28.625 DEBUG com.zaxxer.hikari.pool.HikariPool - HikariPool-1 - keepalive: connection org.mariadb.jdbc.Connection@6d57c4fe is alive
19/12/2025 18:33:28.791 DEBUG com.zaxxer.hikari.pool.HikariPool - HikariPool-1 - keepalive: connection org.mariadb.jdbc.Connection@1c2d84e7 is alive
19/12/2025 18:33:30.557 DEBUG com.zaxxer.hikari.pool.HikariPool - HikariPool-1 - keepalive: connection org.mariadb.jdbc.Connection@6e4b1f49 is alive
19/12/2025 18:33:31.211 DEBUG com.zaxxer.hikari.pool.HikariPool - HikariPool-1 - keepalive: connection org.mariadb.jdbc.Connection@1f75fd1d is alive
19/12/2025 18:33:35.137 DEBUG com.zaxxer.hikari.pool.HikariPool - HikariPool-1 - keepalive: connection org.mariadb.jdbc.Connection@6a0585a3 is alive
19/12/2025 18:33:37.195 DEBUG com.zaxxer.hikari.pool.HikariPool - HikariPool-1 - keepalive: connection org.mariadb.jdbc.Connection@6b26c1a3 is alive
19/12/2025 18:33:45.486 DEBUG com.zaxxer.hikari.pool.HikariPool - HikariPool-1 - keepalive: connection org.mariadb.jdbc.Connection@e64e006 is alive
19/12/2025 18:33:47.155 DEBUG com.zaxxer.hikari.pool.HikariPool - HikariPool-1 - keepalive: connection org.mariadb.jdbc.Connection@2a240461 is alive
19/12/2025 18:33:49.555 DEBUG com.zaxxer.hikari.pool.HikariPool - HikariPool-1 - keepalive: connection org.mariadb.jdbc.Connection@b9f431d is alive
19/12/2025 18:33:51.092 DEBUG com.zaxxer.hikari.pool.HikariPool - HikariPool-1 - keepalive: connection org.mariadb.jdbc.Connection@7e935b6e is alive
19/12/2025 18:33:51.278 DEBUG com.zaxxer.hikari.pool.HikariPool - HikariPool-1 - Pool stats (total=10/10, idle=10/10, active=0, waiting=0)
19/12/2025 18:33:51.278 DEBUG com.zaxxer.hikari.pool.HikariPool - HikariPool-1 - Fill pool skipped, pool has sufficient level or currently being filled.
19/12/2025 18:34:21.278 DEBUG com.zaxxer.hikari.pool.HikariPool - HikariPool-1 - Pool stats (total=10/10, idle=10/10, active=0, waiting=0)
19/12/2025 18:34:21.278 DEBUG com.zaxxer.hikari.pool.HikariPool - HikariPool-1 - Fill pool skipped, pool has sufficient level or currently being filled.
19/12/2025 18:34:51.282 DEBUG com.zaxxer.hikari.pool.HikariPool - HikariPool-1 - Pool stats (total=10/10, idle=10/10, active=0, waiting=0)
19/12/2025 18:34:51.282 DEBUG com.zaxxer.hikari.pool.HikariPool - HikariPool-1 - Fill pool skipped, pool has sufficient level or currently being filled.
19/12/2025 18:35:05.735 DEBUG com.zaxxer.hikari.pool.HikariPool - HikariPool-1 - keepalive: connection org.mariadb.jdbc.Connection@6d57c4fe is alive
19/12/2025 18:35:06.017 DEBUG com.zaxxer.hikari.pool.HikariPool - HikariPool-1 - keepalive: connection org.mariadb.jdbc.Connection@1c2d84e7 is alive
19/12/2025 18:35:09.832 DEBUG com.zaxxer.hikari.pool.HikariPool - HikariPool-1 - keepalive: connection org.mariadb.jdbc.Connection@6e4b1f49 is alive
19/12/2025 18:35:11.297 DEBUG com.zaxxer.hikari.pool.HikariPool - HikariPool-1 - keepalive: connection org.mariadb.jdbc.Connection@1f75fd1d is alive
19/12/2025 18:35:18.940 DEBUG com.zaxxer.hikari.pool.HikariPool - HikariPool-1 - keepalive: connection org.mariadb.jdbc.Connection@6a0585a3 is alive
19/12/2025 18:35:21.252 DEBUG o.s.security.web.FilterChainProxy - Securing GET /api/isUserAuthenticate
19/12/2025 18:35:21.253 DEBUG o.s.security.web.FilterChainProxy - Secured GET /api/isUserAuthenticate
19/12/2025 18:35:21.253 DEBUG o.s.web.servlet.DispatcherServlet - GET "/api/isUserAuthenticate", parameters={}
19/12/2025 18:35:21.253 DEBUG o.s.w.s.m.m.a.RequestMappingHandlerMapping - Mapped to com.NeptuneWebAutheticator.Controller.AuthenticationController#isUserAuthenticate(HttpServletRequest)
19/12/2025 18:35:21.254 INFO  c.N.C.AuthenticationController - entro
19/12/2025 18:35:21.254 INFO  c.N.S.AuthenticationServiceImpl - entro
19/12/2025 18:35:21.255 INFO  c.N.S.AuthenticationServiceImpl - step1
19/12/2025 18:35:21.255 INFO  c.N.S.AuthenticationServiceImpl - step2
19/12/2025 18:35:21.256 DEBUG o.s.o.j.SharedEntityManagerCreator$SharedEntityManagerInvocationHandler - Creating new EntityManager for shared EntityManager invocation
19/12/2025 18:35:21.257 DEBUG org.hibernate.SQL - select t1_0.tokenId,t1_0.expirationDate,t1_0.tenantId,t1_0.token from Token t1_0 where t1_0.token=?
19/12/2025 18:35:21.258 DEBUG o.m.jdbc.client.impl.StandardClient - execute query: select t1_0.tokenId,t1_0.expirationDate,t1_0.tenantId,t1_0.token from Token t1_0 where t1_0.token=?
19/12/2025 18:35:21.258 DEBUG org.hibernate.session.metrics - HHH000401: Logging session metrics:
	236600 ns acquiring 1 JDBC connections
	0 ns releasing 0 JDBC connections
	278900 ns preparing 1 JDBC statements
	407700 ns executing 1 JDBC statements
	0 ns executing 0 JDBC batches
	0 ns performing 0 second-level cache puts
	0 ns performing 0 second-level cache hits
	0 ns performing 0 second-level cache misses
	0 ns executing 0 flushes (flushing a total of 0 entities and 0 collections)
	0 ns executing 0 pre-partial-flushes
	0 ns executing 0 partial-flushes (flushing a total of 0 entities and 0 collections)

19/12/2025 18:35:21.260 INFO  c.N.S.AuthenticationServiceImpl - step3
19/12/2025 18:35:21.260 INFO  c.N.S.AuthenticationServiceImpl - 8e2882cd-9b1c-48ce-ad01-a0e9312aba0d
19/12/2025 18:35:21.260 INFO  c.N.S.AuthenticationServiceImpl - 2025-12-19T18:32:05.765Z 2025-12-19T17:35:21.260068200Z
19/12/2025 18:35:21.260 INFO  c.N.S.AuthenticationServiceImpl - data tokentrue
19/12/2025 18:35:21.260 INFO  c.N.S.AuthenticationServiceImpl - EXP_UTC=2025-12-19T18:32:05.765Z NOW_UTC=2025-12-19T17:35:21.260068200Z valid=true
19/12/2025 18:35:21.260 INFO  c.N.S.AuthenticationServiceImpl - EXP_Rome=2025-12-19T19:32:05.765+01:00[Europe/Rome] NOW_Rome=2025-12-19T18:35:21.260068200+01:00[Europe/Rome]
19/12/2025 18:35:21.261 DEBUG o.s.w.s.m.m.a.RequestResponseBodyMethodProcessor - Using 'application/json', given [*/*] and supported [application/json, application/*+json]
19/12/2025 18:35:21.261 DEBUG o.s.w.s.m.m.a.RequestResponseBodyMethodProcessor - Writing [true]
19/12/2025 18:35:21.274 DEBUG o.s.web.servlet.DispatcherServlet - Completed 200 OK
19/12/2025 18:35:21.274 DEBUG o.s.s.w.a.AnonymousAuthenticationFilter - Set SecurityContextHolder to anonymous SecurityContext
19/12/2025 18:35:21.289 DEBUG com.zaxxer.hikari.pool.HikariPool - HikariPool-1 - Pool stats (total=10/10, idle=10/10, active=0, waiting=0)
19/12/2025 18:35:21.289 DEBUG com.zaxxer.hikari.pool.HikariPool - HikariPool-1 - Fill pool skipped, pool has sufficient level or currently being filled.
19/12/2025 18:35:21.393 DEBUG o.s.security.web.FilterChainProxy - Securing GET /Machine
19/12/2025 18:35:21.395 DEBUG o.s.security.web.FilterChainProxy - Secured GET /Machine
19/12/2025 18:35:21.395 DEBUG o.s.web.servlet.DispatcherServlet - GET "/Machine", parameters={}
19/12/2025 18:35:21.395 DEBUG o.s.w.s.m.m.a.RequestMappingHandlerMapping - Mapped to com.NeptuneWebAutheticator.Controller.MachineController#getMachines(HttpServletRequest)
19/12/2025 18:35:21.397 DEBUG o.s.orm.jpa.JpaTransactionManager - Creating new transaction with name [com.NeptuneWebAutheticator.Service.MachineServiceImpl.getMachinesByTenantId]: PROPAGATION_REQUIRED,ISOLATION_DEFAULT
19/12/2025 18:35:21.397 DEBUG o.s.orm.jpa.JpaTransactionManager - Opened new EntityManager [SessionImpl(638922059<open>)] for JPA transaction
19/12/2025 18:35:21.397 DEBUG o.h.e.t.internal.TransactionImpl - Beginning transaction
19/12/2025 18:35:21.397 DEBUG o.m.jdbc.client.impl.StandardClient - execute query: set autocommit=0
19/12/2025 18:35:21.397 DEBUG o.m.jdbc.message.server.OkPacket - System variable change:  autocommit = OFF
19/12/2025 18:35:21.397 DEBUG o.s.orm.jpa.JpaTransactionManager - Exposing JPA transaction as JDBC [org.springframework.orm.jpa.vendor.HibernateJpaDialect$HibernateConnectionHandle@252e6754]
19/12/2025 18:35:21.397 INFO  c.N.S.AuthenticationServiceImpl - entro
19/12/2025 18:35:21.397 INFO  c.N.S.AuthenticationServiceImpl - step1
19/12/2025 18:35:21.397 INFO  c.N.S.AuthenticationServiceImpl - step2
19/12/2025 18:35:21.398 DEBUG org.hibernate.SQL - select t1_0.tokenId,t1_0.expirationDate,t1_0.tenantId,t1_0.token from Token t1_0 where t1_0.token=?
19/12/2025 18:35:21.398 DEBUG o.m.jdbc.client.impl.StandardClient - execute query: select t1_0.tokenId,t1_0.expirationDate,t1_0.tenantId,t1_0.token from Token t1_0 where t1_0.token=?
19/12/2025 18:35:21.399 INFO  c.N.S.AuthenticationServiceImpl - step3
19/12/2025 18:35:21.399 INFO  c.N.S.AuthenticationServiceImpl - 8e2882cd-9b1c-48ce-ad01-a0e9312aba0d
19/12/2025 18:35:21.399 INFO  c.N.S.AuthenticationServiceImpl - 2025-12-19T18:32:05.765Z 2025-12-19T17:35:21.399624500Z
19/12/2025 18:35:21.399 INFO  c.N.S.AuthenticationServiceImpl - data tokentrue
19/12/2025 18:35:21.399 INFO  c.N.S.AuthenticationServiceImpl - EXP_UTC=2025-12-19T18:32:05.765Z NOW_UTC=2025-12-19T17:35:21.399624500Z valid=true
19/12/2025 18:35:21.400 INFO  c.N.S.AuthenticationServiceImpl - EXP_Rome=2025-12-19T19:32:05.765+01:00[Europe/Rome] NOW_Rome=2025-12-19T18:35:21.399624500+01:00[Europe/Rome]
19/12/2025 18:35:21.401 DEBUG o.h.e.i.AbstractFlushingEventListener - Flushed: 0 insertions, 0 updates, 0 deletions to 1 objects
19/12/2025 18:35:21.401 DEBUG o.h.e.i.AbstractFlushingEventListener - Flushed: 0 (re)creations, 0 updates, 0 removals to 0 collections
19/12/2025 18:35:21.401 DEBUG o.h.internal.util.EntityPrinter - Listing entities:
19/12/2025 18:35:21.401 DEBUG o.h.internal.util.EntityPrinter - com.NeptuneWebAutheticator.Entity.Token{tokenId=34, tenantId=1, expirationDate=2025-12-19 19:32:05.765, token=8e2882cd-9b1c-48ce-ad01-a0e9312aba0d}
19/12/2025 18:35:21.401 DEBUG org.hibernate.SQL - select t1_0.tokenId,t1_0.expirationDate,t1_0.tenantId,t1_0.token from Token t1_0 where t1_0.token=?
19/12/2025 18:35:21.401 DEBUG o.m.jdbc.client.impl.StandardClient - execute query: select t1_0.tokenId,t1_0.expirationDate,t1_0.tenantId,t1_0.token from Token t1_0 where t1_0.token=?
19/12/2025 18:35:21.402 INFO  c.N.S.AuthenticationServiceImpl - 8e2882cd-9b1c-48ce-ad01-a0e9312aba0d
19/12/2025 18:35:21.402 INFO  c.N.S.AuthenticationServiceImpl - 2025-12-19T18:32:05.765Z 2025-12-19T17:35:21.402624400Z
19/12/2025 18:35:21.402 INFO  c.N.S.AuthenticationServiceImpl - data tokentrue
19/12/2025 18:35:21.402 INFO  c.N.S.AuthenticationServiceImpl - EXP_UTC=2025-12-19T18:32:05.765Z NOW_UTC=2025-12-19T17:35:21.402624400Z valid=true
19/12/2025 18:35:21.402 INFO  c.N.S.AuthenticationServiceImpl - EXP_Rome=2025-12-19T19:32:05.765+01:00[Europe/Rome] NOW_Rome=2025-12-19T18:35:21.402624400+01:00[Europe/Rome]
19/12/2025 18:35:21.402 DEBUG o.s.orm.jpa.JpaTransactionManager - Found thread-bound EntityManager [SessionImpl(638922059<open>)] for JPA transaction
19/12/2025 18:35:21.402 DEBUG o.s.orm.jpa.JpaTransactionManager - Participating in existing transaction
19/12/2025 18:35:21.405 DEBUG org.hibernate.SQL - select t1_0.tenantId,t1_0.password,t1_0.role,t1_0.username from Tenants t1_0 where t1_0.tenantId=?
19/12/2025 18:35:21.406 DEBUG o.m.jdbc.client.impl.StandardClient - execute query: select t1_0.tenantId,t1_0.password,t1_0.role,t1_0.username from Tenants t1_0 where t1_0.tenantId=?
19/12/2025 18:35:21.410 DEBUG o.h.e.i.AbstractFlushingEventListener - Flushed: 0 insertions, 0 updates, 0 deletions to 2 objects
19/12/2025 18:35:21.411 DEBUG o.h.e.i.AbstractFlushingEventListener - Flushed: 0 (re)creations, 0 updates, 0 removals to 0 collections
19/12/2025 18:35:21.411 DEBUG o.h.internal.util.EntityPrinter - Listing entities:
19/12/2025 18:35:21.411 DEBUG o.h.internal.util.EntityPrinter - com.NeptuneWebAutheticator.Entity.Tenant{password=Zcssysadm, role=Administrator, tenantId=1, username=Administrator}
19/12/2025 18:35:21.411 DEBUG o.h.internal.util.EntityPrinter - com.NeptuneWebAutheticator.Entity.Token{tokenId=34, tenantId=1, expirationDate=2025-12-19 19:32:05.765, token=8e2882cd-9b1c-48ce-ad01-a0e9312aba0d}
19/12/2025 18:35:21.411 DEBUG org.hibernate.SQL - select m1_0.id,m1_0.ipAddress,m1_0.isTruckingOn,m1_0.machineId,m1_0.tenantId from Machines m1_0 where m1_0.tenantId=?
19/12/2025 18:35:21.411 DEBUG o.m.jdbc.client.impl.StandardClient - execute query: select m1_0.id,m1_0.ipAddress,m1_0.isTruckingOn,m1_0.machineId,m1_0.tenantId from Machines m1_0 where m1_0.tenantId=?
19/12/2025 18:35:21.416 DEBUG o.s.orm.jpa.JpaTransactionManager - Initiating transaction commit
19/12/2025 18:35:21.416 DEBUG o.s.orm.jpa.JpaTransactionManager - Committing JPA transaction on EntityManager [SessionImpl(638922059<open>)]
19/12/2025 18:35:21.416 DEBUG o.h.e.t.internal.TransactionImpl - Committing transaction
19/12/2025 18:35:21.418 DEBUG o.h.e.i.AbstractFlushingEventListener - Flushed: 0 insertions, 0 updates, 0 deletions to 3 objects
19/12/2025 18:35:21.418 DEBUG o.h.e.i.AbstractFlushingEventListener - Flushed: 0 (re)creations, 0 updates, 0 removals to 0 collections
19/12/2025 18:35:21.418 DEBUG o.h.internal.util.EntityPrinter - Listing entities:
19/12/2025 18:35:21.418 DEBUG o.h.internal.util.EntityPrinter - com.NeptuneWebAutheticator.Entity.Tenant{password=Zcssysadm, role=Administrator, tenantId=1, username=Administrator}
19/12/2025 18:35:21.419 DEBUG o.h.internal.util.EntityPrinter - com.NeptuneWebAutheticator.Entity.Token{tokenId=34, tenantId=1, expirationDate=2025-12-19 19:32:05.765, token=8e2882cd-9b1c-48ce-ad01-a0e9312aba0d}
19/12/2025 18:35:21.419 DEBUG o.h.internal.util.EntityPrinter - com.NeptuneWebAutheticator.Entity.Machine{isTruckingOn=true, machineId=PTV_MACH900_02, ipAddress=http://localhost:8081, id=4, tenant=com.NeptuneWebAutheticator.Entity.Tenant#1}
19/12/2025 18:35:21.419 DEBUG o.m.jdbc.client.impl.StandardClient - execute query: COMMIT
19/12/2025 18:35:21.419 DEBUG o.m.jdbc.client.impl.StandardClient - execute query: set autocommit=1
19/12/2025 18:35:21.419 DEBUG o.m.jdbc.message.server.OkPacket - System variable change:  autocommit = ON
19/12/2025 18:35:21.419 DEBUG o.s.orm.jpa.JpaTransactionManager - Closing JPA EntityManager after transaction
19/12/2025 18:35:21.420 DEBUG org.hibernate.session.metrics - HHH000401: Logging session metrics:
	24000 ns acquiring 1 JDBC connections
	0 ns releasing 0 JDBC connections
	164700 ns preparing 4 JDBC statements
	2216800 ns executing 4 JDBC statements
	0 ns executing 0 JDBC batches
	0 ns performing 0 second-level cache puts
	0 ns performing 0 second-level cache hits
	0 ns performing 0 second-level cache misses
	2215900 ns executing 1 flushes (flushing a total of 3 entities and 0 collections)
	123800 ns executing 3 pre-partial-flushes
	1269800 ns executing 3 partial-flushes (flushing a total of 3 entities and 3 collections)

19/12/2025 18:35:21.420 DEBUG o.s.w.s.m.m.a.RequestResponseBodyMethodProcessor - Using 'application/json', given [*/*] and supported [application/json, application/*+json]
19/12/2025 18:35:21.425 DEBUG o.s.w.s.m.m.a.RequestResponseBodyMethodProcessor - Writing [[MachineDTO(machineid=PTV_MACH900_02, ip_address=http://localhost:8081, isTruckingOn=true)]]
19/12/2025 18:35:21.486 DEBUG o.s.web.servlet.DispatcherServlet - Completed 200 OK
19/12/2025 18:35:21.486 DEBUG o.s.s.w.a.AnonymousAuthenticationFilter - Set SecurityContextHolder to anonymous SecurityContext
19/12/2025 18:35:22.771 DEBUG com.zaxxer.hikari.pool.HikariPool - HikariPool-1 - keepalive: connection org.mariadb.jdbc.Connection@6b26c1a3 is alive
19/12/2025 18:35:28.893 DEBUG o.s.security.web.FilterChainProxy - Securing GET /api/isUserAuthenticate
19/12/2025 18:35:28.893 DEBUG o.s.security.web.FilterChainProxy - Secured GET /api/isUserAuthenticate
19/12/2025 18:35:28.895 DEBUG o.s.web.servlet.DispatcherServlet - GET "/api/isUserAuthenticate", parameters={}
19/12/2025 18:35:28.895 DEBUG o.s.w.s.m.m.a.RequestMappingHandlerMapping - Mapped to com.NeptuneWebAutheticator.Controller.AuthenticationController#isUserAuthenticate(HttpServletRequest)
19/12/2025 18:35:28.895 INFO  c.N.C.AuthenticationController - entro
19/12/2025 18:35:28.895 INFO  c.N.S.AuthenticationServiceImpl - entro
19/12/2025 18:35:28.895 INFO  c.N.S.AuthenticationServiceImpl - step1
19/12/2025 18:35:28.895 INFO  c.N.S.AuthenticationServiceImpl - step2
19/12/2025 18:35:28.895 DEBUG o.s.o.j.SharedEntityManagerCreator$SharedEntityManagerInvocationHandler - Creating new EntityManager for shared EntityManager invocation
19/12/2025 18:35:28.896 DEBUG org.hibernate.SQL - select t1_0.tokenId,t1_0.expirationDate,t1_0.tenantId,t1_0.token from Token t1_0 where t1_0.token=?
19/12/2025 18:35:28.896 DEBUG o.m.jdbc.client.impl.StandardClient - execute query: select t1_0.tokenId,t1_0.expirationDate,t1_0.tenantId,t1_0.token from Token t1_0 where t1_0.token=?
19/12/2025 18:35:28.897 DEBUG org.hibernate.session.metrics - HHH000401: Logging session metrics:
	265800 ns acquiring 1 JDBC connections
	0 ns releasing 0 JDBC connections
	304100 ns preparing 1 JDBC statements
	452900 ns executing 1 JDBC statements
	0 ns executing 0 JDBC batches
	0 ns performing 0 second-level cache puts
	0 ns performing 0 second-level cache hits
	0 ns performing 0 second-level cache misses
	0 ns executing 0 flushes (flushing a total of 0 entities and 0 collections)
	0 ns executing 0 pre-partial-flushes
	0 ns executing 0 partial-flushes (flushing a total of 0 entities and 0 collections)

19/12/2025 18:35:28.897 INFO  c.N.S.AuthenticationServiceImpl - step3
19/12/2025 18:35:28.897 INFO  c.N.S.AuthenticationServiceImpl - 8e2882cd-9b1c-48ce-ad01-a0e9312aba0d
19/12/2025 18:35:28.897 INFO  c.N.S.AuthenticationServiceImpl - 2025-12-19T18:32:05.765Z 2025-12-19T17:35:28.897655800Z
19/12/2025 18:35:28.897 INFO  c.N.S.AuthenticationServiceImpl - data tokentrue
19/12/2025 18:35:28.897 INFO  c.N.S.AuthenticationServiceImpl - EXP_UTC=2025-12-19T18:32:05.765Z NOW_UTC=2025-12-19T17:35:28.897655800Z valid=true
19/12/2025 18:35:28.897 INFO  c.N.S.AuthenticationServiceImpl - EXP_Rome=2025-12-19T19:32:05.765+01:00[Europe/Rome] NOW_Rome=2025-12-19T18:35:28.897655800+01:00[Europe/Rome]
19/12/2025 18:35:28.898 DEBUG o.s.w.s.m.m.a.RequestResponseBodyMethodProcessor - Using 'application/json', given [*/*] and supported [application/json, application/*+json]
19/12/2025 18:35:28.898 DEBUG o.s.w.s.m.m.a.RequestResponseBodyMethodProcessor - Writing [true]
19/12/2025 18:35:28.898 DEBUG o.s.web.servlet.DispatcherServlet - Completed 200 OK
19/12/2025 18:35:28.898 DEBUG o.s.s.w.a.AnonymousAuthenticationFilter - Set SecurityContextHolder to anonymous SecurityContext
19/12/2025 18:35:34.246 DEBUG o.s.security.web.FilterChainProxy - Securing GET /api/isUserAuthenticate
19/12/2025 18:35:34.246 DEBUG o.s.security.web.FilterChainProxy - Secured GET /api/isUserAuthenticate
19/12/2025 18:35:34.246 DEBUG o.s.web.servlet.DispatcherServlet - GET "/api/isUserAuthenticate", parameters={}
19/12/2025 18:35:34.246 DEBUG o.s.w.s.m.m.a.RequestMappingHandlerMapping - Mapped to com.NeptuneWebAutheticator.Controller.AuthenticationController#isUserAuthenticate(HttpServletRequest)
19/12/2025 18:35:34.246 INFO  c.N.C.AuthenticationController - entro
19/12/2025 18:35:34.246 INFO  c.N.S.AuthenticationServiceImpl - entro
19/12/2025 18:35:34.246 INFO  c.N.S.AuthenticationServiceImpl - step1
19/12/2025 18:35:34.246 INFO  c.N.S.AuthenticationServiceImpl - step2
19/12/2025 18:35:34.246 DEBUG o.s.o.j.SharedEntityManagerCreator$SharedEntityManagerInvocationHandler - Creating new EntityManager for shared EntityManager invocation
19/12/2025 18:35:34.246 DEBUG org.hibernate.SQL - select t1_0.tokenId,t1_0.expirationDate,t1_0.tenantId,t1_0.token from Token t1_0 where t1_0.token=?
19/12/2025 18:35:34.246 DEBUG o.m.jdbc.client.impl.StandardClient - execute query: select t1_0.tokenId,t1_0.expirationDate,t1_0.tenantId,t1_0.token from Token t1_0 where t1_0.token=?
19/12/2025 18:35:34.246 DEBUG org.hibernate.session.metrics - HHH000401: Logging session metrics:
	228100 ns acquiring 1 JDBC connections
	0 ns releasing 0 JDBC connections
	263500 ns preparing 1 JDBC statements
	397600 ns executing 1 JDBC statements
	0 ns executing 0 JDBC batches
	0 ns performing 0 second-level cache puts
	0 ns performing 0 second-level cache hits
	0 ns performing 0 second-level cache misses
	0 ns executing 0 flushes (flushing a total of 0 entities and 0 collections)
	0 ns executing 0 pre-partial-flushes
	0 ns executing 0 partial-flushes (flushing a total of 0 entities and 0 collections)

19/12/2025 18:35:34.246 INFO  c.N.S.AuthenticationServiceImpl - step3
19/12/2025 18:35:34.246 INFO  c.N.S.AuthenticationServiceImpl - 8e2882cd-9b1c-48ce-ad01-a0e9312aba0d
19/12/2025 18:35:34.246 INFO  c.N.S.AuthenticationServiceImpl - 2025-12-19T18:32:05.765Z 2025-12-19T17:35:34.246541500Z
19/12/2025 18:35:34.246 INFO  c.N.S.AuthenticationServiceImpl - data tokentrue
19/12/2025 18:35:34.246 INFO  c.N.S.AuthenticationServiceImpl - EXP_UTC=2025-12-19T18:32:05.765Z NOW_UTC=2025-12-19T17:35:34.246541500Z valid=true
19/12/2025 18:35:34.246 INFO  c.N.S.AuthenticationServiceImpl - EXP_Rome=2025-12-19T19:32:05.765+01:00[Europe/Rome] NOW_Rome=2025-12-19T18:35:34.246541500+01:00[Europe/Rome]
19/12/2025 18:35:34.246 DEBUG o.s.w.s.m.m.a.RequestResponseBodyMethodProcessor - Using 'application/json', given [*/*] and supported [application/json, application/*+json]
19/12/2025 18:35:34.246 DEBUG o.s.w.s.m.m.a.RequestResponseBodyMethodProcessor - Writing [true]
19/12/2025 18:35:34.252 DEBUG o.s.web.servlet.DispatcherServlet - Completed 200 OK
19/12/2025 18:35:34.252 DEBUG o.s.s.w.a.AnonymousAuthenticationFilter - Set SecurityContextHolder to anonymous SecurityContext
19/12/2025 18:35:39.731 DEBUG com.zaxxer.hikari.pool.HikariPool - HikariPool-1 - keepalive: connection org.mariadb.jdbc.Connection@e64e006 is alive
19/12/2025 18:35:42.843 DEBUG com.zaxxer.hikari.pool.HikariPool - HikariPool-1 - keepalive: connection org.mariadb.jdbc.Connection@2a240461 is alive
19/12/2025 18:35:47.689 DEBUG com.zaxxer.hikari.pool.HikariPool - HikariPool-1 - keepalive: connection org.mariadb.jdbc.Connection@b9f431d is alive
19/12/2025 18:35:50.798 DEBUG com.zaxxer.hikari.pool.HikariPool - HikariPool-1 - keepalive: connection org.mariadb.jdbc.Connection@7e935b6e is alive
19/12/2025 18:35:51.299 DEBUG com.zaxxer.hikari.pool.HikariPool - HikariPool-1 - Pool stats (total=10/10, idle=10/10, active=0, waiting=0)
19/12/2025 18:35:51.299 DEBUG com.zaxxer.hikari.pool.HikariPool - HikariPool-1 - Fill pool skipped, pool has sufficient level or currently being filled.
19/12/2025 18:35:58.010 DEBUG o.s.security.web.FilterChainProxy - Securing GET /api/isUserAuthenticate
19/12/2025 18:35:58.010 DEBUG o.s.security.web.FilterChainProxy - Secured GET /api/isUserAuthenticate
19/12/2025 18:35:58.010 DEBUG o.s.web.servlet.DispatcherServlet - GET "/api/isUserAuthenticate", parameters={}
19/12/2025 18:35:58.010 DEBUG o.s.w.s.m.m.a.RequestMappingHandlerMapping - Mapped to com.NeptuneWebAutheticator.Controller.AuthenticationController#isUserAuthenticate(HttpServletRequest)
19/12/2025 18:35:58.010 INFO  c.N.C.AuthenticationController - entro
19/12/2025 18:35:58.010 INFO  c.N.S.AuthenticationServiceImpl - entro
19/12/2025 18:35:58.010 INFO  c.N.S.AuthenticationServiceImpl - step1
19/12/2025 18:35:58.010 INFO  c.N.S.AuthenticationServiceImpl - step2
19/12/2025 18:35:58.010 DEBUG o.s.o.j.SharedEntityManagerCreator$SharedEntityManagerInvocationHandler - Creating new EntityManager for shared EntityManager invocation
19/12/2025 18:35:58.010 DEBUG org.hibernate.SQL - select t1_0.tokenId,t1_0.expirationDate,t1_0.tenantId,t1_0.token from Token t1_0 where t1_0.token=?
19/12/2025 18:35:58.010 DEBUG o.m.jdbc.client.impl.StandardClient - execute query: select t1_0.tokenId,t1_0.expirationDate,t1_0.tenantId,t1_0.token from Token t1_0 where t1_0.token=?
19/12/2025 18:35:58.010 DEBUG org.hibernate.session.metrics - HHH000401: Logging session metrics:
	322300 ns acquiring 1 JDBC connections
	0 ns releasing 0 JDBC connections
	355200 ns preparing 1 JDBC statements
	374900 ns executing 1 JDBC statements
	0 ns executing 0 JDBC batches
	0 ns performing 0 second-level cache puts
	0 ns performing 0 second-level cache hits
	0 ns performing 0 second-level cache misses
	0 ns executing 0 flushes (flushing a total of 0 entities and 0 collections)
	0 ns executing 0 pre-partial-flushes
	0 ns executing 0 partial-flushes (flushing a total of 0 entities and 0 collections)

19/12/2025 18:35:58.010 INFO  c.N.S.AuthenticationServiceImpl - step3
19/12/2025 18:35:58.010 INFO  c.N.S.AuthenticationServiceImpl - 8e2882cd-9b1c-48ce-ad01-a0e9312aba0d
19/12/2025 18:35:58.010 INFO  c.N.S.AuthenticationServiceImpl - 2025-12-19T18:32:05.765Z 2025-12-19T17:35:58.010549400Z
19/12/2025 18:35:58.010 INFO  c.N.S.AuthenticationServiceImpl - data tokentrue
19/12/2025 18:35:58.010 INFO  c.N.S.AuthenticationServiceImpl - EXP_UTC=2025-12-19T18:32:05.765Z NOW_UTC=2025-12-19T17:35:58.010549400Z valid=true
19/12/2025 18:35:58.010 INFO  c.N.S.AuthenticationServiceImpl - EXP_Rome=2025-12-19T19:32:05.765+01:00[Europe/Rome] NOW_Rome=2025-12-19T18:35:58.010549400+01:00[Europe/Rome]
19/12/2025 18:35:58.010 DEBUG o.s.w.s.m.m.a.RequestResponseBodyMethodProcessor - Using 'application/json', given [*/*] and supported [application/json, application/*+json]
19/12/2025 18:35:58.010 DEBUG o.s.w.s.m.m.a.RequestResponseBodyMethodProcessor - Writing [true]
19/12/2025 18:35:58.016 DEBUG o.s.web.servlet.DispatcherServlet - Completed 200 OK
19/12/2025 18:35:58.016 DEBUG o.s.s.w.a.AnonymousAuthenticationFilter - Set SecurityContextHolder to anonymous SecurityContext
19/12/2025 18:36:21.311 DEBUG com.zaxxer.hikari.pool.HikariPool - HikariPool-1 - Pool stats (total=10/10, idle=10/10, active=0, waiting=0)
19/12/2025 18:36:21.311 DEBUG com.zaxxer.hikari.pool.HikariPool - HikariPool-1 - Fill pool skipped, pool has sufficient level or currently being filled.
19/12/2025 18:36:28.054 DEBUG o.s.security.web.FilterChainProxy - Securing OPTIONS /Machine
19/12/2025 18:36:28.058 DEBUG o.s.security.web.FilterChainProxy - Securing DELETE /Machine
19/12/2025 18:36:28.058 DEBUG o.s.security.web.FilterChainProxy - Secured DELETE /Machine
19/12/2025 18:36:28.058 DEBUG o.s.web.servlet.DispatcherServlet - DELETE "/Machine", parameters={}
19/12/2025 18:36:28.058 DEBUG o.s.w.s.m.m.a.RequestMappingHandlerMapping - Mapped to com.NeptuneWebAutheticator.Controller.MachineController#deleteMachine(HttpServletRequest, Map)
19/12/2025 18:36:28.065 DEBUG o.s.w.s.m.m.a.RequestResponseBodyMethodProcessor - Read "application/json;charset=utf-8" to [{MachineId=null}]
19/12/2025 18:36:28.065 DEBUG o.s.orm.jpa.JpaTransactionManager - Creating new transaction with name [com.NeptuneWebAutheticator.Service.MachineServiceImpl.deleteMachine]: PROPAGATION_REQUIRED,ISOLATION_DEFAULT
19/12/2025 18:36:28.065 DEBUG o.s.orm.jpa.JpaTransactionManager - Opened new EntityManager [SessionImpl(1094198173<open>)] for JPA transaction
19/12/2025 18:36:28.065 DEBUG o.h.e.t.internal.TransactionImpl - Beginning transaction
19/12/2025 18:36:28.066 DEBUG o.m.jdbc.client.impl.StandardClient - execute query: set autocommit=0
19/12/2025 18:36:28.066 DEBUG o.m.jdbc.message.server.OkPacket - System variable change:  autocommit = OFF
19/12/2025 18:36:28.066 DEBUG o.s.orm.jpa.JpaTransactionManager - Exposing JPA transaction as JDBC [org.springframework.orm.jpa.vendor.HibernateJpaDialect$HibernateConnectionHandle@50f78015]
19/12/2025 18:36:28.066 INFO  c.N.S.AuthenticationServiceImpl - entro
19/12/2025 18:36:28.066 INFO  c.N.S.AuthenticationServiceImpl - step1
19/12/2025 18:36:28.066 INFO  c.N.S.AuthenticationServiceImpl - step2
19/12/2025 18:36:28.066 DEBUG org.hibernate.SQL - select t1_0.tokenId,t1_0.expirationDate,t1_0.tenantId,t1_0.token from Token t1_0 where t1_0.token=?
19/12/2025 18:36:28.067 DEBUG o.m.jdbc.client.impl.StandardClient - execute query: select t1_0.tokenId,t1_0.expirationDate,t1_0.tenantId,t1_0.token from Token t1_0 where t1_0.token=?
19/12/2025 18:36:28.067 INFO  c.N.S.AuthenticationServiceImpl - step3
19/12/2025 18:36:28.067 INFO  c.N.S.AuthenticationServiceImpl - 8e2882cd-9b1c-48ce-ad01-a0e9312aba0d
19/12/2025 18:36:28.067 INFO  c.N.S.AuthenticationServiceImpl - 2025-12-19T18:32:05.765Z 2025-12-19T17:36:28.067806100Z
19/12/2025 18:36:28.067 INFO  c.N.S.AuthenticationServiceImpl - data tokentrue
19/12/2025 18:36:28.068 INFO  c.N.S.AuthenticationServiceImpl - EXP_UTC=2025-12-19T18:32:05.765Z NOW_UTC=2025-12-19T17:36:28.068814900Z valid=true
19/12/2025 18:36:28.068 INFO  c.N.S.AuthenticationServiceImpl - EXP_Rome=2025-12-19T19:32:05.765+01:00[Europe/Rome] NOW_Rome=2025-12-19T18:36:28.068814900+01:00[Europe/Rome]
19/12/2025 18:36:28.068 DEBUG o.h.e.i.AbstractFlushingEventListener - Flushed: 0 insertions, 0 updates, 0 deletions to 1 objects
19/12/2025 18:36:28.068 DEBUG o.h.e.i.AbstractFlushingEventListener - Flushed: 0 (re)creations, 0 updates, 0 removals to 0 collections
19/12/2025 18:36:28.068 DEBUG o.h.internal.util.EntityPrinter - Listing entities:
19/12/2025 18:36:28.068 DEBUG o.h.internal.util.EntityPrinter - com.NeptuneWebAutheticator.Entity.Token{tokenId=34, tenantId=1, expirationDate=2025-12-19 19:32:05.765, token=8e2882cd-9b1c-48ce-ad01-a0e9312aba0d}
19/12/2025 18:36:28.068 DEBUG org.hibernate.SQL - select t1_0.tokenId,t1_0.expirationDate,t1_0.tenantId,t1_0.token from Token t1_0 where t1_0.token=?
19/12/2025 18:36:28.068 DEBUG o.m.jdbc.client.impl.StandardClient - execute query: select t1_0.tokenId,t1_0.expirationDate,t1_0.tenantId,t1_0.token from Token t1_0 where t1_0.token=?
19/12/2025 18:36:28.069 INFO  c.N.S.AuthenticationServiceImpl - 8e2882cd-9b1c-48ce-ad01-a0e9312aba0d
19/12/2025 18:36:28.069 INFO  c.N.S.AuthenticationServiceImpl - 2025-12-19T18:32:05.765Z 2025-12-19T17:36:28.069815200Z
19/12/2025 18:36:28.069 INFO  c.N.S.AuthenticationServiceImpl - data tokentrue
19/12/2025 18:36:28.069 INFO  c.N.S.AuthenticationServiceImpl - EXP_UTC=2025-12-19T18:32:05.765Z NOW_UTC=2025-12-19T17:36:28.069815200Z valid=true
19/12/2025 18:36:28.069 INFO  c.N.S.AuthenticationServiceImpl - EXP_Rome=2025-12-19T19:32:05.765+01:00[Europe/Rome] NOW_Rome=2025-12-19T18:36:28.069815200+01:00[Europe/Rome]
19/12/2025 18:36:28.069 DEBUG o.s.orm.jpa.JpaTransactionManager - Found thread-bound EntityManager [SessionImpl(1094198173<open>)] for JPA transaction
19/12/2025 18:36:28.069 DEBUG o.s.orm.jpa.JpaTransactionManager - Participating in existing transaction
19/12/2025 18:36:28.069 DEBUG org.hibernate.SQL - select t1_0.tenantId,t1_0.password,t1_0.role,t1_0.username from Tenants t1_0 where t1_0.tenantId=?
19/12/2025 18:36:28.069 DEBUG o.m.jdbc.client.impl.StandardClient - execute query: select t1_0.tenantId,t1_0.password,t1_0.role,t1_0.username from Tenants t1_0 where t1_0.tenantId=?
19/12/2025 18:36:28.072 DEBUG o.h.e.i.AbstractFlushingEventListener - Flushed: 0 insertions, 0 updates, 0 deletions to 2 objects
19/12/2025 18:36:28.072 DEBUG o.h.e.i.AbstractFlushingEventListener - Flushed: 0 (re)creations, 0 updates, 0 removals to 0 collections
19/12/2025 18:36:28.072 DEBUG o.h.internal.util.EntityPrinter - Listing entities:
19/12/2025 18:36:28.072 DEBUG o.h.internal.util.EntityPrinter - com.NeptuneWebAutheticator.Entity.Tenant{password=Zcssysadm, role=Administrator, tenantId=1, username=Administrator}
19/12/2025 18:36:28.072 DEBUG o.h.internal.util.EntityPrinter - com.NeptuneWebAutheticator.Entity.Token{tokenId=34, tenantId=1, expirationDate=2025-12-19 19:32:05.765, token=8e2882cd-9b1c-48ce-ad01-a0e9312aba0d}
19/12/2025 18:36:28.072 DEBUG org.hibernate.SQL - select m1_0.id,m1_0.ipAddress,m1_0.isTruckingOn,m1_0.machineId,m1_0.tenantId from Machines m1_0 where m1_0.machineId=? and m1_0.tenantId=?
19/12/2025 18:36:28.072 DEBUG o.m.jdbc.client.impl.StandardClient - execute query: select m1_0.id,m1_0.ipAddress,m1_0.isTruckingOn,m1_0.machineId,m1_0.tenantId from Machines m1_0 where m1_0.machineId=? and m1_0.tenantId=?
19/12/2025 18:36:28.074 DEBUG o.s.orm.jpa.JpaTransactionManager - Initiating transaction rollback
19/12/2025 18:36:28.074 DEBUG o.s.orm.jpa.JpaTransactionManager - Rolling back JPA transaction on EntityManager [SessionImpl(1094198173<open>)]
19/12/2025 18:36:28.074 DEBUG o.h.e.t.internal.TransactionImpl - Rolling back transaction
19/12/2025 18:36:28.074 DEBUG o.m.jdbc.client.impl.StandardClient - execute query: ROLLBACK
19/12/2025 18:36:28.076 DEBUG o.m.jdbc.client.impl.StandardClient - execute query: set autocommit=1
19/12/2025 18:36:28.076 DEBUG o.m.jdbc.message.server.OkPacket - System variable change:  autocommit = ON
19/12/2025 18:36:28.077 DEBUG o.s.orm.jpa.JpaTransactionManager - Closing JPA EntityManager after transaction
19/12/2025 18:36:28.077 DEBUG org.hibernate.session.metrics - HHH000401: Logging session metrics:
	251200 ns acquiring 1 JDBC connections
	0 ns releasing 0 JDBC connections
	88000 ns preparing 4 JDBC statements
	1165600 ns executing 4 JDBC statements
	0 ns executing 0 JDBC batches
	0 ns performing 0 second-level cache puts
	0 ns performing 0 second-level cache hits
	0 ns performing 0 second-level cache misses
	0 ns executing 0 flushes (flushing a total of 0 entities and 0 collections)
	47900 ns executing 3 pre-partial-flushes
	691300 ns executing 3 partial-flushes (flushing a total of 3 entities and 3 collections)

19/12/2025 18:36:28.082 DEBUG o.s.w.s.m.a.ResponseStatusExceptionResolver - Resolved [org.springframework.web.server.ResponseStatusException: 404 NOT_FOUND]
19/12/2025 18:36:28.082 DEBUG o.s.web.servlet.DispatcherServlet - Completed 404 NOT_FOUND
19/12/2025 18:36:28.082 DEBUG o.s.s.w.a.AnonymousAuthenticationFilter - Set SecurityContextHolder to anonymous SecurityContext
19/12/2025 18:36:28.085 DEBUG o.s.security.web.FilterChainProxy - Securing GET /error
19/12/2025 18:36:28.085 DEBUG o.s.s.w.a.AnonymousAuthenticationFilter - Set SecurityContextHolder to anonymous SecurityContext
19/12/2025 18:36:28.086 DEBUG o.s.s.w.a.Http403ForbiddenEntryPoint - Pre-authenticated entry point called. Rejecting access
19/12/2025 18:36:28.093 DEBUG o.s.security.web.FilterChainProxy - Securing GET /Machine
19/12/2025 18:36:28.093 DEBUG o.s.security.web.FilterChainProxy - Secured GET /Machine
19/12/2025 18:36:28.094 DEBUG o.s.web.servlet.DispatcherServlet - GET "/Machine", parameters={}
19/12/2025 18:36:28.094 DEBUG o.s.w.s.m.m.a.RequestMappingHandlerMapping - Mapped to com.NeptuneWebAutheticator.Controller.MachineController#getMachines(HttpServletRequest)
19/12/2025 18:36:28.094 DEBUG o.s.orm.jpa.JpaTransactionManager - Creating new transaction with name [com.NeptuneWebAutheticator.Service.MachineServiceImpl.getMachinesByTenantId]: PROPAGATION_REQUIRED,ISOLATION_DEFAULT
19/12/2025 18:36:28.094 DEBUG o.s.orm.jpa.JpaTransactionManager - Opened new EntityManager [SessionImpl(637028485<open>)] for JPA transaction
19/12/2025 18:36:28.094 DEBUG o.h.e.t.internal.TransactionImpl - Beginning transaction
19/12/2025 18:36:28.094 DEBUG o.m.jdbc.client.impl.StandardClient - execute query: set autocommit=0
19/12/2025 18:36:28.095 DEBUG o.m.jdbc.message.server.OkPacket - System variable change:  autocommit = OFF
19/12/2025 18:36:28.095 DEBUG o.s.orm.jpa.JpaTransactionManager - Exposing JPA transaction as JDBC [org.springframework.orm.jpa.vendor.HibernateJpaDialect$HibernateConnectionHandle@1bf1ccd1]
19/12/2025 18:36:28.095 INFO  c.N.S.AuthenticationServiceImpl - entro
19/12/2025 18:36:28.095 INFO  c.N.S.AuthenticationServiceImpl - step1
19/12/2025 18:36:28.095 INFO  c.N.S.AuthenticationServiceImpl - step2
19/12/2025 18:36:28.095 DEBUG org.hibernate.SQL - select t1_0.tokenId,t1_0.expirationDate,t1_0.tenantId,t1_0.token from Token t1_0 where t1_0.token=?
19/12/2025 18:36:28.095 DEBUG o.m.jdbc.client.impl.StandardClient - execute query: select t1_0.tokenId,t1_0.expirationDate,t1_0.tenantId,t1_0.token from Token t1_0 where t1_0.token=?
19/12/2025 18:36:28.096 INFO  c.N.S.AuthenticationServiceImpl - step3
19/12/2025 18:36:28.096 INFO  c.N.S.AuthenticationServiceImpl - 8e2882cd-9b1c-48ce-ad01-a0e9312aba0d
19/12/2025 18:36:28.096 INFO  c.N.S.AuthenticationServiceImpl - 2025-12-19T18:32:05.765Z 2025-12-19T17:36:28.096406500Z
19/12/2025 18:36:28.096 INFO  c.N.S.AuthenticationServiceImpl - data tokentrue
19/12/2025 18:36:28.096 INFO  c.N.S.AuthenticationServiceImpl - EXP_UTC=2025-12-19T18:32:05.765Z NOW_UTC=2025-12-19T17:36:28.096406500Z valid=true
19/12/2025 18:36:28.096 INFO  c.N.S.AuthenticationServiceImpl - EXP_Rome=2025-12-19T19:32:05.765+01:00[Europe/Rome] NOW_Rome=2025-12-19T18:36:28.096406500+01:00[Europe/Rome]
19/12/2025 18:36:28.097 DEBUG o.h.e.i.AbstractFlushingEventListener - Flushed: 0 insertions, 0 updates, 0 deletions to 1 objects
19/12/2025 18:36:28.097 DEBUG o.h.e.i.AbstractFlushingEventListener - Flushed: 0 (re)creations, 0 updates, 0 removals to 0 collections
19/12/2025 18:36:28.097 DEBUG o.h.internal.util.EntityPrinter - Listing entities:
19/12/2025 18:36:28.097 DEBUG o.h.internal.util.EntityPrinter - com.NeptuneWebAutheticator.Entity.Token{tokenId=34, tenantId=1, expirationDate=2025-12-19 19:32:05.765, token=8e2882cd-9b1c-48ce-ad01-a0e9312aba0d}
19/12/2025 18:36:28.097 DEBUG org.hibernate.SQL - select t1_0.tokenId,t1_0.expirationDate,t1_0.tenantId,t1_0.token from Token t1_0 where t1_0.token=?
19/12/2025 18:36:28.097 DEBUG o.m.jdbc.client.impl.StandardClient - execute query: select t1_0.tokenId,t1_0.expirationDate,t1_0.tenantId,t1_0.token from Token t1_0 where t1_0.token=?
19/12/2025 18:36:28.098 INFO  c.N.S.AuthenticationServiceImpl - 8e2882cd-9b1c-48ce-ad01-a0e9312aba0d
19/12/2025 18:36:28.098 INFO  c.N.S.AuthenticationServiceImpl - 2025-12-19T18:32:05.765Z 2025-12-19T17:36:28.098405600Z
19/12/2025 18:36:28.098 INFO  c.N.S.AuthenticationServiceImpl - data tokentrue
19/12/2025 18:36:28.098 INFO  c.N.S.AuthenticationServiceImpl - EXP_UTC=2025-12-19T18:32:05.765Z NOW_UTC=2025-12-19T17:36:28.098405600Z valid=true
19/12/2025 18:36:28.098 INFO  c.N.S.AuthenticationServiceImpl - EXP_Rome=2025-12-19T19:32:05.765+01:00[Europe/Rome] NOW_Rome=2025-12-19T18:36:28.098405600+01:00[Europe/Rome]
19/12/2025 18:36:28.098 DEBUG o.s.orm.jpa.JpaTransactionManager - Found thread-bound EntityManager [SessionImpl(637028485<open>)] for JPA transaction
19/12/2025 18:36:28.098 DEBUG o.s.orm.jpa.JpaTransactionManager - Participating in existing transaction
19/12/2025 18:36:28.098 DEBUG org.hibernate.SQL - select t1_0.tenantId,t1_0.password,t1_0.role,t1_0.username from Tenants t1_0 where t1_0.tenantId=?
19/12/2025 18:36:28.098 DEBUG o.m.jdbc.client.impl.StandardClient - execute query: select t1_0.tenantId,t1_0.password,t1_0.role,t1_0.username from Tenants t1_0 where t1_0.tenantId=?
19/12/2025 18:36:28.099 DEBUG o.h.e.i.AbstractFlushingEventListener - Flushed: 0 insertions, 0 updates, 0 deletions to 2 objects
19/12/2025 18:36:28.099 DEBUG o.h.e.i.AbstractFlushingEventListener - Flushed: 0 (re)creations, 0 updates, 0 removals to 0 collections
19/12/2025 18:36:28.099 DEBUG o.h.internal.util.EntityPrinter - Listing entities:
19/12/2025 18:36:28.099 DEBUG o.h.internal.util.EntityPrinter - com.NeptuneWebAutheticator.Entity.Tenant{password=Zcssysadm, role=Administrator, tenantId=1, username=Administrator}
19/12/2025 18:36:28.100 DEBUG o.h.internal.util.EntityPrinter - com.NeptuneWebAutheticator.Entity.Token{tokenId=34, tenantId=1, expirationDate=2025-12-19 19:32:05.765, token=8e2882cd-9b1c-48ce-ad01-a0e9312aba0d}
19/12/2025 18:36:28.100 DEBUG org.hibernate.SQL - select m1_0.id,m1_0.ipAddress,m1_0.isTruckingOn,m1_0.machineId,m1_0.tenantId from Machines m1_0 where m1_0.tenantId=?
19/12/2025 18:36:28.100 DEBUG o.m.jdbc.client.impl.StandardClient - execute query: select m1_0.id,m1_0.ipAddress,m1_0.isTruckingOn,m1_0.machineId,m1_0.tenantId from Machines m1_0 where m1_0.tenantId=?
19/12/2025 18:36:28.100 DEBUG o.s.orm.jpa.JpaTransactionManager - Initiating transaction commit
19/12/2025 18:36:28.100 DEBUG o.s.orm.jpa.JpaTransactionManager - Committing JPA transaction on EntityManager [SessionImpl(637028485<open>)]
19/12/2025 18:36:28.100 DEBUG o.h.e.t.internal.TransactionImpl - Committing transaction
19/12/2025 18:36:28.101 DEBUG o.h.e.i.AbstractFlushingEventListener - Flushed: 0 insertions, 0 updates, 0 deletions to 3 objects
19/12/2025 18:36:28.101 DEBUG o.h.e.i.AbstractFlushingEventListener - Flushed: 0 (re)creations, 0 updates, 0 removals to 0 collections
19/12/2025 18:36:28.101 DEBUG o.h.internal.util.EntityPrinter - Listing entities:
19/12/2025 18:36:28.101 DEBUG o.h.internal.util.EntityPrinter - com.NeptuneWebAutheticator.Entity.Tenant{password=Zcssysadm, role=Administrator, tenantId=1, username=Administrator}
19/12/2025 18:36:28.101 DEBUG o.h.internal.util.EntityPrinter - com.NeptuneWebAutheticator.Entity.Token{tokenId=34, tenantId=1, expirationDate=2025-12-19 19:32:05.765, token=8e2882cd-9b1c-48ce-ad01-a0e9312aba0d}
19/12/2025 18:36:28.101 DEBUG o.h.internal.util.EntityPrinter - com.NeptuneWebAutheticator.Entity.Machine{isTruckingOn=true, machineId=PTV_MACH900_02, ipAddress=http://localhost:8081, id=4, tenant=com.NeptuneWebAutheticator.Entity.Tenant#1}
19/12/2025 18:36:28.101 DEBUG o.m.jdbc.client.impl.StandardClient - execute query: COMMIT
19/12/2025 18:36:28.101 DEBUG o.m.jdbc.client.impl.StandardClient - execute query: set autocommit=1
19/12/2025 18:36:28.101 DEBUG o.m.jdbc.message.server.OkPacket - System variable change:  autocommit = ON
19/12/2025 18:36:28.101 DEBUG o.s.orm.jpa.JpaTransactionManager - Closing JPA EntityManager after transaction
19/12/2025 18:36:28.101 DEBUG org.hibernate.session.metrics - HHH000401: Logging session metrics:
	21700 ns acquiring 1 JDBC connections
	0 ns releasing 0 JDBC connections
	121500 ns preparing 4 JDBC statements
	1368800 ns executing 4 JDBC statements
	0 ns executing 0 JDBC batches
	0 ns performing 0 second-level cache puts
	0 ns performing 0 second-level cache hits
	0 ns performing 0 second-level cache misses
	466300 ns executing 1 flushes (flushing a total of 3 entities and 0 collections)
	69300 ns executing 3 pre-partial-flushes
	1042000 ns executing 3 partial-flushes (flushing a total of 3 entities and 3 collections)

19/12/2025 18:36:28.101 DEBUG o.s.w.s.m.m.a.RequestResponseBodyMethodProcessor - Using 'application/json', given [*/*] and supported [application/json, application/*+json]
19/12/2025 18:36:28.101 DEBUG o.s.w.s.m.m.a.RequestResponseBodyMethodProcessor - Writing [[MachineDTO(machineid=PTV_MACH900_02, ip_address=http://localhost:8081, isTruckingOn=true)]]
19/12/2025 18:36:28.103 DEBUG o.s.web.servlet.DispatcherServlet - Completed 200 OK
19/12/2025 18:36:28.103 DEBUG o.s.s.w.a.AnonymousAuthenticationFilter - Set SecurityContextHolder to anonymous SecurityContext
19/12/2025 18:36:42.838 DEBUG com.zaxxer.hikari.pool.HikariPool - HikariPool-1 - keepalive: connection org.mariadb.jdbc.Connection@6d57c4fe is alive
19/12/2025 18:36:43.242 DEBUG com.zaxxer.hikari.pool.HikariPool - HikariPool-1 - keepalive: connection org.mariadb.jdbc.Connection@1c2d84e7 is alive
19/12/2025 18:36:49.114 DEBUG com.zaxxer.hikari.pool.HikariPool - HikariPool-1 - keepalive: connection org.mariadb.jdbc.Connection@6e4b1f49 is alive
19/12/2025 18:36:51.312 DEBUG com.zaxxer.hikari.pool.HikariPool - HikariPool-1 - Pool stats (total=10/10, idle=10/10, active=0, waiting=0)
19/12/2025 18:36:51.312 DEBUG com.zaxxer.hikari.pool.HikariPool - HikariPool-1 - Fill pool skipped, pool has sufficient level or currently being filled.
19/12/2025 18:36:51.372 DEBUG com.zaxxer.hikari.pool.HikariPool - HikariPool-1 - keepalive: connection org.mariadb.jdbc.Connection@1f75fd1d is alive
19/12/2025 18:37:02.737 DEBUG com.zaxxer.hikari.pool.HikariPool - HikariPool-1 - keepalive: connection org.mariadb.jdbc.Connection@6a0585a3 is alive
19/12/2025 18:37:08.346 DEBUG com.zaxxer.hikari.pool.HikariPool - HikariPool-1 - keepalive: connection org.mariadb.jdbc.Connection@6b26c1a3 is alive
19/12/2025 18:37:21.316 DEBUG com.zaxxer.hikari.pool.HikariPool - HikariPool-1 - Pool stats (total=10/10, idle=10/10, active=0, waiting=0)
19/12/2025 18:37:21.316 DEBUG com.zaxxer.hikari.pool.HikariPool - HikariPool-1 - Fill pool skipped, pool has sufficient level or currently being filled.
19/12/2025 18:37:33.979 DEBUG com.zaxxer.hikari.pool.HikariPool - HikariPool-1 - keepalive: connection org.mariadb.jdbc.Connection@e64e006 is alive
19/12/2025 18:37:38.528 DEBUG com.zaxxer.hikari.pool.HikariPool - HikariPool-1 - keepalive: connection org.mariadb.jdbc.Connection@2a240461 is alive
19/12/2025 18:37:45.830 DEBUG com.zaxxer.hikari.pool.HikariPool - HikariPool-1 - keepalive: connection org.mariadb.jdbc.Connection@b9f431d is alive
19/12/2025 18:37:47.618 DEBUG o.s.security.web.FilterChainProxy - Securing GET /api/isUserAuthenticate
19/12/2025 18:37:47.619 DEBUG o.s.security.web.FilterChainProxy - Secured GET /api/isUserAuthenticate
19/12/2025 18:37:47.619 DEBUG o.s.web.servlet.DispatcherServlet - GET "/api/isUserAuthenticate", parameters={}
19/12/2025 18:37:47.620 DEBUG o.s.w.s.m.m.a.RequestMappingHandlerMapping - Mapped to com.NeptuneWebAutheticator.Controller.AuthenticationController#isUserAuthenticate(HttpServletRequest)
19/12/2025 18:37:47.620 INFO  c.N.C.AuthenticationController - entro
19/12/2025 18:37:47.620 INFO  c.N.S.AuthenticationServiceImpl - entro
19/12/2025 18:37:47.620 INFO  c.N.S.AuthenticationServiceImpl - step1
19/12/2025 18:37:47.620 INFO  c.N.S.AuthenticationServiceImpl - step2
19/12/2025 18:37:47.620 DEBUG o.s.o.j.SharedEntityManagerCreator$SharedEntityManagerInvocationHandler - Creating new EntityManager for shared EntityManager invocation
19/12/2025 18:37:47.621 DEBUG org.hibernate.SQL - select t1_0.tokenId,t1_0.expirationDate,t1_0.tenantId,t1_0.token from Token t1_0 where t1_0.token=?
19/12/2025 18:37:47.621 DEBUG o.m.jdbc.client.impl.StandardClient - execute query: select t1_0.tokenId,t1_0.expirationDate,t1_0.tenantId,t1_0.token from Token t1_0 where t1_0.token=?
19/12/2025 18:37:47.622 DEBUG org.hibernate.session.metrics - HHH000401: Logging session metrics:
	282800 ns acquiring 1 JDBC connections
	0 ns releasing 0 JDBC connections
	326600 ns preparing 1 JDBC statements
	434600 ns executing 1 JDBC statements
	0 ns executing 0 JDBC batches
	0 ns performing 0 second-level cache puts
	0 ns performing 0 second-level cache hits
	0 ns performing 0 second-level cache misses
	0 ns executing 0 flushes (flushing a total of 0 entities and 0 collections)
	0 ns executing 0 pre-partial-flushes
	0 ns executing 0 partial-flushes (flushing a total of 0 entities and 0 collections)

19/12/2025 18:37:47.622 INFO  c.N.S.AuthenticationServiceImpl - step3
19/12/2025 18:37:47.622 INFO  c.N.S.AuthenticationServiceImpl - 8e2882cd-9b1c-48ce-ad01-a0e9312aba0d
19/12/2025 18:37:47.622 INFO  c.N.S.AuthenticationServiceImpl - 2025-12-19T18:32:05.765Z 2025-12-19T17:37:47.622529400Z
19/12/2025 18:37:47.622 INFO  c.N.S.AuthenticationServiceImpl - data tokentrue
19/12/2025 18:37:47.622 INFO  c.N.S.AuthenticationServiceImpl - EXP_UTC=2025-12-19T18:32:05.765Z NOW_UTC=2025-12-19T17:37:47.622529400Z valid=true
19/12/2025 18:37:47.622 INFO  c.N.S.AuthenticationServiceImpl - EXP_Rome=2025-12-19T19:32:05.765+01:00[Europe/Rome] NOW_Rome=2025-12-19T18:37:47.622529400+01:00[Europe/Rome]
19/12/2025 18:37:47.622 DEBUG o.s.w.s.m.m.a.RequestResponseBodyMethodProcessor - Using 'application/json', given [*/*] and supported [application/json, application/*+json]
19/12/2025 18:37:47.622 DEBUG o.s.w.s.m.m.a.RequestResponseBodyMethodProcessor - Writing [true]
19/12/2025 18:37:47.623 DEBUG o.s.web.servlet.DispatcherServlet - Completed 200 OK
19/12/2025 18:37:47.624 DEBUG o.s.s.w.a.AnonymousAuthenticationFilter - Set SecurityContextHolder to anonymous SecurityContext
19/12/2025 18:37:47.752 DEBUG o.s.security.web.FilterChainProxy - Securing GET /Machine
19/12/2025 18:37:47.753 DEBUG o.s.security.web.FilterChainProxy - Secured GET /Machine
19/12/2025 18:37:47.753 DEBUG o.s.web.servlet.DispatcherServlet - GET "/Machine", parameters={}
19/12/2025 18:37:47.754 DEBUG o.s.w.s.m.m.a.RequestMappingHandlerMapping - Mapped to com.NeptuneWebAutheticator.Controller.MachineController#getMachines(HttpServletRequest)
19/12/2025 18:37:47.754 DEBUG o.s.orm.jpa.JpaTransactionManager - Creating new transaction with name [com.NeptuneWebAutheticator.Service.MachineServiceImpl.getMachinesByTenantId]: PROPAGATION_REQUIRED,ISOLATION_DEFAULT
19/12/2025 18:37:47.754 DEBUG o.s.orm.jpa.JpaTransactionManager - Opened new EntityManager [SessionImpl(1746710624<open>)] for JPA transaction
19/12/2025 18:37:47.754 DEBUG o.h.e.t.internal.TransactionImpl - Beginning transaction
19/12/2025 18:37:47.754 DEBUG o.m.jdbc.client.impl.StandardClient - execute query: set autocommit=0
19/12/2025 18:37:47.755 DEBUG o.m.jdbc.message.server.OkPacket - System variable change:  autocommit = OFF
19/12/2025 18:37:47.755 DEBUG o.s.orm.jpa.JpaTransactionManager - Exposing JPA transaction as JDBC [org.springframework.orm.jpa.vendor.HibernateJpaDialect$HibernateConnectionHandle@3f6ea5ed]
19/12/2025 18:37:47.755 INFO  c.N.S.AuthenticationServiceImpl - entro
19/12/2025 18:37:47.755 INFO  c.N.S.AuthenticationServiceImpl - step1
19/12/2025 18:37:47.755 INFO  c.N.S.AuthenticationServiceImpl - step2
19/12/2025 18:37:47.756 DEBUG org.hibernate.SQL - select t1_0.tokenId,t1_0.expirationDate,t1_0.tenantId,t1_0.token from Token t1_0 where t1_0.token=?
19/12/2025 18:37:47.756 DEBUG o.m.jdbc.client.impl.StandardClient - execute query: select t1_0.tokenId,t1_0.expirationDate,t1_0.tenantId,t1_0.token from Token t1_0 where t1_0.token=?
19/12/2025 18:37:47.757 INFO  c.N.S.AuthenticationServiceImpl - step3
19/12/2025 18:37:47.757 INFO  c.N.S.AuthenticationServiceImpl - 8e2882cd-9b1c-48ce-ad01-a0e9312aba0d
19/12/2025 18:37:47.757 INFO  c.N.S.AuthenticationServiceImpl - 2025-12-19T18:32:05.765Z 2025-12-19T17:37:47.757575100Z
19/12/2025 18:37:47.757 INFO  c.N.S.AuthenticationServiceImpl - data tokentrue
19/12/2025 18:37:47.758 INFO  c.N.S.AuthenticationServiceImpl - EXP_UTC=2025-12-19T18:32:05.765Z NOW_UTC=2025-12-19T17:37:47.758584900Z valid=true
19/12/2025 18:37:47.758 INFO  c.N.S.AuthenticationServiceImpl - EXP_Rome=2025-12-19T19:32:05.765+01:00[Europe/Rome] NOW_Rome=2025-12-19T18:37:47.758584900+01:00[Europe/Rome]
19/12/2025 18:37:47.758 DEBUG o.h.e.i.AbstractFlushingEventListener - Flushed: 0 insertions, 0 updates, 0 deletions to 1 objects
19/12/2025 18:37:47.758 DEBUG o.h.e.i.AbstractFlushingEventListener - Flushed: 0 (re)creations, 0 updates, 0 removals to 0 collections
19/12/2025 18:37:47.758 DEBUG o.h.internal.util.EntityPrinter - Listing entities:
19/12/2025 18:37:47.758 DEBUG o.h.internal.util.EntityPrinter - com.NeptuneWebAutheticator.Entity.Token{tokenId=34, tenantId=1, expirationDate=2025-12-19 19:32:05.765, token=8e2882cd-9b1c-48ce-ad01-a0e9312aba0d}
19/12/2025 18:37:47.758 DEBUG org.hibernate.SQL - select t1_0.tokenId,t1_0.expirationDate,t1_0.tenantId,t1_0.token from Token t1_0 where t1_0.token=?
19/12/2025 18:37:47.758 DEBUG o.m.jdbc.client.impl.StandardClient - execute query: select t1_0.tokenId,t1_0.expirationDate,t1_0.tenantId,t1_0.token from Token t1_0 where t1_0.token=?
19/12/2025 18:37:47.760 INFO  c.N.S.AuthenticationServiceImpl - 8e2882cd-9b1c-48ce-ad01-a0e9312aba0d
19/12/2025 18:37:47.760 INFO  c.N.S.AuthenticationServiceImpl - 2025-12-19T18:32:05.765Z 2025-12-19T17:37:47.760292400Z
19/12/2025 18:37:47.760 INFO  c.N.S.AuthenticationServiceImpl - data tokentrue
19/12/2025 18:37:47.760 INFO  c.N.S.AuthenticationServiceImpl - EXP_UTC=2025-12-19T18:32:05.765Z NOW_UTC=2025-12-19T17:37:47.760292400Z valid=true
19/12/2025 18:37:47.760 INFO  c.N.S.AuthenticationServiceImpl - EXP_Rome=2025-12-19T19:32:05.765+01:00[Europe/Rome] NOW_Rome=2025-12-19T18:37:47.760292400+01:00[Europe/Rome]
19/12/2025 18:37:47.760 DEBUG o.s.orm.jpa.JpaTransactionManager - Found thread-bound EntityManager [SessionImpl(1746710624<open>)] for JPA transaction
19/12/2025 18:37:47.760 DEBUG o.s.orm.jpa.JpaTransactionManager - Participating in existing transaction
19/12/2025 18:37:47.760 DEBUG org.hibernate.SQL - select t1_0.tenantId,t1_0.password,t1_0.role,t1_0.username from Tenants t1_0 where t1_0.tenantId=?
19/12/2025 18:37:47.760 DEBUG o.m.jdbc.client.impl.StandardClient - execute query: select t1_0.tenantId,t1_0.password,t1_0.role,t1_0.username from Tenants t1_0 where t1_0.tenantId=?
19/12/2025 18:37:47.760 DEBUG o.h.e.i.AbstractFlushingEventListener - Flushed: 0 insertions, 0 updates, 0 deletions to 2 objects
19/12/2025 18:37:47.760 DEBUG o.h.e.i.AbstractFlushingEventListener - Flushed: 0 (re)creations, 0 updates, 0 removals to 0 collections
19/12/2025 18:37:47.760 DEBUG o.h.internal.util.EntityPrinter - Listing entities:
19/12/2025 18:37:47.760 DEBUG o.h.internal.util.EntityPrinter - com.NeptuneWebAutheticator.Entity.Tenant{password=Zcssysadm, role=Administrator, tenantId=1, username=Administrator}
19/12/2025 18:37:47.760 DEBUG o.h.internal.util.EntityPrinter - com.NeptuneWebAutheticator.Entity.Token{tokenId=34, tenantId=1, expirationDate=2025-12-19 19:32:05.765, token=8e2882cd-9b1c-48ce-ad01-a0e9312aba0d}
19/12/2025 18:37:47.760 DEBUG org.hibernate.SQL - select m1_0.id,m1_0.ipAddress,m1_0.isTruckingOn,m1_0.machineId,m1_0.tenantId from Machines m1_0 where m1_0.tenantId=?
19/12/2025 18:37:47.760 DEBUG o.m.jdbc.client.impl.StandardClient - execute query: select m1_0.id,m1_0.ipAddress,m1_0.isTruckingOn,m1_0.machineId,m1_0.tenantId from Machines m1_0 where m1_0.tenantId=?
19/12/2025 18:37:47.760 DEBUG o.s.orm.jpa.JpaTransactionManager - Initiating transaction commit
19/12/2025 18:37:47.760 DEBUG o.s.orm.jpa.JpaTransactionManager - Committing JPA transaction on EntityManager [SessionImpl(1746710624<open>)]
19/12/2025 18:37:47.760 DEBUG o.h.e.t.internal.TransactionImpl - Committing transaction
19/12/2025 18:37:47.760 DEBUG o.h.e.i.AbstractFlushingEventListener - Flushed: 0 insertions, 0 updates, 0 deletions to 3 objects
19/12/2025 18:37:47.760 DEBUG o.h.e.i.AbstractFlushingEventListener - Flushed: 0 (re)creations, 0 updates, 0 removals to 0 collections
19/12/2025 18:37:47.760 DEBUG o.h.internal.util.EntityPrinter - Listing entities:
19/12/2025 18:37:47.760 DEBUG o.h.internal.util.EntityPrinter - com.NeptuneWebAutheticator.Entity.Tenant{password=Zcssysadm, role=Administrator, tenantId=1, username=Administrator}
19/12/2025 18:37:47.760 DEBUG o.h.internal.util.EntityPrinter - com.NeptuneWebAutheticator.Entity.Token{tokenId=34, tenantId=1, expirationDate=2025-12-19 19:32:05.765, token=8e2882cd-9b1c-48ce-ad01-a0e9312aba0d}
19/12/2025 18:37:47.760 DEBUG o.h.internal.util.EntityPrinter - com.NeptuneWebAutheticator.Entity.Machine{isTruckingOn=true, machineId=PTV_MACH900_02, ipAddress=http://localhost:8081, id=4, tenant=com.NeptuneWebAutheticator.Entity.Tenant#1}
19/12/2025 18:37:47.760 DEBUG o.m.jdbc.client.impl.StandardClient - execute query: COMMIT
19/12/2025 18:37:47.760 DEBUG o.m.jdbc.client.impl.StandardClient - execute query: set autocommit=1
19/12/2025 18:37:47.760 DEBUG o.m.jdbc.message.server.OkPacket - System variable change:  autocommit = ON
19/12/2025 18:37:47.760 DEBUG o.s.orm.jpa.JpaTransactionManager - Closing JPA EntityManager after transaction
19/12/2025 18:37:47.760 DEBUG org.hibernate.session.metrics - HHH000401: Logging session metrics:
	28500 ns acquiring 1 JDBC connections
	0 ns releasing 0 JDBC connections
	151900 ns preparing 4 JDBC statements
	2153400 ns executing 4 JDBC statements
	0 ns executing 0 JDBC batches
	0 ns performing 0 second-level cache puts
	0 ns performing 0 second-level cache hits
	0 ns performing 0 second-level cache misses
	817700 ns executing 1 flushes (flushing a total of 3 entities and 0 collections)
	110600 ns executing 3 pre-partial-flushes
	1321000 ns executing 3 partial-flushes (flushing a total of 3 entities and 3 collections)

19/12/2025 18:37:47.760 DEBUG o.s.w.s.m.m.a.RequestResponseBodyMethodProcessor - Using 'application/json', given [*/*] and supported [application/json, application/*+json]
19/12/2025 18:37:47.760 DEBUG o.s.w.s.m.m.a.RequestResponseBodyMethodProcessor - Writing [[MachineDTO(machineid=PTV_MACH900_02, ip_address=http://localhost:8081, isTruckingOn=true)]]
19/12/2025 18:37:47.769 DEBUG o.s.web.servlet.DispatcherServlet - Completed 200 OK
19/12/2025 18:37:47.769 DEBUG o.s.s.w.a.AnonymousAuthenticationFilter - Set SecurityContextHolder to anonymous SecurityContext
19/12/2025 18:37:50.513 DEBUG com.zaxxer.hikari.pool.HikariPool - HikariPool-1 - keepalive: connection org.mariadb.jdbc.Connection@7e935b6e is alive
19/12/2025 18:37:51.317 DEBUG com.zaxxer.hikari.pool.HikariPool - HikariPool-1 - Pool stats (total=10/10, idle=10/10, active=0, waiting=0)
19/12/2025 18:37:51.317 DEBUG com.zaxxer.hikari.pool.HikariPool - HikariPool-1 - Fill pool skipped, pool has sufficient level or currently being filled.
19/12/2025 18:37:52.950 DEBUG o.s.security.web.FilterChainProxy - Securing OPTIONS /Machine
19/12/2025 18:37:52.953 DEBUG o.s.security.web.FilterChainProxy - Securing DELETE /Machine
19/12/2025 18:37:52.953 DEBUG o.s.security.web.FilterChainProxy - Secured DELETE /Machine
19/12/2025 18:37:52.953 DEBUG o.s.web.servlet.DispatcherServlet - DELETE "/Machine", parameters={}
19/12/2025 18:37:52.953 DEBUG o.s.w.s.m.m.a.RequestMappingHandlerMapping - Mapped to com.NeptuneWebAutheticator.Controller.MachineController#deleteMachine(HttpServletRequest, Map)
19/12/2025 18:37:52.954 DEBUG o.s.w.s.m.m.a.RequestResponseBodyMethodProcessor - Read "application/json;charset=utf-8" to [{MachineId=PTV_MACH900_02}]
19/12/2025 18:37:52.954 DEBUG o.s.orm.jpa.JpaTransactionManager - Creating new transaction with name [com.NeptuneWebAutheticator.Service.MachineServiceImpl.deleteMachine]: PROPAGATION_REQUIRED,ISOLATION_DEFAULT
19/12/2025 18:37:52.954 DEBUG o.s.orm.jpa.JpaTransactionManager - Opened new EntityManager [SessionImpl(893242828<open>)] for JPA transaction
19/12/2025 18:37:52.954 DEBUG o.h.e.t.internal.TransactionImpl - Beginning transaction
19/12/2025 18:37:52.955 DEBUG o.m.jdbc.client.impl.StandardClient - execute query: set autocommit=0
19/12/2025 18:37:52.955 DEBUG o.m.jdbc.message.server.OkPacket - System variable change:  autocommit = OFF
19/12/2025 18:37:52.955 DEBUG o.s.orm.jpa.JpaTransactionManager - Exposing JPA transaction as JDBC [org.springframework.orm.jpa.vendor.HibernateJpaDialect$HibernateConnectionHandle@703f550f]
19/12/2025 18:37:52.955 INFO  c.N.S.AuthenticationServiceImpl - entro
19/12/2025 18:37:52.955 INFO  c.N.S.AuthenticationServiceImpl - step1
19/12/2025 18:37:52.955 INFO  c.N.S.AuthenticationServiceImpl - step2
19/12/2025 18:37:52.956 DEBUG org.hibernate.SQL - select t1_0.tokenId,t1_0.expirationDate,t1_0.tenantId,t1_0.token from Token t1_0 where t1_0.token=?
19/12/2025 18:37:52.956 DEBUG o.m.jdbc.client.impl.StandardClient - execute query: select t1_0.tokenId,t1_0.expirationDate,t1_0.tenantId,t1_0.token from Token t1_0 where t1_0.token=?
19/12/2025 18:37:52.957 INFO  c.N.S.AuthenticationServiceImpl - step3
19/12/2025 18:37:52.957 INFO  c.N.S.AuthenticationServiceImpl - 8e2882cd-9b1c-48ce-ad01-a0e9312aba0d
19/12/2025 18:37:52.957 INFO  c.N.S.AuthenticationServiceImpl - 2025-12-19T18:32:05.765Z 2025-12-19T17:37:52.957486900Z
19/12/2025 18:37:52.957 INFO  c.N.S.AuthenticationServiceImpl - data tokentrue
19/12/2025 18:37:52.957 INFO  c.N.S.AuthenticationServiceImpl - EXP_UTC=2025-12-19T18:32:05.765Z NOW_UTC=2025-12-19T17:37:52.957486900Z valid=true
19/12/2025 18:37:52.957 INFO  c.N.S.AuthenticationServiceImpl - EXP_Rome=2025-12-19T19:32:05.765+01:00[Europe/Rome] NOW_Rome=2025-12-19T18:37:52.957486900+01:00[Europe/Rome]
19/12/2025 18:37:52.957 DEBUG o.h.e.i.AbstractFlushingEventListener - Flushed: 0 insertions, 0 updates, 0 deletions to 1 objects
19/12/2025 18:37:52.957 DEBUG o.h.e.i.AbstractFlushingEventListener - Flushed: 0 (re)creations, 0 updates, 0 removals to 0 collections
19/12/2025 18:37:52.958 DEBUG o.h.internal.util.EntityPrinter - Listing entities:
19/12/2025 18:37:52.958 DEBUG o.h.internal.util.EntityPrinter - com.NeptuneWebAutheticator.Entity.Token{tokenId=34, tenantId=1, expirationDate=2025-12-19 19:32:05.765, token=8e2882cd-9b1c-48ce-ad01-a0e9312aba0d}
19/12/2025 18:37:52.958 DEBUG org.hibernate.SQL - select t1_0.tokenId,t1_0.expirationDate,t1_0.tenantId,t1_0.token from Token t1_0 where t1_0.token=?
19/12/2025 18:37:52.958 DEBUG o.m.jdbc.client.impl.StandardClient - execute query: select t1_0.tokenId,t1_0.expirationDate,t1_0.tenantId,t1_0.token from Token t1_0 where t1_0.token=?
19/12/2025 18:37:52.959 INFO  c.N.S.AuthenticationServiceImpl - 8e2882cd-9b1c-48ce-ad01-a0e9312aba0d
19/12/2025 18:37:52.959 INFO  c.N.S.AuthenticationServiceImpl - 2025-12-19T18:32:05.765Z 2025-12-19T17:37:52.959488600Z
19/12/2025 18:37:52.959 INFO  c.N.S.AuthenticationServiceImpl - data tokentrue
19/12/2025 18:37:52.959 INFO  c.N.S.AuthenticationServiceImpl - EXP_UTC=2025-12-19T18:32:05.765Z NOW_UTC=2025-12-19T17:37:52.959488600Z valid=true
19/12/2025 18:37:52.959 INFO  c.N.S.AuthenticationServiceImpl - EXP_Rome=2025-12-19T19:32:05.765+01:00[Europe/Rome] NOW_Rome=2025-12-19T18:37:52.959488600+01:00[Europe/Rome]
19/12/2025 18:37:52.959 DEBUG o.s.orm.jpa.JpaTransactionManager - Found thread-bound EntityManager [SessionImpl(893242828<open>)] for JPA transaction
19/12/2025 18:37:52.959 DEBUG o.s.orm.jpa.JpaTransactionManager - Participating in existing transaction
19/12/2025 18:37:52.959 DEBUG org.hibernate.SQL - select t1_0.tenantId,t1_0.password,t1_0.role,t1_0.username from Tenants t1_0 where t1_0.tenantId=?
19/12/2025 18:37:52.960 DEBUG o.m.jdbc.client.impl.StandardClient - execute query: select t1_0.tenantId,t1_0.password,t1_0.role,t1_0.username from Tenants t1_0 where t1_0.tenantId=?
19/12/2025 18:37:52.961 DEBUG o.h.e.i.AbstractFlushingEventListener - Flushed: 0 insertions, 0 updates, 0 deletions to 2 objects
19/12/2025 18:37:52.961 DEBUG o.h.e.i.AbstractFlushingEventListener - Flushed: 0 (re)creations, 0 updates, 0 removals to 0 collections
19/12/2025 18:37:52.961 DEBUG o.h.internal.util.EntityPrinter - Listing entities:
19/12/2025 18:37:52.961 DEBUG o.h.internal.util.EntityPrinter - com.NeptuneWebAutheticator.Entity.Tenant{password=Zcssysadm, role=Administrator, tenantId=1, username=Administrator}
19/12/2025 18:37:52.961 DEBUG o.h.internal.util.EntityPrinter - com.NeptuneWebAutheticator.Entity.Token{tokenId=34, tenantId=1, expirationDate=2025-12-19 19:32:05.765, token=8e2882cd-9b1c-48ce-ad01-a0e9312aba0d}
19/12/2025 18:37:52.961 DEBUG org.hibernate.SQL - select m1_0.id,m1_0.ipAddress,m1_0.isTruckingOn,m1_0.machineId,m1_0.tenantId from Machines m1_0 where m1_0.machineId=? and m1_0.tenantId=?
19/12/2025 18:37:52.961 DEBUG o.m.jdbc.client.impl.StandardClient - execute query: select m1_0.id,m1_0.ipAddress,m1_0.isTruckingOn,m1_0.machineId,m1_0.tenantId from Machines m1_0 where m1_0.machineId=? and m1_0.tenantId=?
19/12/2025 18:37:52.962 DEBUG o.s.orm.jpa.JpaTransactionManager - Found thread-bound EntityManager [SessionImpl(893242828<open>)] for JPA transaction
19/12/2025 18:37:52.962 DEBUG o.s.orm.jpa.JpaTransactionManager - Participating in existing transaction
19/12/2025 18:37:52.963 DEBUG o.s.orm.jpa.JpaTransactionManager - Initiating transaction commit
19/12/2025 18:37:52.963 DEBUG o.s.orm.jpa.JpaTransactionManager - Committing JPA transaction on EntityManager [SessionImpl(893242828<open>)]
19/12/2025 18:37:52.963 DEBUG o.h.e.t.internal.TransactionImpl - Committing transaction
19/12/2025 18:37:52.963 DEBUG o.h.e.i.AbstractFlushingEventListener - Flushed: 0 insertions, 0 updates, 1 deletions to 3 objects
19/12/2025 18:37:52.963 DEBUG o.h.e.i.AbstractFlushingEventListener - Flushed: 0 (re)creations, 0 updates, 0 removals to 0 collections
19/12/2025 18:37:52.963 DEBUG o.h.internal.util.EntityPrinter - Listing entities:
19/12/2025 18:37:52.963 DEBUG o.h.internal.util.EntityPrinter - com.NeptuneWebAutheticator.Entity.Tenant{password=Zcssysadm, role=Administrator, tenantId=1, username=Administrator}
19/12/2025 18:37:52.963 DEBUG o.h.internal.util.EntityPrinter - com.NeptuneWebAutheticator.Entity.Token{tokenId=34, tenantId=1, expirationDate=2025-12-19 19:32:05.765, token=8e2882cd-9b1c-48ce-ad01-a0e9312aba0d}
19/12/2025 18:37:52.963 DEBUG o.h.internal.util.EntityPrinter - com.NeptuneWebAutheticator.Entity.Machine{isTruckingOn=true, machineId=PTV_MACH900_02, ipAddress=http://localhost:8081, id=4, tenant=com.NeptuneWebAutheticator.Entity.Tenant#1}
19/12/2025 18:37:52.963 DEBUG org.hibernate.SQL - delete from Machines where id=?
19/12/2025 18:37:52.963 DEBUG o.m.jdbc.client.impl.StandardClient - execute query: delete from Machines where id=?
19/12/2025 18:37:52.969 DEBUG o.m.jdbc.client.impl.StandardClient - execute query: COMMIT
19/12/2025 18:37:52.972 DEBUG o.m.jdbc.client.impl.StandardClient - execute query: set autocommit=1
19/12/2025 18:37:52.972 DEBUG o.m.jdbc.message.server.OkPacket - System variable change:  autocommit = ON
19/12/2025 18:37:52.972 DEBUG o.s.orm.jpa.JpaTransactionManager - Closing JPA EntityManager after transaction
19/12/2025 18:37:52.972 DEBUG org.hibernate.session.metrics - HHH000401: Logging session metrics:
	215800 ns acquiring 1 JDBC connections
	0 ns releasing 0 JDBC connections
	120400 ns preparing 5 JDBC statements
	6837000 ns executing 5 JDBC statements
	0 ns executing 0 JDBC batches
	0 ns performing 0 second-level cache puts
	0 ns performing 0 second-level cache hits
	0 ns performing 0 second-level cache misses
	6115300 ns executing 1 flushes (flushing a total of 3 entities and 0 collections)
	67100 ns executing 3 pre-partial-flushes
	843600 ns executing 3 partial-flushes (flushing a total of 3 entities and 3 collections)

19/12/2025 18:37:52.973 DEBUG o.s.w.s.m.m.a.HttpEntityMethodProcessor - Using 'application/json', given [application/json] and supported [text/plain, */*, application/json, application/*+json]
19/12/2025 18:37:52.973 DEBUG o.s.w.s.m.m.a.HttpEntityMethodProcessor - Writing ["Macchina eliminata con successo"]
19/12/2025 18:37:52.974 DEBUG o.s.web.servlet.DispatcherServlet - Completed 200 OK
19/12/2025 18:37:52.974 DEBUG o.s.s.w.a.AnonymousAuthenticationFilter - Set SecurityContextHolder to anonymous SecurityContext
19/12/2025 18:37:52.977 DEBUG o.s.security.web.FilterChainProxy - Securing GET /Machine
19/12/2025 18:37:52.978 DEBUG o.s.security.web.FilterChainProxy - Secured GET /Machine
19/12/2025 18:37:52.978 DEBUG o.s.web.servlet.DispatcherServlet - GET "/Machine", parameters={}
19/12/2025 18:37:52.978 DEBUG o.s.w.s.m.m.a.RequestMappingHandlerMapping - Mapped to com.NeptuneWebAutheticator.Controller.MachineController#getMachines(HttpServletRequest)
19/12/2025 18:37:52.979 DEBUG o.s.orm.jpa.JpaTransactionManager - Creating new transaction with name [com.NeptuneWebAutheticator.Service.MachineServiceImpl.getMachinesByTenantId]: PROPAGATION_REQUIRED,ISOLATION_DEFAULT
19/12/2025 18:37:52.979 DEBUG o.s.orm.jpa.JpaTransactionManager - Opened new EntityManager [SessionImpl(736597946<open>)] for JPA transaction
19/12/2025 18:37:52.979 DEBUG o.h.e.t.internal.TransactionImpl - Beginning transaction
19/12/2025 18:37:52.979 DEBUG o.m.jdbc.client.impl.StandardClient - execute query: set autocommit=0
19/12/2025 18:37:52.979 DEBUG o.m.jdbc.message.server.OkPacket - System variable change:  autocommit = OFF
19/12/2025 18:37:52.979 DEBUG o.s.orm.jpa.JpaTransactionManager - Exposing JPA transaction as JDBC [org.springframework.orm.jpa.vendor.HibernateJpaDialect$HibernateConnectionHandle@3360d26c]
19/12/2025 18:37:52.979 INFO  c.N.S.AuthenticationServiceImpl - entro
19/12/2025 18:37:52.979 INFO  c.N.S.AuthenticationServiceImpl - step1
19/12/2025 18:37:52.979 INFO  c.N.S.AuthenticationServiceImpl - step2
19/12/2025 18:37:52.980 DEBUG org.hibernate.SQL - select t1_0.tokenId,t1_0.expirationDate,t1_0.tenantId,t1_0.token from Token t1_0 where t1_0.token=?
19/12/2025 18:37:52.980 DEBUG o.m.jdbc.client.impl.StandardClient - execute query: select t1_0.tokenId,t1_0.expirationDate,t1_0.tenantId,t1_0.token from Token t1_0 where t1_0.token=?
19/12/2025 18:37:52.981 INFO  c.N.S.AuthenticationServiceImpl - step3
19/12/2025 18:37:52.981 INFO  c.N.S.AuthenticationServiceImpl - 8e2882cd-9b1c-48ce-ad01-a0e9312aba0d
19/12/2025 18:37:52.981 INFO  c.N.S.AuthenticationServiceImpl - 2025-12-19T18:32:05.765Z 2025-12-19T17:37:52.981671600Z
19/12/2025 18:37:52.981 INFO  c.N.S.AuthenticationServiceImpl - data tokentrue
19/12/2025 18:37:52.981 INFO  c.N.S.AuthenticationServiceImpl - EXP_UTC=2025-12-19T18:32:05.765Z NOW_UTC=2025-12-19T17:37:52.981671600Z valid=true
19/12/2025 18:37:52.981 INFO  c.N.S.AuthenticationServiceImpl - EXP_Rome=2025-12-19T19:32:05.765+01:00[Europe/Rome] NOW_Rome=2025-12-19T18:37:52.981671600+01:00[Europe/Rome]
19/12/2025 18:37:52.982 DEBUG o.h.e.i.AbstractFlushingEventListener - Flushed: 0 insertions, 0 updates, 0 deletions to 1 objects
19/12/2025 18:37:52.982 DEBUG o.h.e.i.AbstractFlushingEventListener - Flushed: 0 (re)creations, 0 updates, 0 removals to 0 collections
19/12/2025 18:37:52.982 DEBUG o.h.internal.util.EntityPrinter - Listing entities:
19/12/2025 18:37:52.982 DEBUG o.h.internal.util.EntityPrinter - com.NeptuneWebAutheticator.Entity.Token{tokenId=34, tenantId=1, expirationDate=2025-12-19 19:32:05.765, token=8e2882cd-9b1c-48ce-ad01-a0e9312aba0d}
19/12/2025 18:37:52.982 DEBUG org.hibernate.SQL - select t1_0.tokenId,t1_0.expirationDate,t1_0.tenantId,t1_0.token from Token t1_0 where t1_0.token=?
19/12/2025 18:37:52.982 DEBUG o.m.jdbc.client.impl.StandardClient - execute query: select t1_0.tokenId,t1_0.expirationDate,t1_0.tenantId,t1_0.token from Token t1_0 where t1_0.token=?
19/12/2025 18:37:52.983 INFO  c.N.S.AuthenticationServiceImpl - 8e2882cd-9b1c-48ce-ad01-a0e9312aba0d
19/12/2025 18:37:52.983 INFO  c.N.S.AuthenticationServiceImpl - 2025-12-19T18:32:05.765Z 2025-12-19T17:37:52.983844600Z
19/12/2025 18:37:52.983 INFO  c.N.S.AuthenticationServiceImpl - data tokentrue
19/12/2025 18:37:52.983 INFO  c.N.S.AuthenticationServiceImpl - EXP_UTC=2025-12-19T18:32:05.765Z NOW_UTC=2025-12-19T17:37:52.983844600Z valid=true
19/12/2025 18:37:52.983 INFO  c.N.S.AuthenticationServiceImpl - EXP_Rome=2025-12-19T19:32:05.765+01:00[Europe/Rome] NOW_Rome=2025-12-19T18:37:52.983844600+01:00[Europe/Rome]
19/12/2025 18:37:52.983 DEBUG o.s.orm.jpa.JpaTransactionManager - Found thread-bound EntityManager [SessionImpl(736597946<open>)] for JPA transaction
19/12/2025 18:37:52.983 DEBUG o.s.orm.jpa.JpaTransactionManager - Participating in existing transaction
19/12/2025 18:37:52.984 DEBUG org.hibernate.SQL - select t1_0.tenantId,t1_0.password,t1_0.role,t1_0.username from Tenants t1_0 where t1_0.tenantId=?
19/12/2025 18:37:52.984 DEBUG o.m.jdbc.client.impl.StandardClient - execute query: select t1_0.tenantId,t1_0.password,t1_0.role,t1_0.username from Tenants t1_0 where t1_0.tenantId=?
19/12/2025 18:37:52.985 DEBUG o.h.e.i.AbstractFlushingEventListener - Flushed: 0 insertions, 0 updates, 0 deletions to 2 objects
19/12/2025 18:37:52.985 DEBUG o.h.e.i.AbstractFlushingEventListener - Flushed: 0 (re)creations, 0 updates, 0 removals to 0 collections
19/12/2025 18:37:52.985 DEBUG o.h.internal.util.EntityPrinter - Listing entities:
19/12/2025 18:37:52.985 DEBUG o.h.internal.util.EntityPrinter - com.NeptuneWebAutheticator.Entity.Tenant{password=Zcssysadm, role=Administrator, tenantId=1, username=Administrator}
19/12/2025 18:37:52.985 DEBUG o.h.internal.util.EntityPrinter - com.NeptuneWebAutheticator.Entity.Token{tokenId=34, tenantId=1, expirationDate=2025-12-19 19:32:05.765, token=8e2882cd-9b1c-48ce-ad01-a0e9312aba0d}
19/12/2025 18:37:52.985 DEBUG org.hibernate.SQL - select m1_0.id,m1_0.ipAddress,m1_0.isTruckingOn,m1_0.machineId,m1_0.tenantId from Machines m1_0 where m1_0.tenantId=?
19/12/2025 18:37:52.985 DEBUG o.m.jdbc.client.impl.StandardClient - execute query: select m1_0.id,m1_0.ipAddress,m1_0.isTruckingOn,m1_0.machineId,m1_0.tenantId from Machines m1_0 where m1_0.tenantId=?
19/12/2025 18:37:52.985 DEBUG o.s.orm.jpa.JpaTransactionManager - Initiating transaction commit
19/12/2025 18:37:52.985 DEBUG o.s.orm.jpa.JpaTransactionManager - Committing JPA transaction on EntityManager [SessionImpl(736597946<open>)]
19/12/2025 18:37:52.985 DEBUG o.h.e.t.internal.TransactionImpl - Committing transaction
19/12/2025 18:37:52.987 DEBUG o.h.e.i.AbstractFlushingEventListener - Flushed: 0 insertions, 0 updates, 0 deletions to 2 objects
19/12/2025 18:37:52.987 DEBUG o.h.e.i.AbstractFlushingEventListener - Flushed: 0 (re)creations, 0 updates, 0 removals to 0 collections
19/12/2025 18:37:52.987 DEBUG o.h.internal.util.EntityPrinter - Listing entities:
19/12/2025 18:37:52.987 DEBUG o.h.internal.util.EntityPrinter - com.NeptuneWebAutheticator.Entity.Tenant{password=Zcssysadm, role=Administrator, tenantId=1, username=Administrator}
19/12/2025 18:37:52.987 DEBUG o.h.internal.util.EntityPrinter - com.NeptuneWebAutheticator.Entity.Token{tokenId=34, tenantId=1, expirationDate=2025-12-19 19:32:05.765, token=8e2882cd-9b1c-48ce-ad01-a0e9312aba0d}
19/12/2025 18:37:52.987 DEBUG o.m.jdbc.client.impl.StandardClient - execute query: COMMIT
19/12/2025 18:37:52.987 DEBUG o.m.jdbc.client.impl.StandardClient - execute query: set autocommit=1
19/12/2025 18:37:52.987 DEBUG o.m.jdbc.message.server.OkPacket - System variable change:  autocommit = ON
19/12/2025 18:37:52.987 DEBUG o.s.orm.jpa.JpaTransactionManager - Closing JPA EntityManager after transaction
19/12/2025 18:37:52.987 DEBUG org.hibernate.session.metrics - HHH000401: Logging session metrics:
	19700 ns acquiring 1 JDBC connections
	0 ns releasing 0 JDBC connections
	118900 ns preparing 4 JDBC statements
	1649400 ns executing 4 JDBC statements
	0 ns executing 0 JDBC batches
	0 ns performing 0 second-level cache puts
	0 ns performing 0 second-level cache hits
	0 ns performing 0 second-level cache misses
	412400 ns executing 1 flushes (flushing a total of 2 entities and 0 collections)
	76600 ns executing 3 pre-partial-flushes
	901700 ns executing 3 partial-flushes (flushing a total of 3 entities and 3 collections)

19/12/2025 18:37:52.988 DEBUG o.s.w.s.m.m.a.RequestResponseBodyMethodProcessor - Using 'application/json', given [*/*] and supported [application/json, application/*+json]
19/12/2025 18:37:52.988 DEBUG o.s.w.s.m.m.a.RequestResponseBodyMethodProcessor - Writing [[]]
19/12/2025 18:37:52.988 DEBUG o.s.web.servlet.DispatcherServlet - Completed 200 OK
19/12/2025 18:37:52.989 DEBUG o.s.s.w.a.AnonymousAuthenticationFilter - Set SecurityContextHolder to anonymous SecurityContext
19/12/2025 18:38:03.991 DEBUG o.s.security.web.FilterChainProxy - Securing OPTIONS /Machine
19/12/2025 18:38:03.995 DEBUG o.s.security.web.FilterChainProxy - Securing POST /Machine
19/12/2025 18:38:03.995 DEBUG o.s.security.web.FilterChainProxy - Secured POST /Machine
19/12/2025 18:38:03.995 DEBUG o.s.web.servlet.DispatcherServlet - POST "/Machine", parameters={}
19/12/2025 18:38:03.995 DEBUG o.s.w.s.m.m.a.RequestMappingHandlerMapping - Mapped to com.NeptuneWebAutheticator.Controller.MachineController#addMachine(HttpServletRequest, Map)
19/12/2025 18:38:03.997 DEBUG o.s.w.s.m.m.a.RequestResponseBodyMethodProcessor - Read "application/json;charset=utf-8" to [{MachineId=PTV_MACH900_02, IpValue=http://localhost:8081, isTruckingOn=1}]
19/12/2025 18:38:03.997 DEBUG o.s.orm.jpa.JpaTransactionManager - Creating new transaction with name [com.NeptuneWebAutheticator.Service.MachineServiceImpl.addMachine]: PROPAGATION_REQUIRED,ISOLATION_DEFAULT
19/12/2025 18:38:03.997 DEBUG o.s.orm.jpa.JpaTransactionManager - Opened new EntityManager [SessionImpl(1038837288<open>)] for JPA transaction
19/12/2025 18:38:03.997 DEBUG o.h.e.t.internal.TransactionImpl - Beginning transaction
19/12/2025 18:38:03.998 DEBUG o.m.jdbc.client.impl.StandardClient - execute query: set autocommit=0
19/12/2025 18:38:03.998 DEBUG o.m.jdbc.message.server.OkPacket - System variable change:  autocommit = OFF
19/12/2025 18:38:03.998 DEBUG o.s.orm.jpa.JpaTransactionManager - Exposing JPA transaction as JDBC [org.springframework.orm.jpa.vendor.HibernateJpaDialect$HibernateConnectionHandle@43e51520]
19/12/2025 18:38:03.998 INFO  c.N.S.AuthenticationServiceImpl - entro
19/12/2025 18:38:03.998 INFO  c.N.S.AuthenticationServiceImpl - step1
19/12/2025 18:38:03.998 INFO  c.N.S.AuthenticationServiceImpl - step2
19/12/2025 18:38:03.998 DEBUG org.hibernate.SQL - select t1_0.tokenId,t1_0.expirationDate,t1_0.tenantId,t1_0.token from Token t1_0 where t1_0.token=?
19/12/2025 18:38:03.998 DEBUG o.m.jdbc.client.impl.StandardClient - execute query: select t1_0.tokenId,t1_0.expirationDate,t1_0.tenantId,t1_0.token from Token t1_0 where t1_0.token=?
19/12/2025 18:38:03.999 INFO  c.N.S.AuthenticationServiceImpl - step3
19/12/2025 18:38:03.999 INFO  c.N.S.AuthenticationServiceImpl - 8e2882cd-9b1c-48ce-ad01-a0e9312aba0d
19/12/2025 18:38:03.999 INFO  c.N.S.AuthenticationServiceImpl - 2025-12-19T18:32:05.765Z 2025-12-19T17:38:03.999925800Z
19/12/2025 18:38:04.000 INFO  c.N.S.AuthenticationServiceImpl - data tokentrue
19/12/2025 18:38:04.000 INFO  c.N.S.AuthenticationServiceImpl - EXP_UTC=2025-12-19T18:32:05.765Z NOW_UTC=2025-12-19T17:38:04.000920700Z valid=true
19/12/2025 18:38:04.000 INFO  c.N.S.AuthenticationServiceImpl - EXP_Rome=2025-12-19T19:32:05.765+01:00[Europe/Rome] NOW_Rome=2025-12-19T18:38:04.000920700+01:00[Europe/Rome]
19/12/2025 18:38:04.000 DEBUG o.h.e.i.AbstractFlushingEventListener - Flushed: 0 insertions, 0 updates, 0 deletions to 1 objects
19/12/2025 18:38:04.000 DEBUG o.h.e.i.AbstractFlushingEventListener - Flushed: 0 (re)creations, 0 updates, 0 removals to 0 collections
19/12/2025 18:38:04.000 DEBUG o.h.internal.util.EntityPrinter - Listing entities:
19/12/2025 18:38:04.000 DEBUG o.h.internal.util.EntityPrinter - com.NeptuneWebAutheticator.Entity.Token{tokenId=34, tenantId=1, expirationDate=2025-12-19 19:32:05.765, token=8e2882cd-9b1c-48ce-ad01-a0e9312aba0d}
19/12/2025 18:38:04.000 DEBUG org.hibernate.SQL - select t1_0.tokenId,t1_0.expirationDate,t1_0.tenantId,t1_0.token from Token t1_0 where t1_0.token=?
19/12/2025 18:38:04.001 DEBUG o.m.jdbc.client.impl.StandardClient - execute query: select t1_0.tokenId,t1_0.expirationDate,t1_0.tenantId,t1_0.token from Token t1_0 where t1_0.token=?
19/12/2025 18:38:04.001 INFO  c.N.S.AuthenticationServiceImpl - 8e2882cd-9b1c-48ce-ad01-a0e9312aba0d
19/12/2025 18:38:04.001 INFO  c.N.S.AuthenticationServiceImpl - 2025-12-19T18:32:05.765Z 2025-12-19T17:38:04.001920800Z
19/12/2025 18:38:04.001 INFO  c.N.S.AuthenticationServiceImpl - data tokentrue
19/12/2025 18:38:04.001 INFO  c.N.S.AuthenticationServiceImpl - EXP_UTC=2025-12-19T18:32:05.765Z NOW_UTC=2025-12-19T17:38:04.001920800Z valid=true
19/12/2025 18:38:04.001 INFO  c.N.S.AuthenticationServiceImpl - EXP_Rome=2025-12-19T19:32:05.765+01:00[Europe/Rome] NOW_Rome=2025-12-19T18:38:04.001920800+01:00[Europe/Rome]
19/12/2025 18:38:04.001 DEBUG o.s.orm.jpa.JpaTransactionManager - Found thread-bound EntityManager [SessionImpl(1038837288<open>)] for JPA transaction
19/12/2025 18:38:04.001 DEBUG o.s.orm.jpa.JpaTransactionManager - Participating in existing transaction
19/12/2025 18:38:04.002 DEBUG org.hibernate.SQL - select t1_0.tenantId,t1_0.password,t1_0.role,t1_0.username from Tenants t1_0 where t1_0.tenantId=?
19/12/2025 18:38:04.002 DEBUG o.m.jdbc.client.impl.StandardClient - execute query: select t1_0.tenantId,t1_0.password,t1_0.role,t1_0.username from Tenants t1_0 where t1_0.tenantId=?
19/12/2025 18:38:04.002 DEBUG o.h.e.i.AbstractFlushingEventListener - Flushed: 0 insertions, 0 updates, 0 deletions to 2 objects
19/12/2025 18:38:04.002 DEBUG o.h.e.i.AbstractFlushingEventListener - Flushed: 0 (re)creations, 0 updates, 0 removals to 0 collections
19/12/2025 18:38:04.004 DEBUG o.h.internal.util.EntityPrinter - Listing entities:
19/12/2025 18:38:04.004 DEBUG o.h.internal.util.EntityPrinter - com.NeptuneWebAutheticator.Entity.Tenant{password=Zcssysadm, role=Administrator, tenantId=1, username=Administrator}
19/12/2025 18:38:04.004 DEBUG o.h.internal.util.EntityPrinter - com.NeptuneWebAutheticator.Entity.Token{tokenId=34, tenantId=1, expirationDate=2025-12-19 19:32:05.765, token=8e2882cd-9b1c-48ce-ad01-a0e9312aba0d}
19/12/2025 18:38:04.004 DEBUG org.hibernate.SQL - select m1_0.id,m1_0.ipAddress,m1_0.isTruckingOn,m1_0.machineId,m1_0.tenantId from Machines m1_0 where m1_0.machineId=? and m1_0.tenantId=?
19/12/2025 18:38:04.004 DEBUG o.m.jdbc.client.impl.StandardClient - execute query: select m1_0.id,m1_0.ipAddress,m1_0.isTruckingOn,m1_0.machineId,m1_0.tenantId from Machines m1_0 where m1_0.machineId=? and m1_0.tenantId=?
19/12/2025 18:38:04.005 DEBUG o.s.orm.jpa.JpaTransactionManager - Found thread-bound EntityManager [SessionImpl(1038837288<open>)] for JPA transaction
19/12/2025 18:38:04.005 DEBUG o.s.orm.jpa.JpaTransactionManager - Participating in existing transaction
19/12/2025 18:38:04.005 DEBUG org.hibernate.SQL - insert into Machines (ipAddress,isTruckingOn,machineId,tenantId) values (?,?,?,?)
19/12/2025 18:38:04.006 DEBUG o.m.jdbc.client.impl.StandardClient - execute query: insert into Machines (ipAddress,isTruckingOn,machineId,tenantId) values (?,?,?,?)
19/12/2025 18:38:04.006 DEBUG o.h.id.IdentifierGeneratorHelper - Extracted generated values for entity [com.NeptuneWebAutheticator.Entity.Machine]: [5]
19/12/2025 18:38:04.006 DEBUG o.s.orm.jpa.JpaTransactionManager - Initiating transaction commit
19/12/2025 18:38:04.006 DEBUG o.s.orm.jpa.JpaTransactionManager - Committing JPA transaction on EntityManager [SessionImpl(1038837288<open>)]
19/12/2025 18:38:04.006 DEBUG o.h.e.t.internal.TransactionImpl - Committing transaction
19/12/2025 18:38:04.007 DEBUG o.h.e.i.AbstractFlushingEventListener - Flushed: 0 insertions, 0 updates, 0 deletions to 3 objects
19/12/2025 18:38:04.007 DEBUG o.h.e.i.AbstractFlushingEventListener - Flushed: 0 (re)creations, 0 updates, 0 removals to 0 collections
19/12/2025 18:38:04.007 DEBUG o.h.internal.util.EntityPrinter - Listing entities:
19/12/2025 18:38:04.007 DEBUG o.h.internal.util.EntityPrinter - com.NeptuneWebAutheticator.Entity.Tenant{password=Zcssysadm, role=Administrator, tenantId=1, username=Administrator}
19/12/2025 18:38:04.007 DEBUG o.h.internal.util.EntityPrinter - com.NeptuneWebAutheticator.Entity.Machine{isTruckingOn=true, machineId=PTV_MACH900_02, ipAddress=http://localhost:8081, id=5, tenant=com.NeptuneWebAutheticator.Entity.Tenant#1}
19/12/2025 18:38:04.007 DEBUG o.h.internal.util.EntityPrinter - com.NeptuneWebAutheticator.Entity.Token{tokenId=34, tenantId=1, expirationDate=2025-12-19 19:32:05.765, token=8e2882cd-9b1c-48ce-ad01-a0e9312aba0d}
19/12/2025 18:38:04.007 DEBUG o.m.jdbc.client.impl.StandardClient - execute query: COMMIT
19/12/2025 18:38:04.010 DEBUG o.m.jdbc.client.impl.StandardClient - execute query: set autocommit=1
19/12/2025 18:38:04.010 DEBUG o.m.jdbc.message.server.OkPacket - System variable change:  autocommit = ON
19/12/2025 18:38:04.010 DEBUG o.s.orm.jpa.JpaTransactionManager - Closing JPA EntityManager after transaction
19/12/2025 18:38:04.010 DEBUG org.hibernate.session.metrics - HHH000401: Logging session metrics:
	234800 ns acquiring 1 JDBC connections
	0 ns releasing 0 JDBC connections
	124400 ns preparing 5 JDBC statements
	1929000 ns executing 5 JDBC statements
	0 ns executing 0 JDBC batches
	0 ns performing 0 second-level cache puts
	0 ns performing 0 second-level cache hits
	0 ns performing 0 second-level cache misses
	477300 ns executing 1 flushes (flushing a total of 3 entities and 0 collections)
	57000 ns executing 3 pre-partial-flushes
	779900 ns executing 3 partial-flushes (flushing a total of 3 entities and 3 collections)

19/12/2025 18:38:04.011 DEBUG o.s.w.s.m.m.a.HttpEntityMethodProcessor - Using 'application/json', given [application/json] and supported [text/plain, */*, application/json, application/*+json]
19/12/2025 18:38:04.011 DEBUG o.s.w.s.m.m.a.HttpEntityMethodProcessor - Writing ["Macchina aggiunta con successo"]
19/12/2025 18:38:04.012 DEBUG o.s.web.servlet.DispatcherServlet - Completed 200 OK
19/12/2025 18:38:04.012 DEBUG o.s.s.w.a.AnonymousAuthenticationFilter - Set SecurityContextHolder to anonymous SecurityContext
19/12/2025 18:38:19.949 DEBUG com.zaxxer.hikari.pool.HikariPool - HikariPool-1 - keepalive: connection org.mariadb.jdbc.Connection@6d57c4fe is alive
19/12/2025 18:38:20.476 DEBUG com.zaxxer.hikari.pool.HikariPool - HikariPool-1 - keepalive: connection org.mariadb.jdbc.Connection@1c2d84e7 is alive
19/12/2025 18:38:20.570 DEBUG o.s.security.web.FilterChainProxy - Securing GET /api/isUserAuthenticate
19/12/2025 18:38:20.571 DEBUG o.s.security.web.FilterChainProxy - Secured GET /api/isUserAuthenticate
19/12/2025 18:38:20.571 DEBUG o.s.web.servlet.DispatcherServlet - GET "/api/isUserAuthenticate", parameters={}
19/12/2025 18:38:20.571 DEBUG o.s.w.s.m.m.a.RequestMappingHandlerMapping - Mapped to com.NeptuneWebAutheticator.Controller.AuthenticationController#isUserAuthenticate(HttpServletRequest)
19/12/2025 18:38:20.571 INFO  c.N.C.AuthenticationController - entro
19/12/2025 18:38:20.571 INFO  c.N.S.AuthenticationServiceImpl - entro
19/12/2025 18:38:20.571 INFO  c.N.S.AuthenticationServiceImpl - step1
19/12/2025 18:38:20.571 INFO  c.N.S.AuthenticationServiceImpl - step2
19/12/2025 18:38:20.572 DEBUG o.s.o.j.SharedEntityManagerCreator$SharedEntityManagerInvocationHandler - Creating new EntityManager for shared EntityManager invocation
19/12/2025 18:38:20.572 DEBUG org.hibernate.SQL - select t1_0.tokenId,t1_0.expirationDate,t1_0.tenantId,t1_0.token from Token t1_0 where t1_0.token=?
19/12/2025 18:38:20.572 DEBUG o.m.jdbc.client.impl.StandardClient - execute query: select t1_0.tokenId,t1_0.expirationDate,t1_0.tenantId,t1_0.token from Token t1_0 where t1_0.token=?
19/12/2025 18:38:20.573 DEBUG org.hibernate.session.metrics - HHH000401: Logging session metrics:
	206000 ns acquiring 1 JDBC connections
	0 ns releasing 0 JDBC connections
	238400 ns preparing 1 JDBC statements
	362900 ns executing 1 JDBC statements
	0 ns executing 0 JDBC batches
	0 ns performing 0 second-level cache puts
	0 ns performing 0 second-level cache hits
	0 ns performing 0 second-level cache misses
	0 ns executing 0 flushes (flushing a total of 0 entities and 0 collections)
	0 ns executing 0 pre-partial-flushes
	0 ns executing 0 partial-flushes (flushing a total of 0 entities and 0 collections)

19/12/2025 18:38:20.573 INFO  c.N.S.AuthenticationServiceImpl - step3
19/12/2025 18:38:20.573 INFO  c.N.S.AuthenticationServiceImpl - 8e2882cd-9b1c-48ce-ad01-a0e9312aba0d
19/12/2025 18:38:20.573 INFO  c.N.S.AuthenticationServiceImpl - 2025-12-19T18:32:05.765Z 2025-12-19T17:38:20.573131400Z
19/12/2025 18:38:20.573 INFO  c.N.S.AuthenticationServiceImpl - data tokentrue
19/12/2025 18:38:20.573 INFO  c.N.S.AuthenticationServiceImpl - EXP_UTC=2025-12-19T18:32:05.765Z NOW_UTC=2025-12-19T17:38:20.573131400Z valid=true
19/12/2025 18:38:20.574 INFO  c.N.S.AuthenticationServiceImpl - EXP_Rome=2025-12-19T19:32:05.765+01:00[Europe/Rome] NOW_Rome=2025-12-19T18:38:20.573131400+01:00[Europe/Rome]
19/12/2025 18:38:20.574 DEBUG o.s.w.s.m.m.a.RequestResponseBodyMethodProcessor - Using 'application/json', given [*/*] and supported [application/json, application/*+json]
19/12/2025 18:38:20.574 DEBUG o.s.w.s.m.m.a.RequestResponseBodyMethodProcessor - Writing [true]
19/12/2025 18:38:20.574 DEBUG o.s.web.servlet.DispatcherServlet - Completed 200 OK
19/12/2025 18:38:20.575 DEBUG o.s.s.w.a.AnonymousAuthenticationFilter - Set SecurityContextHolder to anonymous SecurityContext
19/12/2025 18:38:20.740 DEBUG o.s.security.web.FilterChainProxy - Securing GET /Machine
19/12/2025 18:38:20.740 DEBUG o.s.security.web.FilterChainProxy - Secured GET /Machine
19/12/2025 18:38:20.740 DEBUG o.s.web.servlet.DispatcherServlet - GET "/Machine", parameters={}
19/12/2025 18:38:20.740 DEBUG o.s.w.s.m.m.a.RequestMappingHandlerMapping - Mapped to com.NeptuneWebAutheticator.Controller.MachineController#getMachines(HttpServletRequest)
19/12/2025 18:38:20.740 DEBUG o.s.orm.jpa.JpaTransactionManager - Creating new transaction with name [com.NeptuneWebAutheticator.Service.MachineServiceImpl.getMachinesByTenantId]: PROPAGATION_REQUIRED,ISOLATION_DEFAULT
19/12/2025 18:38:20.740 DEBUG o.s.orm.jpa.JpaTransactionManager - Opened new EntityManager [SessionImpl(1887692231<open>)] for JPA transaction
19/12/2025 18:38:20.743 DEBUG o.h.e.t.internal.TransactionImpl - Beginning transaction
19/12/2025 18:38:20.743 DEBUG o.m.jdbc.client.impl.StandardClient - execute query: set autocommit=0
19/12/2025 18:38:20.743 DEBUG o.m.jdbc.message.server.OkPacket - System variable change:  autocommit = OFF
19/12/2025 18:38:20.743 DEBUG o.s.orm.jpa.JpaTransactionManager - Exposing JPA transaction as JDBC [org.springframework.orm.jpa.vendor.HibernateJpaDialect$HibernateConnectionHandle@358175b3]
19/12/2025 18:38:20.743 INFO  c.N.S.AuthenticationServiceImpl - entro
19/12/2025 18:38:20.743 INFO  c.N.S.AuthenticationServiceImpl - step1
19/12/2025 18:38:20.743 INFO  c.N.S.AuthenticationServiceImpl - step2
19/12/2025 18:38:20.744 DEBUG org.hibernate.SQL - select t1_0.tokenId,t1_0.expirationDate,t1_0.tenantId,t1_0.token from Token t1_0 where t1_0.token=?
19/12/2025 18:38:20.744 DEBUG o.m.jdbc.client.impl.StandardClient - execute query: select t1_0.tokenId,t1_0.expirationDate,t1_0.tenantId,t1_0.token from Token t1_0 where t1_0.token=?
19/12/2025 18:38:20.745 INFO  c.N.S.AuthenticationServiceImpl - step3
19/12/2025 18:38:20.745 INFO  c.N.S.AuthenticationServiceImpl - 8e2882cd-9b1c-48ce-ad01-a0e9312aba0d
19/12/2025 18:38:20.745 INFO  c.N.S.AuthenticationServiceImpl - 2025-12-19T18:32:05.765Z 2025-12-19T17:38:20.745705500Z
19/12/2025 18:38:20.745 INFO  c.N.S.AuthenticationServiceImpl - data tokentrue
19/12/2025 18:38:20.745 INFO  c.N.S.AuthenticationServiceImpl - EXP_UTC=2025-12-19T18:32:05.765Z NOW_UTC=2025-12-19T17:38:20.745705500Z valid=true
19/12/2025 18:38:20.745 INFO  c.N.S.AuthenticationServiceImpl - EXP_Rome=2025-12-19T19:32:05.765+01:00[Europe/Rome] NOW_Rome=2025-12-19T18:38:20.745705500+01:00[Europe/Rome]
19/12/2025 18:38:20.747 DEBUG o.h.e.i.AbstractFlushingEventListener - Flushed: 0 insertions, 0 updates, 0 deletions to 1 objects
19/12/2025 18:38:20.747 DEBUG o.h.e.i.AbstractFlushingEventListener - Flushed: 0 (re)creations, 0 updates, 0 removals to 0 collections
19/12/2025 18:38:20.747 DEBUG o.h.internal.util.EntityPrinter - Listing entities:
19/12/2025 18:38:20.747 DEBUG o.h.internal.util.EntityPrinter - com.NeptuneWebAutheticator.Entity.Token{tokenId=34, tenantId=1, expirationDate=2025-12-19 19:32:05.765, token=8e2882cd-9b1c-48ce-ad01-a0e9312aba0d}
19/12/2025 18:38:20.747 DEBUG org.hibernate.SQL - select t1_0.tokenId,t1_0.expirationDate,t1_0.tenantId,t1_0.token from Token t1_0 where t1_0.token=?
19/12/2025 18:38:20.748 DEBUG o.m.jdbc.client.impl.StandardClient - execute query: select t1_0.tokenId,t1_0.expirationDate,t1_0.tenantId,t1_0.token from Token t1_0 where t1_0.token=?
19/12/2025 18:38:20.748 INFO  c.N.S.AuthenticationServiceImpl - 8e2882cd-9b1c-48ce-ad01-a0e9312aba0d
19/12/2025 18:38:20.748 INFO  c.N.S.AuthenticationServiceImpl - 2025-12-19T18:32:05.765Z 2025-12-19T17:38:20.748238600Z
19/12/2025 18:38:20.748 INFO  c.N.S.AuthenticationServiceImpl - data tokentrue
19/12/2025 18:38:20.748 INFO  c.N.S.AuthenticationServiceImpl - EXP_UTC=2025-12-19T18:32:05.765Z NOW_UTC=2025-12-19T17:38:20.748238600Z valid=true
19/12/2025 18:38:20.748 INFO  c.N.S.AuthenticationServiceImpl - EXP_Rome=2025-12-19T19:32:05.765+01:00[Europe/Rome] NOW_Rome=2025-12-19T18:38:20.748238600+01:00[Europe/Rome]
19/12/2025 18:38:20.748 DEBUG o.s.orm.jpa.JpaTransactionManager - Found thread-bound EntityManager [SessionImpl(1887692231<open>)] for JPA transaction
19/12/2025 18:38:20.748 DEBUG o.s.orm.jpa.JpaTransactionManager - Participating in existing transaction
19/12/2025 18:38:20.748 DEBUG org.hibernate.SQL - select t1_0.tenantId,t1_0.password,t1_0.role,t1_0.username from Tenants t1_0 where t1_0.tenantId=?
19/12/2025 18:38:20.748 DEBUG o.m.jdbc.client.impl.StandardClient - execute query: select t1_0.tenantId,t1_0.password,t1_0.role,t1_0.username from Tenants t1_0 where t1_0.tenantId=?
19/12/2025 18:38:20.752 DEBUG o.h.e.i.AbstractFlushingEventListener - Flushed: 0 insertions, 0 updates, 0 deletions to 2 objects
19/12/2025 18:38:20.752 DEBUG o.h.e.i.AbstractFlushingEventListener - Flushed: 0 (re)creations, 0 updates, 0 removals to 0 collections
19/12/2025 18:38:20.752 DEBUG o.h.internal.util.EntityPrinter - Listing entities:
19/12/2025 18:38:20.752 DEBUG o.h.internal.util.EntityPrinter - com.NeptuneWebAutheticator.Entity.Tenant{password=Zcssysadm, role=Administrator, tenantId=1, username=Administrator}
19/12/2025 18:38:20.752 DEBUG o.h.internal.util.EntityPrinter - com.NeptuneWebAutheticator.Entity.Token{tokenId=34, tenantId=1, expirationDate=2025-12-19 19:32:05.765, token=8e2882cd-9b1c-48ce-ad01-a0e9312aba0d}
19/12/2025 18:38:20.752 DEBUG org.hibernate.SQL - select m1_0.id,m1_0.ipAddress,m1_0.isTruckingOn,m1_0.machineId,m1_0.tenantId from Machines m1_0 where m1_0.tenantId=?
19/12/2025 18:38:20.752 DEBUG o.m.jdbc.client.impl.StandardClient - execute query: select m1_0.id,m1_0.ipAddress,m1_0.isTruckingOn,m1_0.machineId,m1_0.tenantId from Machines m1_0 where m1_0.tenantId=?
19/12/2025 18:38:20.754 DEBUG o.s.orm.jpa.JpaTransactionManager - Initiating transaction commit
19/12/2025 18:38:20.754 DEBUG o.s.orm.jpa.JpaTransactionManager - Committing JPA transaction on EntityManager [SessionImpl(1887692231<open>)]
19/12/2025 18:38:20.754 DEBUG o.h.e.t.internal.TransactionImpl - Committing transaction
19/12/2025 18:38:20.754 DEBUG o.h.e.i.AbstractFlushingEventListener - Flushed: 0 insertions, 0 updates, 0 deletions to 3 objects
19/12/2025 18:38:20.754 DEBUG o.h.e.i.AbstractFlushingEventListener - Flushed: 0 (re)creations, 0 updates, 0 removals to 0 collections
19/12/2025 18:38:20.754 DEBUG o.h.internal.util.EntityPrinter - Listing entities:
19/12/2025 18:38:20.754 DEBUG o.h.internal.util.EntityPrinter - com.NeptuneWebAutheticator.Entity.Tenant{password=Zcssysadm, role=Administrator, tenantId=1, username=Administrator}
19/12/2025 18:38:20.754 DEBUG o.h.internal.util.EntityPrinter - com.NeptuneWebAutheticator.Entity.Machine{isTruckingOn=true, machineId=PTV_MACH900_02, ipAddress=http://localhost:8081, id=5, tenant=com.NeptuneWebAutheticator.Entity.Tenant#1}
19/12/2025 18:38:20.754 DEBUG o.h.internal.util.EntityPrinter - com.NeptuneWebAutheticator.Entity.Token{tokenId=34, tenantId=1, expirationDate=2025-12-19 19:32:05.765, token=8e2882cd-9b1c-48ce-ad01-a0e9312aba0d}
19/12/2025 18:38:20.754 DEBUG o.m.jdbc.client.impl.StandardClient - execute query: COMMIT
19/12/2025 18:38:20.755 DEBUG o.m.jdbc.client.impl.StandardClient - execute query: set autocommit=1
19/12/2025 18:38:20.755 DEBUG o.m.jdbc.message.server.OkPacket - System variable change:  autocommit = ON
19/12/2025 18:38:20.755 DEBUG o.s.orm.jpa.JpaTransactionManager - Closing JPA EntityManager after transaction
19/12/2025 18:38:20.755 DEBUG org.hibernate.session.metrics - HHH000401: Logging session metrics:
	34000 ns acquiring 1 JDBC connections
	0 ns releasing 0 JDBC connections
	170900 ns preparing 4 JDBC statements
	2081300 ns executing 4 JDBC statements
	0 ns executing 0 JDBC batches
	0 ns performing 0 second-level cache puts
	0 ns performing 0 second-level cache hits
	0 ns performing 0 second-level cache misses
	531500 ns executing 1 flushes (flushing a total of 3 entities and 0 collections)
	130000 ns executing 3 pre-partial-flushes
	1278900 ns executing 3 partial-flushes (flushing a total of 3 entities and 3 collections)

19/12/2025 18:38:20.755 DEBUG o.s.w.s.m.m.a.RequestResponseBodyMethodProcessor - Using 'application/json', given [*/*] and supported [application/json, application/*+json]
19/12/2025 18:38:20.755 DEBUG o.s.w.s.m.m.a.RequestResponseBodyMethodProcessor - Writing [[MachineDTO(machineid=PTV_MACH900_02, ip_address=http://localhost:8081, isTruckingOn=true)]]
19/12/2025 18:38:20.755 DEBUG o.s.web.servlet.DispatcherServlet - Completed 200 OK
19/12/2025 18:38:20.755 DEBUG o.s.s.w.a.AnonymousAuthenticationFilter - Set SecurityContextHolder to anonymous SecurityContext
19/12/2025 18:38:21.320 DEBUG com.zaxxer.hikari.pool.HikariPool - HikariPool-1 - Pool stats (total=10/10, idle=10/10, active=0, waiting=0)
19/12/2025 18:38:21.320 DEBUG com.zaxxer.hikari.pool.HikariPool - HikariPool-1 - Fill pool skipped, pool has sufficient level or currently being filled.
19/12/2025 18:38:28.386 DEBUG com.zaxxer.hikari.pool.HikariPool - HikariPool-1 - keepalive: connection org.mariadb.jdbc.Connection@6e4b1f49 is alive
19/12/2025 18:38:31.445 DEBUG com.zaxxer.hikari.pool.HikariPool - HikariPool-1 - keepalive: connection org.mariadb.jdbc.Connection@1f75fd1d is alive
19/12/2025 18:38:46.543 DEBUG com.zaxxer.hikari.pool.HikariPool - HikariPool-1 - keepalive: connection org.mariadb.jdbc.Connection@6a0585a3 is alive
19/12/2025 18:38:51.320 DEBUG com.zaxxer.hikari.pool.HikariPool - HikariPool-1 - Pool stats (total=10/10, idle=10/10, active=0, waiting=0)
19/12/2025 18:38:51.320 DEBUG com.zaxxer.hikari.pool.HikariPool - HikariPool-1 - Fill pool skipped, pool has sufficient level or currently being filled.
19/12/2025 18:38:53.925 DEBUG com.zaxxer.hikari.pool.HikariPool - HikariPool-1 - keepalive: connection org.mariadb.jdbc.Connection@6b26c1a3 is alive
19/12/2025 18:39:21.327 DEBUG com.zaxxer.hikari.pool.HikariPool - HikariPool-1 - Pool stats (total=10/10, idle=10/10, active=0, waiting=0)
19/12/2025 18:39:21.327 DEBUG com.zaxxer.hikari.pool.HikariPool - HikariPool-1 - Fill pool skipped, pool has sufficient level or currently being filled.
19/12/2025 18:39:28.225 DEBUG com.zaxxer.hikari.pool.HikariPool - HikariPool-1 - keepalive: connection org.mariadb.jdbc.Connection@e64e006 is alive
19/12/2025 18:39:34.223 DEBUG com.zaxxer.hikari.pool.HikariPool - HikariPool-1 - keepalive: connection org.mariadb.jdbc.Connection@2a240461 is alive
19/12/2025 18:39:43.968 DEBUG com.zaxxer.hikari.pool.HikariPool - HikariPool-1 - keepalive: connection org.mariadb.jdbc.Connection@b9f431d is alive
19/12/2025 18:39:50.229 DEBUG com.zaxxer.hikari.pool.HikariPool - HikariPool-1 - keepalive: connection org.mariadb.jdbc.Connection@7e935b6e is alive
19/12/2025 18:39:51.340 DEBUG com.zaxxer.hikari.pool.HikariPool - HikariPool-1 - Pool stats (total=10/10, idle=10/10, active=0, waiting=0)
19/12/2025 18:39:51.340 DEBUG com.zaxxer.hikari.pool.HikariPool - HikariPool-1 - Fill pool skipped, pool has sufficient level or currently being filled.
19/12/2025 18:39:57.061 DEBUG com.zaxxer.hikari.pool.HikariPool - HikariPool-1 - keepalive: connection org.mariadb.jdbc.Connection@6d57c4fe is alive
19/12/2025 18:39:57.699 DEBUG com.zaxxer.hikari.pool.HikariPool - HikariPool-1 - keepalive: connection org.mariadb.jdbc.Connection@1c2d84e7 is alive
19/12/2025 18:40:07.669 DEBUG com.zaxxer.hikari.pool.HikariPool - HikariPool-1 - keepalive: connection org.mariadb.jdbc.Connection@6e4b1f49 is alive
19/12/2025 18:40:11.527 DEBUG com.zaxxer.hikari.pool.HikariPool - HikariPool-1 - keepalive: connection org.mariadb.jdbc.Connection@1f75fd1d is alive
19/12/2025 18:40:21.347 DEBUG com.zaxxer.hikari.pool.HikariPool - HikariPool-1 - Pool stats (total=10/10, idle=10/10, active=0, waiting=0)
19/12/2025 18:40:21.347 DEBUG com.zaxxer.hikari.pool.HikariPool - HikariPool-1 - Fill pool skipped, pool has sufficient level or currently being filled.
19/12/2025 18:40:30.351 DEBUG com.zaxxer.hikari.pool.HikariPool - HikariPool-1 - keepalive: connection org.mariadb.jdbc.Connection@6a0585a3 is alive
19/12/2025 18:40:39.511 DEBUG com.zaxxer.hikari.pool.HikariPool - HikariPool-1 - keepalive: connection org.mariadb.jdbc.Connection@6b26c1a3 is alive
19/12/2025 18:40:51.365 DEBUG com.zaxxer.hikari.pool.HikariPool - HikariPool-1 - Pool stats (total=10/10, idle=10/10, active=0, waiting=0)
19/12/2025 18:40:51.366 DEBUG com.zaxxer.hikari.pool.HikariPool - HikariPool-1 - Fill pool skipped, pool has sufficient level or currently being filled.
19/12/2025 18:41:21.368 DEBUG com.zaxxer.hikari.pool.HikariPool - HikariPool-1 - Pool stats (total=10/10, idle=10/10, active=0, waiting=0)
19/12/2025 18:41:21.368 DEBUG com.zaxxer.hikari.pool.HikariPool - HikariPool-1 - Fill pool skipped, pool has sufficient level or currently being filled.
19/12/2025 18:41:22.470 DEBUG com.zaxxer.hikari.pool.HikariPool - HikariPool-1 - keepalive: connection org.mariadb.jdbc.Connection@e64e006 is alive
19/12/2025 18:41:26.960 DEBUG o.s.security.web.FilterChainProxy - Securing OPTIONS /Machine
19/12/2025 18:41:26.962 DEBUG o.s.security.web.FilterChainProxy - Securing DELETE /Machine
19/12/2025 18:41:26.963 DEBUG o.s.security.web.FilterChainProxy - Secured DELETE /Machine
19/12/2025 18:41:26.963 DEBUG o.s.web.servlet.DispatcherServlet - DELETE "/Machine", parameters={}
19/12/2025 18:41:26.963 DEBUG o.s.w.s.m.m.a.RequestMappingHandlerMapping - Mapped to com.NeptuneWebAutheticator.Controller.MachineController#deleteMachine(HttpServletRequest, Map)
19/12/2025 18:41:26.964 DEBUG o.s.w.s.m.m.a.RequestResponseBodyMethodProcessor - Read "application/json;charset=utf-8" to [{MachineId=PTV_MACH900_02}]
19/12/2025 18:41:26.964 DEBUG o.s.orm.jpa.JpaTransactionManager - Creating new transaction with name [com.NeptuneWebAutheticator.Service.MachineServiceImpl.deleteMachine]: PROPAGATION_REQUIRED,ISOLATION_DEFAULT
19/12/2025 18:41:26.964 DEBUG o.s.orm.jpa.JpaTransactionManager - Opened new EntityManager [SessionImpl(1802894067<open>)] for JPA transaction
19/12/2025 18:41:26.964 DEBUG o.h.e.t.internal.TransactionImpl - Beginning transaction
19/12/2025 18:41:26.965 DEBUG o.m.jdbc.client.impl.StandardClient - execute query: set autocommit=0
19/12/2025 18:41:26.965 DEBUG o.m.jdbc.message.server.OkPacket - System variable change:  autocommit = OFF
19/12/2025 18:41:26.965 DEBUG o.s.orm.jpa.JpaTransactionManager - Exposing JPA transaction as JDBC [org.springframework.orm.jpa.vendor.HibernateJpaDialect$HibernateConnectionHandle@3e4cf2ab]
19/12/2025 18:41:26.965 INFO  c.N.S.AuthenticationServiceImpl - entro
19/12/2025 18:41:26.965 INFO  c.N.S.AuthenticationServiceImpl - step1
19/12/2025 18:41:26.965 INFO  c.N.S.AuthenticationServiceImpl - step2
19/12/2025 18:41:26.965 DEBUG org.hibernate.SQL - select t1_0.tokenId,t1_0.expirationDate,t1_0.tenantId,t1_0.token from Token t1_0 where t1_0.token=?
19/12/2025 18:41:26.966 DEBUG o.m.jdbc.client.impl.StandardClient - execute query: select t1_0.tokenId,t1_0.expirationDate,t1_0.tenantId,t1_0.token from Token t1_0 where t1_0.token=?
19/12/2025 18:41:26.966 INFO  c.N.S.AuthenticationServiceImpl - step3
19/12/2025 18:41:26.967 INFO  c.N.S.AuthenticationServiceImpl - 8e2882cd-9b1c-48ce-ad01-a0e9312aba0d
19/12/2025 18:41:26.967 INFO  c.N.S.AuthenticationServiceImpl - 2025-12-19T18:32:05.765Z 2025-12-19T17:41:26.967639600Z
19/12/2025 18:41:26.967 INFO  c.N.S.AuthenticationServiceImpl - data tokentrue
19/12/2025 18:41:26.967 INFO  c.N.S.AuthenticationServiceImpl - EXP_UTC=2025-12-19T18:32:05.765Z NOW_UTC=2025-12-19T17:41:26.967639600Z valid=true
19/12/2025 18:41:26.967 INFO  c.N.S.AuthenticationServiceImpl - EXP_Rome=2025-12-19T19:32:05.765+01:00[Europe/Rome] NOW_Rome=2025-12-19T18:41:26.967639600+01:00[Europe/Rome]
19/12/2025 18:41:26.967 DEBUG o.h.e.i.AbstractFlushingEventListener - Flushed: 0 insertions, 0 updates, 0 deletions to 1 objects
19/12/2025 18:41:26.967 DEBUG o.h.e.i.AbstractFlushingEventListener - Flushed: 0 (re)creations, 0 updates, 0 removals to 0 collections
19/12/2025 18:41:26.967 DEBUG o.h.internal.util.EntityPrinter - Listing entities:
19/12/2025 18:41:26.968 DEBUG o.h.internal.util.EntityPrinter - com.NeptuneWebAutheticator.Entity.Token{tokenId=34, tenantId=1, expirationDate=2025-12-19 19:32:05.765, token=8e2882cd-9b1c-48ce-ad01-a0e9312aba0d}
19/12/2025 18:41:26.968 DEBUG org.hibernate.SQL - select t1_0.tokenId,t1_0.expirationDate,t1_0.tenantId,t1_0.token from Token t1_0 where t1_0.token=?
19/12/2025 18:41:26.968 DEBUG o.m.jdbc.client.impl.StandardClient - execute query: select t1_0.tokenId,t1_0.expirationDate,t1_0.tenantId,t1_0.token from Token t1_0 where t1_0.token=?
19/12/2025 18:41:26.968 INFO  c.N.S.AuthenticationServiceImpl - 8e2882cd-9b1c-48ce-ad01-a0e9312aba0d
19/12/2025 18:41:26.968 INFO  c.N.S.AuthenticationServiceImpl - 2025-12-19T18:32:05.765Z 2025-12-19T17:41:26.968640300Z
19/12/2025 18:41:26.968 INFO  c.N.S.AuthenticationServiceImpl - data tokentrue
19/12/2025 18:41:26.968 INFO  c.N.S.AuthenticationServiceImpl - EXP_UTC=2025-12-19T18:32:05.765Z NOW_UTC=2025-12-19T17:41:26.968640300Z valid=true
19/12/2025 18:41:26.968 INFO  c.N.S.AuthenticationServiceImpl - EXP_Rome=2025-12-19T19:32:05.765+01:00[Europe/Rome] NOW_Rome=2025-12-19T18:41:26.968640300+01:00[Europe/Rome]
19/12/2025 18:41:26.969 DEBUG o.s.orm.jpa.JpaTransactionManager - Found thread-bound EntityManager [SessionImpl(1802894067<open>)] for JPA transaction
19/12/2025 18:41:26.969 DEBUG o.s.orm.jpa.JpaTransactionManager - Participating in existing transaction
19/12/2025 18:41:26.969 DEBUG org.hibernate.SQL - select t1_0.tenantId,t1_0.password,t1_0.role,t1_0.username from Tenants t1_0 where t1_0.tenantId=?
19/12/2025 18:41:26.969 DEBUG o.m.jdbc.client.impl.StandardClient - execute query: select t1_0.tenantId,t1_0.password,t1_0.role,t1_0.username from Tenants t1_0 where t1_0.tenantId=?
19/12/2025 18:41:26.970 DEBUG o.h.e.i.AbstractFlushingEventListener - Flushed: 0 insertions, 0 updates, 0 deletions to 2 objects
19/12/2025 18:41:26.970 DEBUG o.h.e.i.AbstractFlushingEventListener - Flushed: 0 (re)creations, 0 updates, 0 removals to 0 collections
19/12/2025 18:41:26.970 DEBUG o.h.internal.util.EntityPrinter - Listing entities:
19/12/2025 18:41:26.970 DEBUG o.h.internal.util.EntityPrinter - com.NeptuneWebAutheticator.Entity.Tenant{password=Zcssysadm, role=Administrator, tenantId=1, username=Administrator}
19/12/2025 18:41:26.970 DEBUG o.h.internal.util.EntityPrinter - com.NeptuneWebAutheticator.Entity.Token{tokenId=34, tenantId=1, expirationDate=2025-12-19 19:32:05.765, token=8e2882cd-9b1c-48ce-ad01-a0e9312aba0d}
19/12/2025 18:41:26.970 DEBUG org.hibernate.SQL - select m1_0.id,m1_0.ipAddress,m1_0.isTruckingOn,m1_0.machineId,m1_0.tenantId from Machines m1_0 where m1_0.machineId=? and m1_0.tenantId=?
19/12/2025 18:41:26.970 DEBUG o.m.jdbc.client.impl.StandardClient - execute query: select m1_0.id,m1_0.ipAddress,m1_0.isTruckingOn,m1_0.machineId,m1_0.tenantId from Machines m1_0 where m1_0.machineId=? and m1_0.tenantId=?
19/12/2025 18:41:26.972 DEBUG o.s.orm.jpa.JpaTransactionManager - Found thread-bound EntityManager [SessionImpl(1802894067<open>)] for JPA transaction
19/12/2025 18:41:26.972 DEBUG o.s.orm.jpa.JpaTransactionManager - Participating in existing transaction
19/12/2025 18:41:26.972 DEBUG o.s.orm.jpa.JpaTransactionManager - Initiating transaction commit
19/12/2025 18:41:26.972 DEBUG o.s.orm.jpa.JpaTransactionManager - Committing JPA transaction on EntityManager [SessionImpl(1802894067<open>)]
19/12/2025 18:41:26.972 DEBUG o.h.e.t.internal.TransactionImpl - Committing transaction
19/12/2025 18:41:26.973 DEBUG o.h.e.i.AbstractFlushingEventListener - Flushed: 0 insertions, 0 updates, 1 deletions to 3 objects
19/12/2025 18:41:26.973 DEBUG o.h.e.i.AbstractFlushingEventListener - Flushed: 0 (re)creations, 0 updates, 0 removals to 0 collections
19/12/2025 18:41:26.973 DEBUG o.h.internal.util.EntityPrinter - Listing entities:
19/12/2025 18:41:26.973 DEBUG o.h.internal.util.EntityPrinter - com.NeptuneWebAutheticator.Entity.Tenant{password=Zcssysadm, role=Administrator, tenantId=1, username=Administrator}
19/12/2025 18:41:26.973 DEBUG o.h.internal.util.EntityPrinter - com.NeptuneWebAutheticator.Entity.Machine{isTruckingOn=true, machineId=PTV_MACH900_02, ipAddress=http://localhost:8081, id=5, tenant=com.NeptuneWebAutheticator.Entity.Tenant#1}
19/12/2025 18:41:26.973 DEBUG o.h.internal.util.EntityPrinter - com.NeptuneWebAutheticator.Entity.Token{tokenId=34, tenantId=1, expirationDate=2025-12-19 19:32:05.765, token=8e2882cd-9b1c-48ce-ad01-a0e9312aba0d}
19/12/2025 18:41:26.973 DEBUG org.hibernate.SQL - delete from Machines where id=?
19/12/2025 18:41:26.973 DEBUG o.m.jdbc.client.impl.StandardClient - execute query: delete from Machines where id=?
19/12/2025 18:41:26.974 DEBUG o.m.jdbc.client.impl.StandardClient - execute query: COMMIT
19/12/2025 18:41:26.976 DEBUG o.m.jdbc.client.impl.StandardClient - execute query: set autocommit=1
19/12/2025 18:41:26.977 DEBUG o.m.jdbc.message.server.OkPacket - System variable change:  autocommit = ON
19/12/2025 18:41:26.977 DEBUG o.s.orm.jpa.JpaTransactionManager - Closing JPA EntityManager after transaction
19/12/2025 18:41:26.977 DEBUG org.hibernate.session.metrics - HHH000401: Logging session metrics:
	188700 ns acquiring 1 JDBC connections
	0 ns releasing 0 JDBC connections
	146000 ns preparing 5 JDBC statements
	1957500 ns executing 5 JDBC statements
	0 ns executing 0 JDBC batches
	0 ns performing 0 second-level cache puts
	0 ns performing 0 second-level cache hits
	0 ns performing 0 second-level cache misses
	1475000 ns executing 1 flushes (flushing a total of 3 entities and 0 collections)
	93800 ns executing 3 pre-partial-flushes
	870800 ns executing 3 partial-flushes (flushing a total of 3 entities and 3 collections)

19/12/2025 18:41:26.977 DEBUG o.s.w.s.m.m.a.HttpEntityMethodProcessor - Using 'application/json', given [application/json] and supported [text/plain, */*, application/json, application/*+json]
19/12/2025 18:41:26.977 DEBUG o.s.w.s.m.m.a.HttpEntityMethodProcessor - Writing ["Macchina eliminata con successo"]
19/12/2025 18:41:26.978 DEBUG o.s.web.servlet.DispatcherServlet - Completed 200 OK
19/12/2025 18:41:26.978 DEBUG o.s.s.w.a.AnonymousAuthenticationFilter - Set SecurityContextHolder to anonymous SecurityContext
19/12/2025 18:41:26.982 DEBUG o.s.security.web.FilterChainProxy - Securing GET /Machine
19/12/2025 18:41:26.983 DEBUG o.s.security.web.FilterChainProxy - Secured GET /Machine
19/12/2025 18:41:26.983 DEBUG o.s.web.servlet.DispatcherServlet - GET "/Machine", parameters={}
19/12/2025 18:41:26.983 DEBUG o.s.w.s.m.m.a.RequestMappingHandlerMapping - Mapped to com.NeptuneWebAutheticator.Controller.MachineController#getMachines(HttpServletRequest)
19/12/2025 18:41:26.983 DEBUG o.s.orm.jpa.JpaTransactionManager - Creating new transaction with name [com.NeptuneWebAutheticator.Service.MachineServiceImpl.getMachinesByTenantId]: PROPAGATION_REQUIRED,ISOLATION_DEFAULT
19/12/2025 18:41:26.983 DEBUG o.s.orm.jpa.JpaTransactionManager - Opened new EntityManager [SessionImpl(551246263<open>)] for JPA transaction
19/12/2025 18:41:26.983 DEBUG o.h.e.t.internal.TransactionImpl - Beginning transaction
19/12/2025 18:41:26.983 DEBUG o.m.jdbc.client.impl.StandardClient - execute query: set autocommit=0
19/12/2025 18:41:26.983 DEBUG o.m.jdbc.message.server.OkPacket - System variable change:  autocommit = OFF
19/12/2025 18:41:26.983 DEBUG o.s.orm.jpa.JpaTransactionManager - Exposing JPA transaction as JDBC [org.springframework.orm.jpa.vendor.HibernateJpaDialect$HibernateConnectionHandle@37e9ed80]
19/12/2025 18:41:26.985 INFO  c.N.S.AuthenticationServiceImpl - entro
19/12/2025 18:41:26.985 INFO  c.N.S.AuthenticationServiceImpl - step1
19/12/2025 18:41:26.985 INFO  c.N.S.AuthenticationServiceImpl - step2
19/12/2025 18:41:26.985 DEBUG org.hibernate.SQL - select t1_0.tokenId,t1_0.expirationDate,t1_0.tenantId,t1_0.token from Token t1_0 where t1_0.token=?
19/12/2025 18:41:26.985 DEBUG o.m.jdbc.client.impl.StandardClient - execute query: select t1_0.tokenId,t1_0.expirationDate,t1_0.tenantId,t1_0.token from Token t1_0 where t1_0.token=?
19/12/2025 18:41:26.986 INFO  c.N.S.AuthenticationServiceImpl - step3
19/12/2025 18:41:26.986 INFO  c.N.S.AuthenticationServiceImpl - 8e2882cd-9b1c-48ce-ad01-a0e9312aba0d
19/12/2025 18:41:26.986 INFO  c.N.S.AuthenticationServiceImpl - 2025-12-19T18:32:05.765Z 2025-12-19T17:41:26.986073100Z
19/12/2025 18:41:26.986 INFO  c.N.S.AuthenticationServiceImpl - data tokentrue
19/12/2025 18:41:26.986 INFO  c.N.S.AuthenticationServiceImpl - EXP_UTC=2025-12-19T18:32:05.765Z NOW_UTC=2025-12-19T17:41:26.986073100Z valid=true
19/12/2025 18:41:26.986 INFO  c.N.S.AuthenticationServiceImpl - EXP_Rome=2025-12-19T19:32:05.765+01:00[Europe/Rome] NOW_Rome=2025-12-19T18:41:26.986073100+01:00[Europe/Rome]
19/12/2025 18:41:26.987 DEBUG o.h.e.i.AbstractFlushingEventListener - Flushed: 0 insertions, 0 updates, 0 deletions to 1 objects
19/12/2025 18:41:26.987 DEBUG o.h.e.i.AbstractFlushingEventListener - Flushed: 0 (re)creations, 0 updates, 0 removals to 0 collections
19/12/2025 18:41:26.987 DEBUG o.h.internal.util.EntityPrinter - Listing entities:
19/12/2025 18:41:26.987 DEBUG o.h.internal.util.EntityPrinter - com.NeptuneWebAutheticator.Entity.Token{tokenId=34, tenantId=1, expirationDate=2025-12-19 19:32:05.765, token=8e2882cd-9b1c-48ce-ad01-a0e9312aba0d}
19/12/2025 18:41:26.987 DEBUG org.hibernate.SQL - select t1_0.tokenId,t1_0.expirationDate,t1_0.tenantId,t1_0.token from Token t1_0 where t1_0.token=?
19/12/2025 18:41:26.987 DEBUG o.m.jdbc.client.impl.StandardClient - execute query: select t1_0.tokenId,t1_0.expirationDate,t1_0.tenantId,t1_0.token from Token t1_0 where t1_0.token=?
19/12/2025 18:41:26.988 INFO  c.N.S.AuthenticationServiceImpl - 8e2882cd-9b1c-48ce-ad01-a0e9312aba0d
19/12/2025 18:41:26.988 INFO  c.N.S.AuthenticationServiceImpl - 2025-12-19T18:32:05.765Z 2025-12-19T17:41:26.988489500Z
19/12/2025 18:41:26.988 INFO  c.N.S.AuthenticationServiceImpl - data tokentrue
19/12/2025 18:41:26.988 INFO  c.N.S.AuthenticationServiceImpl - EXP_UTC=2025-12-19T18:32:05.765Z NOW_UTC=2025-12-19T17:41:26.988489500Z valid=true
19/12/2025 18:41:26.988 INFO  c.N.S.AuthenticationServiceImpl - EXP_Rome=2025-12-19T19:32:05.765+01:00[Europe/Rome] NOW_Rome=2025-12-19T18:41:26.988489500+01:00[Europe/Rome]
19/12/2025 18:41:26.988 DEBUG o.s.orm.jpa.JpaTransactionManager - Found thread-bound EntityManager [SessionImpl(551246263<open>)] for JPA transaction
19/12/2025 18:41:26.988 DEBUG o.s.orm.jpa.JpaTransactionManager - Participating in existing transaction
19/12/2025 18:41:26.988 DEBUG org.hibernate.SQL - select t1_0.tenantId,t1_0.password,t1_0.role,t1_0.username from Tenants t1_0 where t1_0.tenantId=?
19/12/2025 18:41:26.988 DEBUG o.m.jdbc.client.impl.StandardClient - execute query: select t1_0.tenantId,t1_0.password,t1_0.role,t1_0.username from Tenants t1_0 where t1_0.tenantId=?
19/12/2025 18:41:26.989 DEBUG o.h.e.i.AbstractFlushingEventListener - Flushed: 0 insertions, 0 updates, 0 deletions to 2 objects
19/12/2025 18:41:26.989 DEBUG o.h.e.i.AbstractFlushingEventListener - Flushed: 0 (re)creations, 0 updates, 0 removals to 0 collections
19/12/2025 18:41:26.989 DEBUG o.h.internal.util.EntityPrinter - Listing entities:
19/12/2025 18:41:26.989 DEBUG o.h.internal.util.EntityPrinter - com.NeptuneWebAutheticator.Entity.Tenant{password=Zcssysadm, role=Administrator, tenantId=1, username=Administrator}
19/12/2025 18:41:26.991 DEBUG o.h.internal.util.EntityPrinter - com.NeptuneWebAutheticator.Entity.Token{tokenId=34, tenantId=1, expirationDate=2025-12-19 19:32:05.765, token=8e2882cd-9b1c-48ce-ad01-a0e9312aba0d}
19/12/2025 18:41:26.991 DEBUG org.hibernate.SQL - select m1_0.id,m1_0.ipAddress,m1_0.isTruckingOn,m1_0.machineId,m1_0.tenantId from Machines m1_0 where m1_0.tenantId=?
19/12/2025 18:41:26.991 DEBUG o.m.jdbc.client.impl.StandardClient - execute query: select m1_0.id,m1_0.ipAddress,m1_0.isTruckingOn,m1_0.machineId,m1_0.tenantId from Machines m1_0 where m1_0.tenantId=?
19/12/2025 18:41:26.991 DEBUG o.s.orm.jpa.JpaTransactionManager - Initiating transaction commit
19/12/2025 18:41:26.991 DEBUG o.s.orm.jpa.JpaTransactionManager - Committing JPA transaction on EntityManager [SessionImpl(551246263<open>)]
19/12/2025 18:41:26.991 DEBUG o.h.e.t.internal.TransactionImpl - Committing transaction
19/12/2025 18:41:26.991 DEBUG o.h.e.i.AbstractFlushingEventListener - Flushed: 0 insertions, 0 updates, 0 deletions to 2 objects
19/12/2025 18:41:26.991 DEBUG o.h.e.i.AbstractFlushingEventListener - Flushed: 0 (re)creations, 0 updates, 0 removals to 0 collections
19/12/2025 18:41:26.991 DEBUG o.h.internal.util.EntityPrinter - Listing entities:
19/12/2025 18:41:26.991 DEBUG o.h.internal.util.EntityPrinter - com.NeptuneWebAutheticator.Entity.Tenant{password=Zcssysadm, role=Administrator, tenantId=1, username=Administrator}
19/12/2025 18:41:26.991 DEBUG o.h.internal.util.EntityPrinter - com.NeptuneWebAutheticator.Entity.Token{tokenId=34, tenantId=1, expirationDate=2025-12-19 19:32:05.765, token=8e2882cd-9b1c-48ce-ad01-a0e9312aba0d}
19/12/2025 18:41:26.992 DEBUG o.m.jdbc.client.impl.StandardClient - execute query: COMMIT
19/12/2025 18:41:26.992 DEBUG o.m.jdbc.client.impl.StandardClient - execute query: set autocommit=1
19/12/2025 18:41:26.992 DEBUG o.m.jdbc.message.server.OkPacket - System variable change:  autocommit = ON
19/12/2025 18:41:26.992 DEBUG o.s.orm.jpa.JpaTransactionManager - Closing JPA EntityManager after transaction
19/12/2025 18:41:26.992 DEBUG org.hibernate.session.metrics - HHH000401: Logging session metrics:
	28900 ns acquiring 1 JDBC connections
	0 ns releasing 0 JDBC connections
	118200 ns preparing 4 JDBC statements
	1574600 ns executing 4 JDBC statements
	0 ns executing 0 JDBC batches
	0 ns performing 0 second-level cache puts
	0 ns performing 0 second-level cache hits
	0 ns performing 0 second-level cache misses
	323700 ns executing 1 flushes (flushing a total of 2 entities and 0 collections)
	76100 ns executing 3 pre-partial-flushes
	778800 ns executing 3 partial-flushes (flushing a total of 3 entities and 3 collections)

19/12/2025 18:41:26.992 DEBUG o.s.w.s.m.m.a.RequestResponseBodyMethodProcessor - Using 'application/json', given [*/*] and supported [application/json, application/*+json]
19/12/2025 18:41:26.992 DEBUG o.s.w.s.m.m.a.RequestResponseBodyMethodProcessor - Writing [[]]
19/12/2025 18:41:26.993 DEBUG o.s.web.servlet.DispatcherServlet - Completed 200 OK
19/12/2025 18:41:26.993 DEBUG o.s.s.w.a.AnonymousAuthenticationFilter - Set SecurityContextHolder to anonymous SecurityContext
19/12/2025 18:41:29.917 DEBUG com.zaxxer.hikari.pool.HikariPool - HikariPool-1 - keepalive: connection org.mariadb.jdbc.Connection@2a240461 is alive
19/12/2025 18:41:34.168 DEBUG com.zaxxer.hikari.pool.HikariPool - HikariPool-1 - keepalive: connection org.mariadb.jdbc.Connection@6d57c4fe is alive
19/12/2025 18:41:34.929 DEBUG com.zaxxer.hikari.pool.HikariPool - HikariPool-1 - keepalive: connection org.mariadb.jdbc.Connection@1c2d84e7 is alive
19/12/2025 18:41:34.942 DEBUG o.s.security.web.FilterChainProxy - Securing OPTIONS /Machine
19/12/2025 18:41:34.944 DEBUG o.s.security.web.FilterChainProxy - Securing POST /Machine
19/12/2025 18:41:34.944 DEBUG o.s.security.web.FilterChainProxy - Secured POST /Machine
19/12/2025 18:41:34.944 DEBUG o.s.web.servlet.DispatcherServlet - POST "/Machine", parameters={}
19/12/2025 18:41:34.944 DEBUG o.s.w.s.m.m.a.RequestMappingHandlerMapping - Mapped to com.NeptuneWebAutheticator.Controller.MachineController#addMachine(HttpServletRequest, Map)
19/12/2025 18:41:34.944 DEBUG o.s.w.s.m.m.a.RequestResponseBodyMethodProcessor - Read "application/json;charset=utf-8" to [{MachineId=PTV_MACH900_02, IpValue=http://localhost:8081, isTruckingOn=1}]
19/12/2025 18:41:34.944 DEBUG o.s.orm.jpa.JpaTransactionManager - Creating new transaction with name [com.NeptuneWebAutheticator.Service.MachineServiceImpl.addMachine]: PROPAGATION_REQUIRED,ISOLATION_DEFAULT
19/12/2025 18:41:34.944 DEBUG o.s.orm.jpa.JpaTransactionManager - Opened new EntityManager [SessionImpl(1588560516<open>)] for JPA transaction
19/12/2025 18:41:34.944 DEBUG o.h.e.t.internal.TransactionImpl - Beginning transaction
19/12/2025 18:41:34.944 DEBUG o.m.jdbc.client.impl.StandardClient - execute query: set autocommit=0
19/12/2025 18:41:34.944 DEBUG o.m.jdbc.message.server.OkPacket - System variable change:  autocommit = OFF
19/12/2025 18:41:34.944 DEBUG o.s.orm.jpa.JpaTransactionManager - Exposing JPA transaction as JDBC [org.springframework.orm.jpa.vendor.HibernateJpaDialect$HibernateConnectionHandle@6175eeb6]
19/12/2025 18:41:34.944 INFO  c.N.S.AuthenticationServiceImpl - entro
19/12/2025 18:41:34.944 INFO  c.N.S.AuthenticationServiceImpl - step1
19/12/2025 18:41:34.944 INFO  c.N.S.AuthenticationServiceImpl - step2
19/12/2025 18:41:34.944 DEBUG org.hibernate.SQL - select t1_0.tokenId,t1_0.expirationDate,t1_0.tenantId,t1_0.token from Token t1_0 where t1_0.token=?
19/12/2025 18:41:34.944 DEBUG o.m.jdbc.client.impl.StandardClient - execute query: select t1_0.tokenId,t1_0.expirationDate,t1_0.tenantId,t1_0.token from Token t1_0 where t1_0.token=?
19/12/2025 18:41:34.944 INFO  c.N.S.AuthenticationServiceImpl - step3
19/12/2025 18:41:34.944 INFO  c.N.S.AuthenticationServiceImpl - 8e2882cd-9b1c-48ce-ad01-a0e9312aba0d
19/12/2025 18:41:34.944 INFO  c.N.S.AuthenticationServiceImpl - 2025-12-19T18:32:05.765Z 2025-12-19T17:41:34.944904700Z
19/12/2025 18:41:34.944 INFO  c.N.S.AuthenticationServiceImpl - data tokentrue
19/12/2025 18:41:34.944 INFO  c.N.S.AuthenticationServiceImpl - EXP_UTC=2025-12-19T18:32:05.765Z NOW_UTC=2025-12-19T17:41:34.944904700Z valid=true
19/12/2025 18:41:34.944 INFO  c.N.S.AuthenticationServiceImpl - EXP_Rome=2025-12-19T19:32:05.765+01:00[Europe/Rome] NOW_Rome=2025-12-19T18:41:34.944904700+01:00[Europe/Rome]
19/12/2025 18:41:34.950 DEBUG o.h.e.i.AbstractFlushingEventListener - Flushed: 0 insertions, 0 updates, 0 deletions to 1 objects
19/12/2025 18:41:34.950 DEBUG o.h.e.i.AbstractFlushingEventListener - Flushed: 0 (re)creations, 0 updates, 0 removals to 0 collections
19/12/2025 18:41:34.950 DEBUG o.h.internal.util.EntityPrinter - Listing entities:
19/12/2025 18:41:34.950 DEBUG o.h.internal.util.EntityPrinter - com.NeptuneWebAutheticator.Entity.Token{tokenId=34, tenantId=1, expirationDate=2025-12-19 19:32:05.765, token=8e2882cd-9b1c-48ce-ad01-a0e9312aba0d}
19/12/2025 18:41:34.950 DEBUG org.hibernate.SQL - select t1_0.tokenId,t1_0.expirationDate,t1_0.tenantId,t1_0.token from Token t1_0 where t1_0.token=?
19/12/2025 18:41:34.950 DEBUG o.m.jdbc.client.impl.StandardClient - execute query: select t1_0.tokenId,t1_0.expirationDate,t1_0.tenantId,t1_0.token from Token t1_0 where t1_0.token=?
19/12/2025 18:41:34.950 INFO  c.N.S.AuthenticationServiceImpl - 8e2882cd-9b1c-48ce-ad01-a0e9312aba0d
19/12/2025 18:41:34.950 INFO  c.N.S.AuthenticationServiceImpl - 2025-12-19T18:32:05.765Z 2025-12-19T17:41:34.950640500Z
19/12/2025 18:41:34.950 INFO  c.N.S.AuthenticationServiceImpl - data tokentrue
19/12/2025 18:41:34.950 INFO  c.N.S.AuthenticationServiceImpl - EXP_UTC=2025-12-19T18:32:05.765Z NOW_UTC=2025-12-19T17:41:34.950640500Z valid=true
19/12/2025 18:41:34.952 INFO  c.N.S.AuthenticationServiceImpl - EXP_Rome=2025-12-19T19:32:05.765+01:00[Europe/Rome] NOW_Rome=2025-12-19T18:41:34.950640500+01:00[Europe/Rome]
19/12/2025 18:41:34.952 DEBUG o.s.orm.jpa.JpaTransactionManager - Found thread-bound EntityManager [SessionImpl(1588560516<open>)] for JPA transaction
19/12/2025 18:41:34.952 DEBUG o.s.orm.jpa.JpaTransactionManager - Participating in existing transaction
19/12/2025 18:41:34.952 DEBUG org.hibernate.SQL - select t1_0.tenantId,t1_0.password,t1_0.role,t1_0.username from Tenants t1_0 where t1_0.tenantId=?
19/12/2025 18:41:34.952 DEBUG o.m.jdbc.client.impl.StandardClient - execute query: select t1_0.tenantId,t1_0.password,t1_0.role,t1_0.username from Tenants t1_0 where t1_0.tenantId=?
19/12/2025 18:41:34.952 DEBUG o.h.e.i.AbstractFlushingEventListener - Flushed: 0 insertions, 0 updates, 0 deletions to 2 objects
19/12/2025 18:41:34.952 DEBUG o.h.e.i.AbstractFlushingEventListener - Flushed: 0 (re)creations, 0 updates, 0 removals to 0 collections
19/12/2025 18:41:34.952 DEBUG o.h.internal.util.EntityPrinter - Listing entities:
19/12/2025 18:41:34.952 DEBUG o.h.internal.util.EntityPrinter - com.NeptuneWebAutheticator.Entity.Tenant{password=Zcssysadm, role=Administrator, tenantId=1, username=Administrator}
19/12/2025 18:41:34.952 DEBUG o.h.internal.util.EntityPrinter - com.NeptuneWebAutheticator.Entity.Token{tokenId=34, tenantId=1, expirationDate=2025-12-19 19:32:05.765, token=8e2882cd-9b1c-48ce-ad01-a0e9312aba0d}
19/12/2025 18:41:34.952 DEBUG org.hibernate.SQL - select m1_0.id,m1_0.ipAddress,m1_0.isTruckingOn,m1_0.machineId,m1_0.tenantId from Machines m1_0 where m1_0.machineId=? and m1_0.tenantId=?
19/12/2025 18:41:34.952 DEBUG o.m.jdbc.client.impl.StandardClient - execute query: select m1_0.id,m1_0.ipAddress,m1_0.isTruckingOn,m1_0.machineId,m1_0.tenantId from Machines m1_0 where m1_0.machineId=? and m1_0.tenantId=?
19/12/2025 18:41:34.954 DEBUG o.s.orm.jpa.JpaTransactionManager - Found thread-bound EntityManager [SessionImpl(1588560516<open>)] for JPA transaction
19/12/2025 18:41:34.954 DEBUG o.s.orm.jpa.JpaTransactionManager - Participating in existing transaction
19/12/2025 18:41:34.954 DEBUG org.hibernate.SQL - insert into Machines (ipAddress,isTruckingOn,machineId,tenantId) values (?,?,?,?)
19/12/2025 18:41:34.954 DEBUG o.m.jdbc.client.impl.StandardClient - execute query: insert into Machines (ipAddress,isTruckingOn,machineId,tenantId) values (?,?,?,?)
19/12/2025 18:41:34.954 DEBUG o.h.id.IdentifierGeneratorHelper - Extracted generated values for entity [com.NeptuneWebAutheticator.Entity.Machine]: [6]
19/12/2025 18:41:34.954 DEBUG o.s.orm.jpa.JpaTransactionManager - Initiating transaction commit
19/12/2025 18:41:34.954 DEBUG o.s.orm.jpa.JpaTransactionManager - Committing JPA transaction on EntityManager [SessionImpl(1588560516<open>)]
19/12/2025 18:41:34.954 DEBUG o.h.e.t.internal.TransactionImpl - Committing transaction
19/12/2025 18:41:34.954 DEBUG o.h.e.i.AbstractFlushingEventListener - Flushed: 0 insertions, 0 updates, 0 deletions to 3 objects
19/12/2025 18:41:34.954 DEBUG o.h.e.i.AbstractFlushingEventListener - Flushed: 0 (re)creations, 0 updates, 0 removals to 0 collections
19/12/2025 18:41:34.954 DEBUG o.h.internal.util.EntityPrinter - Listing entities:
19/12/2025 18:41:34.954 DEBUG o.h.internal.util.EntityPrinter - com.NeptuneWebAutheticator.Entity.Tenant{password=Zcssysadm, role=Administrator, tenantId=1, username=Administrator}
19/12/2025 18:41:34.954 DEBUG o.h.internal.util.EntityPrinter - com.NeptuneWebAutheticator.Entity.Token{tokenId=34, tenantId=1, expirationDate=2025-12-19 19:32:05.765, token=8e2882cd-9b1c-48ce-ad01-a0e9312aba0d}
19/12/2025 18:41:34.954 DEBUG o.h.internal.util.EntityPrinter - com.NeptuneWebAutheticator.Entity.Machine{isTruckingOn=true, machineId=PTV_MACH900_02, ipAddress=http://localhost:8081, id=6, tenant=com.NeptuneWebAutheticator.Entity.Tenant#1}
19/12/2025 18:41:34.954 DEBUG o.m.jdbc.client.impl.StandardClient - execute query: COMMIT
19/12/2025 18:41:34.954 DEBUG o.m.jdbc.client.impl.StandardClient - execute query: set autocommit=1
19/12/2025 18:41:34.959 DEBUG o.m.jdbc.message.server.OkPacket - System variable change:  autocommit = ON
19/12/2025 18:41:34.959 DEBUG o.s.orm.jpa.JpaTransactionManager - Closing JPA EntityManager after transaction
19/12/2025 18:41:34.959 DEBUG org.hibernate.session.metrics - HHH000401: Logging session metrics:
	214300 ns acquiring 1 JDBC connections
	0 ns releasing 0 JDBC connections
	134200 ns preparing 5 JDBC statements
	1576200 ns executing 5 JDBC statements
	0 ns executing 0 JDBC batches
	0 ns performing 0 second-level cache puts
	0 ns performing 0 second-level cache hits
	0 ns performing 0 second-level cache misses
	428600 ns executing 1 flushes (flushing a total of 3 entities and 0 collections)
	64200 ns executing 3 pre-partial-flushes
	750500 ns executing 3 partial-flushes (flushing a total of 3 entities and 3 collections)

19/12/2025 18:41:34.959 DEBUG o.s.w.s.m.m.a.HttpEntityMethodProcessor - Using 'application/json', given [application/json] and supported [text/plain, */*, application/json, application/*+json]
19/12/2025 18:41:34.959 DEBUG o.s.w.s.m.m.a.HttpEntityMethodProcessor - Writing ["Macchina aggiunta con successo"]
19/12/2025 18:41:34.960 DEBUG o.s.web.servlet.DispatcherServlet - Completed 200 OK
19/12/2025 18:41:34.960 DEBUG o.s.s.w.a.AnonymousAuthenticationFilter - Set SecurityContextHolder to anonymous SecurityContext
19/12/2025 18:41:39.285 DEBUG o.s.security.web.FilterChainProxy - Securing GET /api/isUserAuthenticate
19/12/2025 18:41:39.286 DEBUG o.s.security.web.FilterChainProxy - Secured GET /api/isUserAuthenticate
19/12/2025 18:41:39.286 DEBUG o.s.web.servlet.DispatcherServlet - GET "/api/isUserAuthenticate", parameters={}
19/12/2025 18:41:39.286 DEBUG o.s.w.s.m.m.a.RequestMappingHandlerMapping - Mapped to com.NeptuneWebAutheticator.Controller.AuthenticationController#isUserAuthenticate(HttpServletRequest)
19/12/2025 18:41:39.286 INFO  c.N.C.AuthenticationController - entro
19/12/2025 18:41:39.286 INFO  c.N.S.AuthenticationServiceImpl - entro
19/12/2025 18:41:39.286 INFO  c.N.S.AuthenticationServiceImpl - step1
19/12/2025 18:41:39.286 INFO  c.N.S.AuthenticationServiceImpl - step2
19/12/2025 18:41:39.286 DEBUG o.s.o.j.SharedEntityManagerCreator$SharedEntityManagerInvocationHandler - Creating new EntityManager for shared EntityManager invocation
19/12/2025 18:41:39.287 DEBUG org.hibernate.SQL - select t1_0.tokenId,t1_0.expirationDate,t1_0.tenantId,t1_0.token from Token t1_0 where t1_0.token=?
19/12/2025 18:41:39.287 DEBUG o.m.jdbc.client.impl.StandardClient - execute query: select t1_0.tokenId,t1_0.expirationDate,t1_0.tenantId,t1_0.token from Token t1_0 where t1_0.token=?
19/12/2025 18:41:39.288 DEBUG org.hibernate.session.metrics - HHH000401: Logging session metrics:
	204800 ns acquiring 1 JDBC connections
	0 ns releasing 0 JDBC connections
	238200 ns preparing 1 JDBC statements
	394100 ns executing 1 JDBC statements
	0 ns executing 0 JDBC batches
	0 ns performing 0 second-level cache puts
	0 ns performing 0 second-level cache hits
	0 ns performing 0 second-level cache misses
	0 ns executing 0 flushes (flushing a total of 0 entities and 0 collections)
	0 ns executing 0 pre-partial-flushes
	0 ns executing 0 partial-flushes (flushing a total of 0 entities and 0 collections)

19/12/2025 18:41:39.288 INFO  c.N.S.AuthenticationServiceImpl - step3
19/12/2025 18:41:39.288 INFO  c.N.S.AuthenticationServiceImpl - 8e2882cd-9b1c-48ce-ad01-a0e9312aba0d
19/12/2025 18:41:39.288 INFO  c.N.S.AuthenticationServiceImpl - 2025-12-19T18:32:05.765Z 2025-12-19T17:41:39.288599700Z
19/12/2025 18:41:39.288 INFO  c.N.S.AuthenticationServiceImpl - data tokentrue
19/12/2025 18:41:39.288 INFO  c.N.S.AuthenticationServiceImpl - EXP_UTC=2025-12-19T18:32:05.765Z NOW_UTC=2025-12-19T17:41:39.288599700Z valid=true
19/12/2025 18:41:39.288 INFO  c.N.S.AuthenticationServiceImpl - EXP_Rome=2025-12-19T19:32:05.765+01:00[Europe/Rome] NOW_Rome=2025-12-19T18:41:39.288599700+01:00[Europe/Rome]
19/12/2025 18:41:39.289 DEBUG o.s.w.s.m.m.a.RequestResponseBodyMethodProcessor - Using 'application/json', given [*/*] and supported [application/json, application/*+json]
19/12/2025 18:41:39.289 DEBUG o.s.w.s.m.m.a.RequestResponseBodyMethodProcessor - Writing [true]
19/12/2025 18:41:39.289 DEBUG o.s.web.servlet.DispatcherServlet - Completed 200 OK
19/12/2025 18:41:39.289 DEBUG o.s.s.w.a.AnonymousAuthenticationFilter - Set SecurityContextHolder to anonymous SecurityContext
19/12/2025 18:41:39.412 DEBUG o.s.security.web.FilterChainProxy - Securing GET /Machine
19/12/2025 18:41:39.414 DEBUG o.s.security.web.FilterChainProxy - Secured GET /Machine
19/12/2025 18:41:39.414 DEBUG o.s.web.servlet.DispatcherServlet - GET "/Machine", parameters={}
19/12/2025 18:41:39.414 DEBUG o.s.w.s.m.m.a.RequestMappingHandlerMapping - Mapped to com.NeptuneWebAutheticator.Controller.MachineController#getMachines(HttpServletRequest)
19/12/2025 18:41:39.414 DEBUG o.s.orm.jpa.JpaTransactionManager - Creating new transaction with name [com.NeptuneWebAutheticator.Service.MachineServiceImpl.getMachinesByTenantId]: PROPAGATION_REQUIRED,ISOLATION_DEFAULT
19/12/2025 18:41:39.414 DEBUG o.s.orm.jpa.JpaTransactionManager - Opened new EntityManager [SessionImpl(201473664<open>)] for JPA transaction
19/12/2025 18:41:39.414 DEBUG o.h.e.t.internal.TransactionImpl - Beginning transaction
19/12/2025 18:41:39.414 DEBUG o.m.jdbc.client.impl.StandardClient - execute query: set autocommit=0
19/12/2025 18:41:39.414 DEBUG o.m.jdbc.message.server.OkPacket - System variable change:  autocommit = OFF
19/12/2025 18:41:39.414 DEBUG o.s.orm.jpa.JpaTransactionManager - Exposing JPA transaction as JDBC [org.springframework.orm.jpa.vendor.HibernateJpaDialect$HibernateConnectionHandle@79bbd5f6]
19/12/2025 18:41:39.414 INFO  c.N.S.AuthenticationServiceImpl - entro
19/12/2025 18:41:39.414 INFO  c.N.S.AuthenticationServiceImpl - step1
19/12/2025 18:41:39.414 INFO  c.N.S.AuthenticationServiceImpl - step2
19/12/2025 18:41:39.414 DEBUG org.hibernate.SQL - select t1_0.tokenId,t1_0.expirationDate,t1_0.tenantId,t1_0.token from Token t1_0 where t1_0.token=?
19/12/2025 18:41:39.414 DEBUG o.m.jdbc.client.impl.StandardClient - execute query: select t1_0.tokenId,t1_0.expirationDate,t1_0.tenantId,t1_0.token from Token t1_0 where t1_0.token=?
19/12/2025 18:41:39.414 INFO  c.N.S.AuthenticationServiceImpl - step3
19/12/2025 18:41:39.414 INFO  c.N.S.AuthenticationServiceImpl - 8e2882cd-9b1c-48ce-ad01-a0e9312aba0d
19/12/2025 18:41:39.418 INFO  c.N.S.AuthenticationServiceImpl - 2025-12-19T18:32:05.765Z 2025-12-19T17:41:39.414493300Z
19/12/2025 18:41:39.418 INFO  c.N.S.AuthenticationServiceImpl - data tokentrue
19/12/2025 18:41:39.418 INFO  c.N.S.AuthenticationServiceImpl - EXP_UTC=2025-12-19T18:32:05.765Z NOW_UTC=2025-12-19T17:41:39.418016100Z valid=true
19/12/2025 18:41:39.418 INFO  c.N.S.AuthenticationServiceImpl - EXP_Rome=2025-12-19T19:32:05.765+01:00[Europe/Rome] NOW_Rome=2025-12-19T18:41:39.418016100+01:00[Europe/Rome]
19/12/2025 18:41:39.418 DEBUG o.h.e.i.AbstractFlushingEventListener - Flushed: 0 insertions, 0 updates, 0 deletions to 1 objects
19/12/2025 18:41:39.418 DEBUG o.h.e.i.AbstractFlushingEventListener - Flushed: 0 (re)creations, 0 updates, 0 removals to 0 collections
19/12/2025 18:41:39.418 DEBUG o.h.internal.util.EntityPrinter - Listing entities:
19/12/2025 18:41:39.418 DEBUG o.h.internal.util.EntityPrinter - com.NeptuneWebAutheticator.Entity.Token{tokenId=34, tenantId=1, expirationDate=2025-12-19 19:32:05.765, token=8e2882cd-9b1c-48ce-ad01-a0e9312aba0d}
19/12/2025 18:41:39.418 DEBUG org.hibernate.SQL - select t1_0.tokenId,t1_0.expirationDate,t1_0.tenantId,t1_0.token from Token t1_0 where t1_0.token=?
19/12/2025 18:41:39.418 DEBUG o.m.jdbc.client.impl.StandardClient - execute query: select t1_0.tokenId,t1_0.expirationDate,t1_0.tenantId,t1_0.token from Token t1_0 where t1_0.token=?
19/12/2025 18:41:39.418 INFO  c.N.S.AuthenticationServiceImpl - 8e2882cd-9b1c-48ce-ad01-a0e9312aba0d
19/12/2025 18:41:39.418 INFO  c.N.S.AuthenticationServiceImpl - 2025-12-19T18:32:05.765Z 2025-12-19T17:41:39.418016100Z
19/12/2025 18:41:39.418 INFO  c.N.S.AuthenticationServiceImpl - data tokentrue
19/12/2025 18:41:39.418 INFO  c.N.S.AuthenticationServiceImpl - EXP_UTC=2025-12-19T18:32:05.765Z NOW_UTC=2025-12-19T17:41:39.418016100Z valid=true
19/12/2025 18:41:39.418 INFO  c.N.S.AuthenticationServiceImpl - EXP_Rome=2025-12-19T19:32:05.765+01:00[Europe/Rome] NOW_Rome=2025-12-19T18:41:39.418016100+01:00[Europe/Rome]
19/12/2025 18:41:39.418 DEBUG o.s.orm.jpa.JpaTransactionManager - Found thread-bound EntityManager [SessionImpl(201473664<open>)] for JPA transaction
19/12/2025 18:41:39.418 DEBUG o.s.orm.jpa.JpaTransactionManager - Participating in existing transaction
19/12/2025 18:41:39.418 DEBUG org.hibernate.SQL - select t1_0.tenantId,t1_0.password,t1_0.role,t1_0.username from Tenants t1_0 where t1_0.tenantId=?
19/12/2025 18:41:39.418 DEBUG o.m.jdbc.client.impl.StandardClient - execute query: select t1_0.tenantId,t1_0.password,t1_0.role,t1_0.username from Tenants t1_0 where t1_0.tenantId=?
19/12/2025 18:41:39.421 DEBUG o.h.e.i.AbstractFlushingEventListener - Flushed: 0 insertions, 0 updates, 0 deletions to 2 objects
19/12/2025 18:41:39.421 DEBUG o.h.e.i.AbstractFlushingEventListener - Flushed: 0 (re)creations, 0 updates, 0 removals to 0 collections
19/12/2025 18:41:39.421 DEBUG o.h.internal.util.EntityPrinter - Listing entities:
19/12/2025 18:41:39.421 DEBUG o.h.internal.util.EntityPrinter - com.NeptuneWebAutheticator.Entity.Tenant{password=Zcssysadm, role=Administrator, tenantId=1, username=Administrator}
19/12/2025 18:41:39.421 DEBUG o.h.internal.util.EntityPrinter - com.NeptuneWebAutheticator.Entity.Token{tokenId=34, tenantId=1, expirationDate=2025-12-19 19:32:05.765, token=8e2882cd-9b1c-48ce-ad01-a0e9312aba0d}
19/12/2025 18:41:39.421 DEBUG org.hibernate.SQL - select m1_0.id,m1_0.ipAddress,m1_0.isTruckingOn,m1_0.machineId,m1_0.tenantId from Machines m1_0 where m1_0.tenantId=?
19/12/2025 18:41:39.421 DEBUG o.m.jdbc.client.impl.StandardClient - execute query: select m1_0.id,m1_0.ipAddress,m1_0.isTruckingOn,m1_0.machineId,m1_0.tenantId from Machines m1_0 where m1_0.tenantId=?
19/12/2025 18:41:39.423 DEBUG o.s.orm.jpa.JpaTransactionManager - Initiating transaction commit
19/12/2025 18:41:39.423 DEBUG o.s.orm.jpa.JpaTransactionManager - Committing JPA transaction on EntityManager [SessionImpl(201473664<open>)]
19/12/2025 18:41:39.423 DEBUG o.h.e.t.internal.TransactionImpl - Committing transaction
19/12/2025 18:41:39.423 DEBUG o.h.e.i.AbstractFlushingEventListener - Flushed: 0 insertions, 0 updates, 0 deletions to 3 objects
19/12/2025 18:41:39.423 DEBUG o.h.e.i.AbstractFlushingEventListener - Flushed: 0 (re)creations, 0 updates, 0 removals to 0 collections
19/12/2025 18:41:39.423 DEBUG o.h.internal.util.EntityPrinter - Listing entities:
19/12/2025 18:41:39.423 DEBUG o.h.internal.util.EntityPrinter - com.NeptuneWebAutheticator.Entity.Tenant{password=Zcssysadm, role=Administrator, tenantId=1, username=Administrator}
19/12/2025 18:41:39.423 DEBUG o.h.internal.util.EntityPrinter - com.NeptuneWebAutheticator.Entity.Token{tokenId=34, tenantId=1, expirationDate=2025-12-19 19:32:05.765, token=8e2882cd-9b1c-48ce-ad01-a0e9312aba0d}
19/12/2025 18:41:39.423 DEBUG o.h.internal.util.EntityPrinter - com.NeptuneWebAutheticator.Entity.Machine{isTruckingOn=true, machineId=PTV_MACH900_02, ipAddress=http://localhost:8081, id=6, tenant=com.NeptuneWebAutheticator.Entity.Tenant#1}
19/12/2025 18:41:39.424 DEBUG o.m.jdbc.client.impl.StandardClient - execute query: COMMIT
19/12/2025 18:41:39.424 DEBUG o.m.jdbc.client.impl.StandardClient - execute query: set autocommit=1
19/12/2025 18:41:39.424 DEBUG o.m.jdbc.message.server.OkPacket - System variable change:  autocommit = ON
19/12/2025 18:41:39.424 DEBUG o.s.orm.jpa.JpaTransactionManager - Closing JPA EntityManager after transaction
19/12/2025 18:41:39.424 DEBUG org.hibernate.session.metrics - HHH000401: Logging session metrics:
	20500 ns acquiring 1 JDBC connections
	0 ns releasing 0 JDBC connections
	143200 ns preparing 4 JDBC statements
	1655400 ns executing 4 JDBC statements
	0 ns executing 0 JDBC batches
	0 ns performing 0 second-level cache puts
	0 ns performing 0 second-level cache hits
	0 ns performing 0 second-level cache misses
	547900 ns executing 1 flushes (flushing a total of 3 entities and 0 collections)
	77500 ns executing 3 pre-partial-flushes
	803700 ns executing 3 partial-flushes (flushing a total of 3 entities and 3 collections)

19/12/2025 18:41:39.425 DEBUG o.s.w.s.m.m.a.RequestResponseBodyMethodProcessor - Using 'application/json', given [*/*] and supported [application/json, application/*+json]
19/12/2025 18:41:39.425 DEBUG o.s.w.s.m.m.a.RequestResponseBodyMethodProcessor - Writing [[MachineDTO(machineid=PTV_MACH900_02, ip_address=http://localhost:8081, isTruckingOn=true)]]
19/12/2025 18:41:39.425 DEBUG o.s.web.servlet.DispatcherServlet - Completed 200 OK
19/12/2025 18:41:39.425 DEBUG o.s.s.w.a.AnonymousAuthenticationFilter - Set SecurityContextHolder to anonymous SecurityContext
19/12/2025 18:41:42.101 DEBUG com.zaxxer.hikari.pool.HikariPool - HikariPool-1 - keepalive: connection org.mariadb.jdbc.Connection@b9f431d is alive
19/12/2025 18:41:42.977 DEBUG o.s.security.web.FilterChainProxy - Securing OPTIONS /Machine
19/12/2025 18:41:42.977 DEBUG o.s.security.web.FilterChainProxy - Securing DELETE /Machine
19/12/2025 18:41:42.982 DEBUG o.s.security.web.FilterChainProxy - Secured DELETE /Machine
19/12/2025 18:41:42.982 DEBUG o.s.web.servlet.DispatcherServlet - DELETE "/Machine", parameters={}
19/12/2025 18:41:42.982 DEBUG o.s.w.s.m.m.a.RequestMappingHandlerMapping - Mapped to com.NeptuneWebAutheticator.Controller.MachineController#deleteMachine(HttpServletRequest, Map)
19/12/2025 18:41:42.983 DEBUG o.s.w.s.m.m.a.RequestResponseBodyMethodProcessor - Read "application/json;charset=utf-8" to [{MachineId=PTV_MACH900_02}]
19/12/2025 18:41:42.983 DEBUG o.s.orm.jpa.JpaTransactionManager - Creating new transaction with name [com.NeptuneWebAutheticator.Service.MachineServiceImpl.deleteMachine]: PROPAGATION_REQUIRED,ISOLATION_DEFAULT
19/12/2025 18:41:42.983 DEBUG o.s.orm.jpa.JpaTransactionManager - Opened new EntityManager [SessionImpl(1147754367<open>)] for JPA transaction
19/12/2025 18:41:42.983 DEBUG o.h.e.t.internal.TransactionImpl - Beginning transaction
19/12/2025 18:41:42.983 DEBUG o.m.jdbc.client.impl.StandardClient - execute query: set autocommit=0
19/12/2025 18:41:42.983 DEBUG o.m.jdbc.message.server.OkPacket - System variable change:  autocommit = OFF
19/12/2025 18:41:42.983 DEBUG o.s.orm.jpa.JpaTransactionManager - Exposing JPA transaction as JDBC [org.springframework.orm.jpa.vendor.HibernateJpaDialect$HibernateConnectionHandle@6a960e65]
19/12/2025 18:41:42.984 INFO  c.N.S.AuthenticationServiceImpl - entro
19/12/2025 18:41:42.984 INFO  c.N.S.AuthenticationServiceImpl - step1
19/12/2025 18:41:42.984 INFO  c.N.S.AuthenticationServiceImpl - step2
19/12/2025 18:41:42.984 DEBUG org.hibernate.SQL - select t1_0.tokenId,t1_0.expirationDate,t1_0.tenantId,t1_0.token from Token t1_0 where t1_0.token=?
19/12/2025 18:41:42.984 DEBUG o.m.jdbc.client.impl.StandardClient - execute query: select t1_0.tokenId,t1_0.expirationDate,t1_0.tenantId,t1_0.token from Token t1_0 where t1_0.token=?
19/12/2025 18:41:42.986 INFO  c.N.S.AuthenticationServiceImpl - step3
19/12/2025 18:41:42.986 INFO  c.N.S.AuthenticationServiceImpl - 8e2882cd-9b1c-48ce-ad01-a0e9312aba0d
19/12/2025 18:41:42.986 INFO  c.N.S.AuthenticationServiceImpl - 2025-12-19T18:32:05.765Z 2025-12-19T17:41:42.986721500Z
19/12/2025 18:41:42.986 INFO  c.N.S.AuthenticationServiceImpl - data tokentrue
19/12/2025 18:41:42.986 INFO  c.N.S.AuthenticationServiceImpl - EXP_UTC=2025-12-19T18:32:05.765Z NOW_UTC=2025-12-19T17:41:42.986721500Z valid=true
19/12/2025 18:41:42.986 INFO  c.N.S.AuthenticationServiceImpl - EXP_Rome=2025-12-19T19:32:05.765+01:00[Europe/Rome] NOW_Rome=2025-12-19T18:41:42.986721500+01:00[Europe/Rome]
19/12/2025 18:41:42.986 DEBUG o.h.e.i.AbstractFlushingEventListener - Flushed: 0 insertions, 0 updates, 0 deletions to 1 objects
19/12/2025 18:41:42.986 DEBUG o.h.e.i.AbstractFlushingEventListener - Flushed: 0 (re)creations, 0 updates, 0 removals to 0 collections
19/12/2025 18:41:42.986 DEBUG o.h.internal.util.EntityPrinter - Listing entities:
19/12/2025 18:41:42.986 DEBUG o.h.internal.util.EntityPrinter - com.NeptuneWebAutheticator.Entity.Token{tokenId=34, tenantId=1, expirationDate=2025-12-19 19:32:05.765, token=8e2882cd-9b1c-48ce-ad01-a0e9312aba0d}
19/12/2025 18:41:42.986 DEBUG org.hibernate.SQL - select t1_0.tokenId,t1_0.expirationDate,t1_0.tenantId,t1_0.token from Token t1_0 where t1_0.token=?
19/12/2025 18:41:42.986 DEBUG o.m.jdbc.client.impl.StandardClient - execute query: select t1_0.tokenId,t1_0.expirationDate,t1_0.tenantId,t1_0.token from Token t1_0 where t1_0.token=?
19/12/2025 18:41:42.986 INFO  c.N.S.AuthenticationServiceImpl - 8e2882cd-9b1c-48ce-ad01-a0e9312aba0d
19/12/2025 18:41:42.986 INFO  c.N.S.AuthenticationServiceImpl - 2025-12-19T18:32:05.765Z 2025-12-19T17:41:42.986721500Z
19/12/2025 18:41:42.986 INFO  c.N.S.AuthenticationServiceImpl - data tokentrue
19/12/2025 18:41:42.986 INFO  c.N.S.AuthenticationServiceImpl - EXP_UTC=2025-12-19T18:32:05.765Z NOW_UTC=2025-12-19T17:41:42.986721500Z valid=true
19/12/2025 18:41:42.986 INFO  c.N.S.AuthenticationServiceImpl - EXP_Rome=2025-12-19T19:32:05.765+01:00[Europe/Rome] NOW_Rome=2025-12-19T18:41:42.986721500+01:00[Europe/Rome]
19/12/2025 18:41:42.986 DEBUG o.s.orm.jpa.JpaTransactionManager - Found thread-bound EntityManager [SessionImpl(1147754367<open>)] for JPA transaction
19/12/2025 18:41:42.986 DEBUG o.s.orm.jpa.JpaTransactionManager - Participating in existing transaction
19/12/2025 18:41:42.986 DEBUG org.hibernate.SQL - select t1_0.tenantId,t1_0.password,t1_0.role,t1_0.username from Tenants t1_0 where t1_0.tenantId=?
19/12/2025 18:41:42.986 DEBUG o.m.jdbc.client.impl.StandardClient - execute query: select t1_0.tenantId,t1_0.password,t1_0.role,t1_0.username from Tenants t1_0 where t1_0.tenantId=?
19/12/2025 18:41:42.986 DEBUG o.h.e.i.AbstractFlushingEventListener - Flushed: 0 insertions, 0 updates, 0 deletions to 2 objects
19/12/2025 18:41:42.986 DEBUG o.h.e.i.AbstractFlushingEventListener - Flushed: 0 (re)creations, 0 updates, 0 removals to 0 collections
19/12/2025 18:41:42.986 DEBUG o.h.internal.util.EntityPrinter - Listing entities:
19/12/2025 18:41:42.986 DEBUG o.h.internal.util.EntityPrinter - com.NeptuneWebAutheticator.Entity.Tenant{password=Zcssysadm, role=Administrator, tenantId=1, username=Administrator}
19/12/2025 18:41:42.986 DEBUG o.h.internal.util.EntityPrinter - com.NeptuneWebAutheticator.Entity.Token{tokenId=34, tenantId=1, expirationDate=2025-12-19 19:32:05.765, token=8e2882cd-9b1c-48ce-ad01-a0e9312aba0d}
19/12/2025 18:41:42.986 DEBUG org.hibernate.SQL - select m1_0.id,m1_0.ipAddress,m1_0.isTruckingOn,m1_0.machineId,m1_0.tenantId from Machines m1_0 where m1_0.machineId=? and m1_0.tenantId=?
19/12/2025 18:41:42.986 DEBUG o.m.jdbc.client.impl.StandardClient - execute query: select m1_0.id,m1_0.ipAddress,m1_0.isTruckingOn,m1_0.machineId,m1_0.tenantId from Machines m1_0 where m1_0.machineId=? and m1_0.tenantId=?
19/12/2025 18:41:42.986 DEBUG o.s.orm.jpa.JpaTransactionManager - Found thread-bound EntityManager [SessionImpl(1147754367<open>)] for JPA transaction
19/12/2025 18:41:42.986 DEBUG o.s.orm.jpa.JpaTransactionManager - Participating in existing transaction
19/12/2025 18:41:42.986 DEBUG o.s.orm.jpa.JpaTransactionManager - Initiating transaction commit
19/12/2025 18:41:42.986 DEBUG o.s.orm.jpa.JpaTransactionManager - Committing JPA transaction on EntityManager [SessionImpl(1147754367<open>)]
19/12/2025 18:41:42.986 DEBUG o.h.e.t.internal.TransactionImpl - Committing transaction
19/12/2025 18:41:42.986 DEBUG o.h.e.i.AbstractFlushingEventListener - Flushed: 0 insertions, 0 updates, 1 deletions to 3 objects
19/12/2025 18:41:42.986 DEBUG o.h.e.i.AbstractFlushingEventListener - Flushed: 0 (re)creations, 0 updates, 0 removals to 0 collections
19/12/2025 18:41:42.986 DEBUG o.h.internal.util.EntityPrinter - Listing entities:
19/12/2025 18:41:42.986 DEBUG o.h.internal.util.EntityPrinter - com.NeptuneWebAutheticator.Entity.Tenant{password=Zcssysadm, role=Administrator, tenantId=1, username=Administrator}
19/12/2025 18:41:42.986 DEBUG o.h.internal.util.EntityPrinter - com.NeptuneWebAutheticator.Entity.Token{tokenId=34, tenantId=1, expirationDate=2025-12-19 19:32:05.765, token=8e2882cd-9b1c-48ce-ad01-a0e9312aba0d}
19/12/2025 18:41:42.986 DEBUG o.h.internal.util.EntityPrinter - com.NeptuneWebAutheticator.Entity.Machine{isTruckingOn=true, machineId=PTV_MACH900_02, ipAddress=http://localhost:8081, id=6, tenant=com.NeptuneWebAutheticator.Entity.Tenant#1}
19/12/2025 18:41:42.993 DEBUG org.hibernate.SQL - delete from Machines where id=?
19/12/2025 18:41:42.993 DEBUG o.m.jdbc.client.impl.StandardClient - execute query: delete from Machines where id=?
19/12/2025 18:41:42.993 DEBUG o.m.jdbc.client.impl.StandardClient - execute query: COMMIT
19/12/2025 18:41:43.020 DEBUG o.m.jdbc.client.impl.StandardClient - execute query: set autocommit=1
19/12/2025 18:41:43.020 DEBUG o.m.jdbc.message.server.OkPacket - System variable change:  autocommit = ON
19/12/2025 18:41:43.020 DEBUG o.s.orm.jpa.JpaTransactionManager - Closing JPA EntityManager after transaction
19/12/2025 18:41:43.020 DEBUG org.hibernate.session.metrics - HHH000401: Logging session metrics:
	234900 ns acquiring 1 JDBC connections
	0 ns releasing 0 JDBC connections
	140400 ns preparing 5 JDBC statements
	1994300 ns executing 5 JDBC statements
	0 ns executing 0 JDBC batches
	0 ns performing 0 second-level cache puts
	0 ns performing 0 second-level cache hits
	0 ns performing 0 second-level cache misses
	1078600 ns executing 1 flushes (flushing a total of 3 entities and 0 collections)
	81100 ns executing 3 pre-partial-flushes
	882300 ns executing 3 partial-flushes (flushing a total of 3 entities and 3 collections)

19/12/2025 18:41:43.020 DEBUG o.s.w.s.m.m.a.HttpEntityMethodProcessor - Using 'application/json', given [application/json] and supported [text/plain, */*, application/json, application/*+json]
19/12/2025 18:41:43.020 DEBUG o.s.w.s.m.m.a.HttpEntityMethodProcessor - Writing ["Macchina eliminata con successo"]
19/12/2025 18:41:43.022 DEBUG o.s.web.servlet.DispatcherServlet - Completed 200 OK
19/12/2025 18:41:43.022 DEBUG o.s.s.w.a.AnonymousAuthenticationFilter - Set SecurityContextHolder to anonymous SecurityContext
19/12/2025 18:41:43.026 DEBUG o.s.security.web.FilterChainProxy - Securing GET /Machine
19/12/2025 18:41:43.026 DEBUG o.s.security.web.FilterChainProxy - Secured GET /Machine
19/12/2025 18:41:43.026 DEBUG o.s.web.servlet.DispatcherServlet - GET "/Machine", parameters={}
19/12/2025 18:41:43.026 DEBUG o.s.w.s.m.m.a.RequestMappingHandlerMapping - Mapped to com.NeptuneWebAutheticator.Controller.MachineController#getMachines(HttpServletRequest)
19/12/2025 18:41:43.026 DEBUG o.s.orm.jpa.JpaTransactionManager - Creating new transaction with name [com.NeptuneWebAutheticator.Service.MachineServiceImpl.getMachinesByTenantId]: PROPAGATION_REQUIRED,ISOLATION_DEFAULT
19/12/2025 18:41:43.026 DEBUG o.s.orm.jpa.JpaTransactionManager - Opened new EntityManager [SessionImpl(1773975442<open>)] for JPA transaction
19/12/2025 18:41:43.026 DEBUG o.h.e.t.internal.TransactionImpl - Beginning transaction
19/12/2025 18:41:43.026 DEBUG o.m.jdbc.client.impl.StandardClient - execute query: set autocommit=0
19/12/2025 18:41:43.026 DEBUG o.m.jdbc.message.server.OkPacket - System variable change:  autocommit = OFF
19/12/2025 18:41:43.026 DEBUG o.s.orm.jpa.JpaTransactionManager - Exposing JPA transaction as JDBC [org.springframework.orm.jpa.vendor.HibernateJpaDialect$HibernateConnectionHandle@2ea3b48c]
19/12/2025 18:41:43.026 INFO  c.N.S.AuthenticationServiceImpl - entro
19/12/2025 18:41:43.026 INFO  c.N.S.AuthenticationServiceImpl - step1
19/12/2025 18:41:43.026 INFO  c.N.S.AuthenticationServiceImpl - step2
19/12/2025 18:41:43.026 DEBUG org.hibernate.SQL - select t1_0.tokenId,t1_0.expirationDate,t1_0.tenantId,t1_0.token from Token t1_0 where t1_0.token=?
19/12/2025 18:41:43.026 DEBUG o.m.jdbc.client.impl.StandardClient - execute query: select t1_0.tokenId,t1_0.expirationDate,t1_0.tenantId,t1_0.token from Token t1_0 where t1_0.token=?
19/12/2025 18:41:43.026 INFO  c.N.S.AuthenticationServiceImpl - step3
19/12/2025 18:41:43.026 INFO  c.N.S.AuthenticationServiceImpl - 8e2882cd-9b1c-48ce-ad01-a0e9312aba0d
19/12/2025 18:41:43.026 INFO  c.N.S.AuthenticationServiceImpl - 2025-12-19T18:32:05.765Z 2025-12-19T17:41:43.026865900Z
19/12/2025 18:41:43.026 INFO  c.N.S.AuthenticationServiceImpl - data tokentrue
19/12/2025 18:41:43.026 INFO  c.N.S.AuthenticationServiceImpl - EXP_UTC=2025-12-19T18:32:05.765Z NOW_UTC=2025-12-19T17:41:43.026865900Z valid=true
19/12/2025 18:41:43.026 INFO  c.N.S.AuthenticationServiceImpl - EXP_Rome=2025-12-19T19:32:05.765+01:00[Europe/Rome] NOW_Rome=2025-12-19T18:41:43.026865900+01:00[Europe/Rome]
19/12/2025 18:41:43.026 DEBUG o.h.e.i.AbstractFlushingEventListener - Flushed: 0 insertions, 0 updates, 0 deletions to 1 objects
19/12/2025 18:41:43.026 DEBUG o.h.e.i.AbstractFlushingEventListener - Flushed: 0 (re)creations, 0 updates, 0 removals to 0 collections
19/12/2025 18:41:43.026 DEBUG o.h.internal.util.EntityPrinter - Listing entities:
19/12/2025 18:41:43.026 DEBUG o.h.internal.util.EntityPrinter - com.NeptuneWebAutheticator.Entity.Token{tokenId=34, tenantId=1, expirationDate=2025-12-19 19:32:05.765, token=8e2882cd-9b1c-48ce-ad01-a0e9312aba0d}
19/12/2025 18:41:43.026 DEBUG org.hibernate.SQL - select t1_0.tokenId,t1_0.expirationDate,t1_0.tenantId,t1_0.token from Token t1_0 where t1_0.token=?
19/12/2025 18:41:43.026 DEBUG o.m.jdbc.client.impl.StandardClient - execute query: select t1_0.tokenId,t1_0.expirationDate,t1_0.tenantId,t1_0.token from Token t1_0 where t1_0.token=?
19/12/2025 18:41:43.026 INFO  c.N.S.AuthenticationServiceImpl - 8e2882cd-9b1c-48ce-ad01-a0e9312aba0d
19/12/2025 18:41:43.026 INFO  c.N.S.AuthenticationServiceImpl - 2025-12-19T18:32:05.765Z 2025-12-19T17:41:43.026865900Z
19/12/2025 18:41:43.026 INFO  c.N.S.AuthenticationServiceImpl - data tokentrue
19/12/2025 18:41:43.026 INFO  c.N.S.AuthenticationServiceImpl - EXP_UTC=2025-12-19T18:32:05.765Z NOW_UTC=2025-12-19T17:41:43.026865900Z valid=true
19/12/2025 18:41:43.026 INFO  c.N.S.AuthenticationServiceImpl - EXP_Rome=2025-12-19T19:32:05.765+01:00[Europe/Rome] NOW_Rome=2025-12-19T18:41:43.026865900+01:00[Europe/Rome]
19/12/2025 18:41:43.026 DEBUG o.s.orm.jpa.JpaTransactionManager - Found thread-bound EntityManager [SessionImpl(1773975442<open>)] for JPA transaction
19/12/2025 18:41:43.026 DEBUG o.s.orm.jpa.JpaTransactionManager - Participating in existing transaction
19/12/2025 18:41:43.026 DEBUG org.hibernate.SQL - select t1_0.tenantId,t1_0.password,t1_0.role,t1_0.username from Tenants t1_0 where t1_0.tenantId=?
19/12/2025 18:41:43.026 DEBUG o.m.jdbc.client.impl.StandardClient - execute query: select t1_0.tenantId,t1_0.password,t1_0.role,t1_0.username from Tenants t1_0 where t1_0.tenantId=?
19/12/2025 18:41:43.026 DEBUG o.h.e.i.AbstractFlushingEventListener - Flushed: 0 insertions, 0 updates, 0 deletions to 2 objects
19/12/2025 18:41:43.026 DEBUG o.h.e.i.AbstractFlushingEventListener - Flushed: 0 (re)creations, 0 updates, 0 removals to 0 collections
19/12/2025 18:41:43.026 DEBUG o.h.internal.util.EntityPrinter - Listing entities:
19/12/2025 18:41:43.026 DEBUG o.h.internal.util.EntityPrinter - com.NeptuneWebAutheticator.Entity.Tenant{password=Zcssysadm, role=Administrator, tenantId=1, username=Administrator}
19/12/2025 18:41:43.026 DEBUG o.h.internal.util.EntityPrinter - com.NeptuneWebAutheticator.Entity.Token{tokenId=34, tenantId=1, expirationDate=2025-12-19 19:32:05.765, token=8e2882cd-9b1c-48ce-ad01-a0e9312aba0d}
19/12/2025 18:41:43.026 DEBUG org.hibernate.SQL - select m1_0.id,m1_0.ipAddress,m1_0.isTruckingOn,m1_0.machineId,m1_0.tenantId from Machines m1_0 where m1_0.tenantId=?
19/12/2025 18:41:43.026 DEBUG o.m.jdbc.client.impl.StandardClient - execute query: select m1_0.id,m1_0.ipAddress,m1_0.isTruckingOn,m1_0.machineId,m1_0.tenantId from Machines m1_0 where m1_0.tenantId=?
19/12/2025 18:41:43.026 DEBUG o.s.orm.jpa.JpaTransactionManager - Initiating transaction commit
19/12/2025 18:41:43.026 DEBUG o.s.orm.jpa.JpaTransactionManager - Committing JPA transaction on EntityManager [SessionImpl(1773975442<open>)]
19/12/2025 18:41:43.026 DEBUG o.h.e.t.internal.TransactionImpl - Committing transaction
19/12/2025 18:41:43.026 DEBUG o.h.e.i.AbstractFlushingEventListener - Flushed: 0 insertions, 0 updates, 0 deletions to 2 objects
19/12/2025 18:41:43.026 DEBUG o.h.e.i.AbstractFlushingEventListener - Flushed: 0 (re)creations, 0 updates, 0 removals to 0 collections
19/12/2025 18:41:43.026 DEBUG o.h.internal.util.EntityPrinter - Listing entities:
19/12/2025 18:41:43.026 DEBUG o.h.internal.util.EntityPrinter - com.NeptuneWebAutheticator.Entity.Tenant{password=Zcssysadm, role=Administrator, tenantId=1, username=Administrator}
19/12/2025 18:41:43.026 DEBUG o.h.internal.util.EntityPrinter - com.NeptuneWebAutheticator.Entity.Token{tokenId=34, tenantId=1, expirationDate=2025-12-19 19:32:05.765, token=8e2882cd-9b1c-48ce-ad01-a0e9312aba0d}
19/12/2025 18:41:43.026 DEBUG o.m.jdbc.client.impl.StandardClient - execute query: COMMIT
19/12/2025 18:41:43.026 DEBUG o.m.jdbc.client.impl.StandardClient - execute query: set autocommit=1
19/12/2025 18:41:43.026 DEBUG o.m.jdbc.message.server.OkPacket - System variable change:  autocommit = ON
19/12/2025 18:41:43.026 DEBUG o.s.orm.jpa.JpaTransactionManager - Closing JPA EntityManager after transaction
19/12/2025 18:41:43.026 DEBUG org.hibernate.session.metrics - HHH000401: Logging session metrics:
	20600 ns acquiring 1 JDBC connections
	0 ns releasing 0 JDBC connections
	75700 ns preparing 4 JDBC statements
	919400 ns executing 4 JDBC statements
	0 ns executing 0 JDBC batches
	0 ns performing 0 second-level cache puts
	0 ns performing 0 second-level cache hits
	0 ns performing 0 second-level cache misses
	253500 ns executing 1 flushes (flushing a total of 2 entities and 0 collections)
	39900 ns executing 3 pre-partial-flushes
	551000 ns executing 3 partial-flushes (flushing a total of 3 entities and 3 collections)

19/12/2025 18:41:43.026 DEBUG o.s.w.s.m.m.a.RequestResponseBodyMethodProcessor - Using 'application/json', given [*/*] and supported [application/json, application/*+json]
19/12/2025 18:41:43.026 DEBUG o.s.w.s.m.m.a.RequestResponseBodyMethodProcessor - Writing [[]]
19/12/2025 18:41:43.026 DEBUG o.s.web.servlet.DispatcherServlet - Completed 200 OK
19/12/2025 18:41:43.026 DEBUG o.s.s.w.a.AnonymousAuthenticationFilter - Set SecurityContextHolder to anonymous SecurityContext
19/12/2025 18:41:46.945 DEBUG com.zaxxer.hikari.pool.HikariPool - HikariPool-1 - keepalive: connection org.mariadb.jdbc.Connection@6e4b1f49 is alive
19/12/2025 18:41:49.947 DEBUG com.zaxxer.hikari.pool.HikariPool - HikariPool-1 - keepalive: connection org.mariadb.jdbc.Connection@7e935b6e is alive
19/12/2025 18:41:50.907 DEBUG o.s.security.web.FilterChainProxy - Securing OPTIONS /Machine
19/12/2025 18:41:50.909 DEBUG o.s.security.web.FilterChainProxy - Securing POST /Machine
19/12/2025 18:41:50.909 DEBUG o.s.security.web.FilterChainProxy - Secured POST /Machine
19/12/2025 18:41:50.909 DEBUG o.s.web.servlet.DispatcherServlet - POST "/Machine", parameters={}
19/12/2025 18:41:50.909 DEBUG o.s.w.s.m.m.a.RequestMappingHandlerMapping - Mapped to com.NeptuneWebAutheticator.Controller.MachineController#addMachine(HttpServletRequest, Map)
19/12/2025 18:41:50.910 DEBUG o.s.w.s.m.m.a.RequestResponseBodyMethodProcessor - Read "application/json;charset=utf-8" to [{MachineId=PTV_MACH900_02, IpValue=http://localhost:8081, isTruckingOn=1}]
19/12/2025 18:41:50.910 DEBUG o.s.orm.jpa.JpaTransactionManager - Creating new transaction with name [com.NeptuneWebAutheticator.Service.MachineServiceImpl.addMachine]: PROPAGATION_REQUIRED,ISOLATION_DEFAULT
19/12/2025 18:41:50.910 DEBUG o.s.orm.jpa.JpaTransactionManager - Opened new EntityManager [SessionImpl(1294428582<open>)] for JPA transaction
19/12/2025 18:41:50.910 DEBUG o.h.e.t.internal.TransactionImpl - Beginning transaction
19/12/2025 18:41:50.910 DEBUG o.m.jdbc.client.impl.StandardClient - execute query: set autocommit=0
19/12/2025 18:41:50.912 DEBUG o.m.jdbc.message.server.OkPacket - System variable change:  autocommit = OFF
19/12/2025 18:41:50.912 DEBUG o.s.orm.jpa.JpaTransactionManager - Exposing JPA transaction as JDBC [org.springframework.orm.jpa.vendor.HibernateJpaDialect$HibernateConnectionHandle@4054289]
19/12/2025 18:41:50.912 INFO  c.N.S.AuthenticationServiceImpl - entro
19/12/2025 18:41:50.912 INFO  c.N.S.AuthenticationServiceImpl - step1
19/12/2025 18:41:50.912 INFO  c.N.S.AuthenticationServiceImpl - step2
19/12/2025 18:41:50.912 DEBUG org.hibernate.SQL - select t1_0.tokenId,t1_0.expirationDate,t1_0.tenantId,t1_0.token from Token t1_0 where t1_0.token=?
19/12/2025 18:41:50.912 DEBUG o.m.jdbc.client.impl.StandardClient - execute query: select t1_0.tokenId,t1_0.expirationDate,t1_0.tenantId,t1_0.token from Token t1_0 where t1_0.token=?
19/12/2025 18:41:50.913 INFO  c.N.S.AuthenticationServiceImpl - step3
19/12/2025 18:41:50.913 INFO  c.N.S.AuthenticationServiceImpl - 8e2882cd-9b1c-48ce-ad01-a0e9312aba0d
19/12/2025 18:41:50.913 INFO  c.N.S.AuthenticationServiceImpl - 2025-12-19T18:32:05.765Z 2025-12-19T17:41:50.913375800Z
19/12/2025 18:41:50.913 INFO  c.N.S.AuthenticationServiceImpl - data tokentrue
19/12/2025 18:41:50.913 INFO  c.N.S.AuthenticationServiceImpl - EXP_UTC=2025-12-19T18:32:05.765Z NOW_UTC=2025-12-19T17:41:50.913375800Z valid=true
19/12/2025 18:41:50.913 INFO  c.N.S.AuthenticationServiceImpl - EXP_Rome=2025-12-19T19:32:05.765+01:00[Europe/Rome] NOW_Rome=2025-12-19T18:41:50.913375800+01:00[Europe/Rome]
19/12/2025 18:41:50.914 DEBUG o.h.e.i.AbstractFlushingEventListener - Flushed: 0 insertions, 0 updates, 0 deletions to 1 objects
19/12/2025 18:41:50.914 DEBUG o.h.e.i.AbstractFlushingEventListener - Flushed: 0 (re)creations, 0 updates, 0 removals to 0 collections
19/12/2025 18:41:50.914 DEBUG o.h.internal.util.EntityPrinter - Listing entities:
19/12/2025 18:41:50.914 DEBUG o.h.internal.util.EntityPrinter - com.NeptuneWebAutheticator.Entity.Token{tokenId=34, tenantId=1, expirationDate=2025-12-19 19:32:05.765, token=8e2882cd-9b1c-48ce-ad01-a0e9312aba0d}
19/12/2025 18:41:50.914 DEBUG org.hibernate.SQL - select t1_0.tokenId,t1_0.expirationDate,t1_0.tenantId,t1_0.token from Token t1_0 where t1_0.token=?
19/12/2025 18:41:50.914 DEBUG o.m.jdbc.client.impl.StandardClient - execute query: select t1_0.tokenId,t1_0.expirationDate,t1_0.tenantId,t1_0.token from Token t1_0 where t1_0.token=?
19/12/2025 18:41:50.914 INFO  c.N.S.AuthenticationServiceImpl - 8e2882cd-9b1c-48ce-ad01-a0e9312aba0d
19/12/2025 18:41:50.915 INFO  c.N.S.AuthenticationServiceImpl - 2025-12-19T18:32:05.765Z 2025-12-19T17:41:50.915803900Z
19/12/2025 18:41:50.915 INFO  c.N.S.AuthenticationServiceImpl - data tokentrue
19/12/2025 18:41:50.915 INFO  c.N.S.AuthenticationServiceImpl - EXP_UTC=2025-12-19T18:32:05.765Z NOW_UTC=2025-12-19T17:41:50.915803900Z valid=true
19/12/2025 18:41:50.915 INFO  c.N.S.AuthenticationServiceImpl - EXP_Rome=2025-12-19T19:32:05.765+01:00[Europe/Rome] NOW_Rome=2025-12-19T18:41:50.915803900+01:00[Europe/Rome]
19/12/2025 18:41:50.915 DEBUG o.s.orm.jpa.JpaTransactionManager - Found thread-bound EntityManager [SessionImpl(1294428582<open>)] for JPA transaction
19/12/2025 18:41:50.915 DEBUG o.s.orm.jpa.JpaTransactionManager - Participating in existing transaction
19/12/2025 18:41:50.915 DEBUG org.hibernate.SQL - select t1_0.tenantId,t1_0.password,t1_0.role,t1_0.username from Tenants t1_0 where t1_0.tenantId=?
19/12/2025 18:41:50.915 DEBUG o.m.jdbc.client.impl.StandardClient - execute query: select t1_0.tenantId,t1_0.password,t1_0.role,t1_0.username from Tenants t1_0 where t1_0.tenantId=?
19/12/2025 18:41:50.916 DEBUG o.h.e.i.AbstractFlushingEventListener - Flushed: 0 insertions, 0 updates, 0 deletions to 2 objects
19/12/2025 18:41:50.916 DEBUG o.h.e.i.AbstractFlushingEventListener - Flushed: 0 (re)creations, 0 updates, 0 removals to 0 collections
19/12/2025 18:41:50.916 DEBUG o.h.internal.util.EntityPrinter - Listing entities:
19/12/2025 18:41:50.916 DEBUG o.h.internal.util.EntityPrinter - com.NeptuneWebAutheticator.Entity.Tenant{password=Zcssysadm, role=Administrator, tenantId=1, username=Administrator}
19/12/2025 18:41:50.916 DEBUG o.h.internal.util.EntityPrinter - com.NeptuneWebAutheticator.Entity.Token{tokenId=34, tenantId=1, expirationDate=2025-12-19 19:32:05.765, token=8e2882cd-9b1c-48ce-ad01-a0e9312aba0d}
19/12/2025 18:41:50.917 DEBUG org.hibernate.SQL - select m1_0.id,m1_0.ipAddress,m1_0.isTruckingOn,m1_0.machineId,m1_0.tenantId from Machines m1_0 where m1_0.machineId=? and m1_0.tenantId=?
19/12/2025 18:41:50.917 DEBUG o.m.jdbc.client.impl.StandardClient - execute query: select m1_0.id,m1_0.ipAddress,m1_0.isTruckingOn,m1_0.machineId,m1_0.tenantId from Machines m1_0 where m1_0.machineId=? and m1_0.tenantId=?
19/12/2025 18:41:50.917 DEBUG o.s.orm.jpa.JpaTransactionManager - Found thread-bound EntityManager [SessionImpl(1294428582<open>)] for JPA transaction
19/12/2025 18:41:50.917 DEBUG o.s.orm.jpa.JpaTransactionManager - Participating in existing transaction
19/12/2025 18:41:50.918 DEBUG org.hibernate.SQL - insert into Machines (ipAddress,isTruckingOn,machineId,tenantId) values (?,?,?,?)
19/12/2025 18:41:50.918 DEBUG o.m.jdbc.client.impl.StandardClient - execute query: insert into Machines (ipAddress,isTruckingOn,machineId,tenantId) values (?,?,?,?)
19/12/2025 18:41:50.918 DEBUG o.h.id.IdentifierGeneratorHelper - Extracted generated values for entity [com.NeptuneWebAutheticator.Entity.Machine]: [7]
19/12/2025 18:41:50.918 DEBUG o.s.orm.jpa.JpaTransactionManager - Initiating transaction commit
19/12/2025 18:41:50.918 DEBUG o.s.orm.jpa.JpaTransactionManager - Committing JPA transaction on EntityManager [SessionImpl(1294428582<open>)]
19/12/2025 18:41:50.918 DEBUG o.h.e.t.internal.TransactionImpl - Committing transaction
19/12/2025 18:41:50.919 DEBUG o.h.e.i.AbstractFlushingEventListener - Flushed: 0 insertions, 0 updates, 0 deletions to 3 objects
19/12/2025 18:41:50.919 DEBUG o.h.e.i.AbstractFlushingEventListener - Flushed: 0 (re)creations, 0 updates, 0 removals to 0 collections
19/12/2025 18:41:50.919 DEBUG o.h.internal.util.EntityPrinter - Listing entities:
19/12/2025 18:41:50.919 DEBUG o.h.internal.util.EntityPrinter - com.NeptuneWebAutheticator.Entity.Tenant{password=Zcssysadm, role=Administrator, tenantId=1, username=Administrator}
19/12/2025 18:41:50.919 DEBUG o.h.internal.util.EntityPrinter - com.NeptuneWebAutheticator.Entity.Token{tokenId=34, tenantId=1, expirationDate=2025-12-19 19:32:05.765, token=8e2882cd-9b1c-48ce-ad01-a0e9312aba0d}
19/12/2025 18:41:50.919 DEBUG o.h.internal.util.EntityPrinter - com.NeptuneWebAutheticator.Entity.Machine{isTruckingOn=true, machineId=PTV_MACH900_02, ipAddress=http://localhost:8081, id=7, tenant=com.NeptuneWebAutheticator.Entity.Tenant#1}
19/12/2025 18:41:50.919 DEBUG o.m.jdbc.client.impl.StandardClient - execute query: COMMIT
19/12/2025 18:41:50.921 DEBUG o.m.jdbc.client.impl.StandardClient - execute query: set autocommit=1
19/12/2025 18:41:50.922 DEBUG o.m.jdbc.message.server.OkPacket - System variable change:  autocommit = ON
19/12/2025 18:41:50.922 DEBUG o.s.orm.jpa.JpaTransactionManager - Closing JPA EntityManager after transaction
19/12/2025 18:41:50.922 DEBUG org.hibernate.session.metrics - HHH000401: Logging session metrics:
	243700 ns acquiring 1 JDBC connections
	0 ns releasing 0 JDBC connections
	163200 ns preparing 5 JDBC statements
	1794800 ns executing 5 JDBC statements
	0 ns executing 0 JDBC batches
	0 ns performing 0 second-level cache puts
	0 ns performing 0 second-level cache hits
	0 ns performing 0 second-level cache misses
	565800 ns executing 1 flushes (flushing a total of 3 entities and 0 collections)
	81900 ns executing 3 pre-partial-flushes
	833700 ns executing 3 partial-flushes (flushing a total of 3 entities and 3 collections)

19/12/2025 18:41:50.922 DEBUG o.s.w.s.m.m.a.HttpEntityMethodProcessor - Using 'application/json', given [application/json] and supported [text/plain, */*, application/json, application/*+json]
19/12/2025 18:41:50.922 DEBUG o.s.w.s.m.m.a.HttpEntityMethodProcessor - Writing ["Macchina aggiunta con successo"]
19/12/2025 18:41:50.923 DEBUG o.s.web.servlet.DispatcherServlet - Completed 200 OK
19/12/2025 18:41:50.923 DEBUG o.s.s.w.a.AnonymousAuthenticationFilter - Set SecurityContextHolder to anonymous SecurityContext
19/12/2025 18:41:50.927 DEBUG o.s.security.web.FilterChainProxy - Securing GET /Machine
19/12/2025 18:41:50.928 DEBUG o.s.security.web.FilterChainProxy - Secured GET /Machine
19/12/2025 18:41:50.928 DEBUG o.s.web.servlet.DispatcherServlet - GET "/Machine", parameters={}
19/12/2025 18:41:50.928 DEBUG o.s.w.s.m.m.a.RequestMappingHandlerMapping - Mapped to com.NeptuneWebAutheticator.Controller.MachineController#getMachines(HttpServletRequest)
19/12/2025 18:41:50.928 DEBUG o.s.orm.jpa.JpaTransactionManager - Creating new transaction with name [com.NeptuneWebAutheticator.Service.MachineServiceImpl.getMachinesByTenantId]: PROPAGATION_REQUIRED,ISOLATION_DEFAULT
19/12/2025 18:41:50.929 DEBUG o.s.orm.jpa.JpaTransactionManager - Opened new EntityManager [SessionImpl(553392835<open>)] for JPA transaction
19/12/2025 18:41:50.929 DEBUG o.h.e.t.internal.TransactionImpl - Beginning transaction
19/12/2025 18:41:50.929 DEBUG o.m.jdbc.client.impl.StandardClient - execute query: set autocommit=0
19/12/2025 18:41:50.929 DEBUG o.m.jdbc.message.server.OkPacket - System variable change:  autocommit = OFF
19/12/2025 18:41:50.929 DEBUG o.s.orm.jpa.JpaTransactionManager - Exposing JPA transaction as JDBC [org.springframework.orm.jpa.vendor.HibernateJpaDialect$HibernateConnectionHandle@598aa01a]
19/12/2025 18:41:50.929 INFO  c.N.S.AuthenticationServiceImpl - entro
19/12/2025 18:41:50.929 INFO  c.N.S.AuthenticationServiceImpl - step1
19/12/2025 18:41:50.929 INFO  c.N.S.AuthenticationServiceImpl - step2
19/12/2025 18:41:50.930 DEBUG org.hibernate.SQL - select t1_0.tokenId,t1_0.expirationDate,t1_0.tenantId,t1_0.token from Token t1_0 where t1_0.token=?
19/12/2025 18:41:50.930 DEBUG o.m.jdbc.client.impl.StandardClient - execute query: select t1_0.tokenId,t1_0.expirationDate,t1_0.tenantId,t1_0.token from Token t1_0 where t1_0.token=?
19/12/2025 18:41:50.931 INFO  c.N.S.AuthenticationServiceImpl - step3
19/12/2025 18:41:50.931 INFO  c.N.S.AuthenticationServiceImpl - 8e2882cd-9b1c-48ce-ad01-a0e9312aba0d
19/12/2025 18:41:50.931 INFO  c.N.S.AuthenticationServiceImpl - 2025-12-19T18:32:05.765Z 2025-12-19T17:41:50.931800Z
19/12/2025 18:41:50.931 INFO  c.N.S.AuthenticationServiceImpl - data tokentrue
19/12/2025 18:41:50.931 INFO  c.N.S.AuthenticationServiceImpl - EXP_UTC=2025-12-19T18:32:05.765Z NOW_UTC=2025-12-19T17:41:50.931800Z valid=true
19/12/2025 18:41:50.931 INFO  c.N.S.AuthenticationServiceImpl - EXP_Rome=2025-12-19T19:32:05.765+01:00[Europe/Rome] NOW_Rome=2025-12-19T18:41:50.931800+01:00[Europe/Rome]
19/12/2025 18:41:50.931 DEBUG o.h.e.i.AbstractFlushingEventListener - Flushed: 0 insertions, 0 updates, 0 deletions to 1 objects
19/12/2025 18:41:50.931 DEBUG o.h.e.i.AbstractFlushingEventListener - Flushed: 0 (re)creations, 0 updates, 0 removals to 0 collections
19/12/2025 18:41:50.931 DEBUG o.h.internal.util.EntityPrinter - Listing entities:
19/12/2025 18:41:50.931 DEBUG o.h.internal.util.EntityPrinter - com.NeptuneWebAutheticator.Entity.Token{tokenId=34, tenantId=1, expirationDate=2025-12-19 19:32:05.765, token=8e2882cd-9b1c-48ce-ad01-a0e9312aba0d}
19/12/2025 18:41:50.932 DEBUG org.hibernate.SQL - select t1_0.tokenId,t1_0.expirationDate,t1_0.tenantId,t1_0.token from Token t1_0 where t1_0.token=?
19/12/2025 18:41:50.932 DEBUG o.m.jdbc.client.impl.StandardClient - execute query: select t1_0.tokenId,t1_0.expirationDate,t1_0.tenantId,t1_0.token from Token t1_0 where t1_0.token=?
19/12/2025 18:41:50.932 INFO  c.N.S.AuthenticationServiceImpl - 8e2882cd-9b1c-48ce-ad01-a0e9312aba0d
19/12/2025 18:41:50.932 INFO  c.N.S.AuthenticationServiceImpl - 2025-12-19T18:32:05.765Z 2025-12-19T17:41:50.932799700Z
19/12/2025 18:41:50.932 INFO  c.N.S.AuthenticationServiceImpl - data tokentrue
19/12/2025 18:41:50.932 INFO  c.N.S.AuthenticationServiceImpl - EXP_UTC=2025-12-19T18:32:05.765Z NOW_UTC=2025-12-19T17:41:50.932799700Z valid=true
19/12/2025 18:41:50.932 INFO  c.N.S.AuthenticationServiceImpl - EXP_Rome=2025-12-19T19:32:05.765+01:00[Europe/Rome] NOW_Rome=2025-12-19T18:41:50.932799700+01:00[Europe/Rome]
19/12/2025 18:41:50.932 DEBUG o.s.orm.jpa.JpaTransactionManager - Found thread-bound EntityManager [SessionImpl(553392835<open>)] for JPA transaction
19/12/2025 18:41:50.932 DEBUG o.s.orm.jpa.JpaTransactionManager - Participating in existing transaction
19/12/2025 18:41:50.933 DEBUG org.hibernate.SQL - select t1_0.tenantId,t1_0.password,t1_0.role,t1_0.username from Tenants t1_0 where t1_0.tenantId=?
19/12/2025 18:41:50.933 DEBUG o.m.jdbc.client.impl.StandardClient - execute query: select t1_0.tenantId,t1_0.password,t1_0.role,t1_0.username from Tenants t1_0 where t1_0.tenantId=?
19/12/2025 18:41:50.934 DEBUG o.h.e.i.AbstractFlushingEventListener - Flushed: 0 insertions, 0 updates, 0 deletions to 2 objects
19/12/2025 18:41:50.934 DEBUG o.h.e.i.AbstractFlushingEventListener - Flushed: 0 (re)creations, 0 updates, 0 removals to 0 collections
19/12/2025 18:41:50.934 DEBUG o.h.internal.util.EntityPrinter - Listing entities:
19/12/2025 18:41:50.934 DEBUG o.h.internal.util.EntityPrinter - com.NeptuneWebAutheticator.Entity.Tenant{password=Zcssysadm, role=Administrator, tenantId=1, username=Administrator}
19/12/2025 18:41:50.934 DEBUG o.h.internal.util.EntityPrinter - com.NeptuneWebAutheticator.Entity.Token{tokenId=34, tenantId=1, expirationDate=2025-12-19 19:32:05.765, token=8e2882cd-9b1c-48ce-ad01-a0e9312aba0d}
19/12/2025 18:41:50.934 DEBUG org.hibernate.SQL - select m1_0.id,m1_0.ipAddress,m1_0.isTruckingOn,m1_0.machineId,m1_0.tenantId from Machines m1_0 where m1_0.tenantId=?
19/12/2025 18:41:50.934 DEBUG o.m.jdbc.client.impl.StandardClient - execute query: select m1_0.id,m1_0.ipAddress,m1_0.isTruckingOn,m1_0.machineId,m1_0.tenantId from Machines m1_0 where m1_0.tenantId=?
19/12/2025 18:41:50.935 DEBUG o.s.orm.jpa.JpaTransactionManager - Initiating transaction commit
19/12/2025 18:41:50.935 DEBUG o.s.orm.jpa.JpaTransactionManager - Committing JPA transaction on EntityManager [SessionImpl(553392835<open>)]
19/12/2025 18:41:50.935 DEBUG o.h.e.t.internal.TransactionImpl - Committing transaction
19/12/2025 18:41:50.935 DEBUG o.h.e.i.AbstractFlushingEventListener - Flushed: 0 insertions, 0 updates, 0 deletions to 3 objects
19/12/2025 18:41:50.935 DEBUG o.h.e.i.AbstractFlushingEventListener - Flushed: 0 (re)creations, 0 updates, 0 removals to 0 collections
19/12/2025 18:41:50.935 DEBUG o.h.internal.util.EntityPrinter - Listing entities:
19/12/2025 18:41:50.935 DEBUG o.h.internal.util.EntityPrinter - com.NeptuneWebAutheticator.Entity.Tenant{password=Zcssysadm, role=Administrator, tenantId=1, username=Administrator}
19/12/2025 18:41:50.935 DEBUG o.h.internal.util.EntityPrinter - com.NeptuneWebAutheticator.Entity.Token{tokenId=34, tenantId=1, expirationDate=2025-12-19 19:32:05.765, token=8e2882cd-9b1c-48ce-ad01-a0e9312aba0d}
19/12/2025 18:41:50.935 DEBUG o.h.internal.util.EntityPrinter - com.NeptuneWebAutheticator.Entity.Machine{isTruckingOn=true, machineId=PTV_MACH900_02, ipAddress=http://localhost:8081, id=7, tenant=com.NeptuneWebAutheticator.Entity.Tenant#1}
19/12/2025 18:41:50.935 DEBUG o.m.jdbc.client.impl.StandardClient - execute query: COMMIT
19/12/2025 18:41:50.935 DEBUG o.m.jdbc.client.impl.StandardClient - execute query: set autocommit=1
19/12/2025 18:41:50.936 DEBUG o.m.jdbc.message.server.OkPacket - System variable change:  autocommit = ON
19/12/2025 18:41:50.936 DEBUG o.s.orm.jpa.JpaTransactionManager - Closing JPA EntityManager after transaction
19/12/2025 18:41:50.936 DEBUG org.hibernate.session.metrics - HHH000401: Logging session metrics:
	21700 ns acquiring 1 JDBC connections
	0 ns releasing 0 JDBC connections
	94400 ns preparing 4 JDBC statements
	1206200 ns executing 4 JDBC statements
	0 ns executing 0 JDBC batches
	0 ns performing 0 second-level cache puts
	0 ns performing 0 second-level cache hits
	0 ns performing 0 second-level cache misses
	458800 ns executing 1 flushes (flushing a total of 3 entities and 0 collections)
	58500 ns executing 3 pre-partial-flushes
	713900 ns executing 3 partial-flushes (flushing a total of 3 entities and 3 collections)

19/12/2025 18:41:50.936 DEBUG o.s.w.s.m.m.a.RequestResponseBodyMethodProcessor - Using 'application/json', given [*/*] and supported [application/json, application/*+json]
19/12/2025 18:41:50.936 DEBUG o.s.w.s.m.m.a.RequestResponseBodyMethodProcessor - Writing [[MachineDTO(machineid=PTV_MACH900_02, ip_address=http://localhost:8081, isTruckingOn=true)]]
19/12/2025 18:41:50.937 DEBUG o.s.web.servlet.DispatcherServlet - Completed 200 OK
19/12/2025 18:41:50.937 DEBUG o.s.s.w.a.AnonymousAuthenticationFilter - Set SecurityContextHolder to anonymous SecurityContext
19/12/2025 18:41:51.383 DEBUG com.zaxxer.hikari.pool.HikariPool - HikariPool-1 - Pool stats (total=10/10, idle=10/10, active=0, waiting=0)
19/12/2025 18:41:51.383 DEBUG com.zaxxer.hikari.pool.HikariPool - HikariPool-1 - Fill pool skipped, pool has sufficient level or currently being filled.
19/12/2025 18:41:51.604 DEBUG com.zaxxer.hikari.pool.HikariPool - HikariPool-1 - keepalive: connection org.mariadb.jdbc.Connection@1f75fd1d is alive
19/12/2025 18:42:14.163 DEBUG com.zaxxer.hikari.pool.HikariPool - HikariPool-1 - keepalive: connection org.mariadb.jdbc.Connection@6a0585a3 is alive
19/12/2025 18:42:21.399 DEBUG com.zaxxer.hikari.pool.HikariPool - HikariPool-1 - Pool stats (total=10/10, idle=10/10, active=0, waiting=0)
19/12/2025 18:42:21.399 DEBUG com.zaxxer.hikari.pool.HikariPool - HikariPool-1 - Fill pool skipped, pool has sufficient level or currently being filled.
19/12/2025 18:42:25.084 DEBUG com.zaxxer.hikari.pool.HikariPool - HikariPool-1 - keepalive: connection org.mariadb.jdbc.Connection@6b26c1a3 is alive
19/12/2025 18:42:51.412 DEBUG com.zaxxer.hikari.pool.HikariPool - HikariPool-1 - Pool stats (total=10/10, idle=10/10, active=0, waiting=0)
19/12/2025 18:42:51.412 DEBUG com.zaxxer.hikari.pool.HikariPool - HikariPool-1 - Fill pool skipped, pool has sufficient level or currently being filled.
19/12/2025 18:43:11.271 DEBUG com.zaxxer.hikari.pool.HikariPool - HikariPool-1 - keepalive: connection org.mariadb.jdbc.Connection@6d57c4fe is alive
19/12/2025 18:43:12.159 DEBUG com.zaxxer.hikari.pool.HikariPool - HikariPool-1 - keepalive: connection org.mariadb.jdbc.Connection@1c2d84e7 is alive
19/12/2025 18:43:16.717 DEBUG com.zaxxer.hikari.pool.HikariPool - HikariPool-1 - keepalive: connection org.mariadb.jdbc.Connection@e64e006 is alive
19/12/2025 18:43:21.417 DEBUG com.zaxxer.hikari.pool.HikariPool - HikariPool-1 - Pool stats (total=10/10, idle=10/10, active=0, waiting=0)
19/12/2025 18:43:21.417 DEBUG com.zaxxer.hikari.pool.HikariPool - HikariPool-1 - Fill pool skipped, pool has sufficient level or currently being filled.
19/12/2025 18:43:25.600 DEBUG com.zaxxer.hikari.pool.HikariPool - HikariPool-1 - keepalive: connection org.mariadb.jdbc.Connection@2a240461 is alive
19/12/2025 18:43:26.225 DEBUG com.zaxxer.hikari.pool.HikariPool - HikariPool-1 - keepalive: connection org.mariadb.jdbc.Connection@6e4b1f49 is alive
19/12/2025 18:43:31.689 DEBUG com.zaxxer.hikari.pool.HikariPool - HikariPool-1 - keepalive: connection org.mariadb.jdbc.Connection@1f75fd1d is alive
19/12/2025 18:43:40.237 DEBUG com.zaxxer.hikari.pool.HikariPool - HikariPool-1 - keepalive: connection org.mariadb.jdbc.Connection@b9f431d is alive
19/12/2025 18:43:49.664 DEBUG com.zaxxer.hikari.pool.HikariPool - HikariPool-1 - keepalive: connection org.mariadb.jdbc.Connection@7e935b6e is alive
19/12/2025 18:43:51.430 DEBUG com.zaxxer.hikari.pool.HikariPool - HikariPool-1 - Pool stats (total=10/10, idle=10/10, active=0, waiting=0)
19/12/2025 18:43:51.430 DEBUG com.zaxxer.hikari.pool.HikariPool - HikariPool-1 - Fill pool skipped, pool has sufficient level or currently being filled.
19/12/2025 18:43:57.961 DEBUG com.zaxxer.hikari.pool.HikariPool - HikariPool-1 - keepalive: connection org.mariadb.jdbc.Connection@6a0585a3 is alive
19/12/2025 18:44:10.667 DEBUG com.zaxxer.hikari.pool.HikariPool - HikariPool-1 - keepalive: connection org.mariadb.jdbc.Connection@6b26c1a3 is alive
19/12/2025 18:44:21.431 DEBUG com.zaxxer.hikari.pool.HikariPool - HikariPool-1 - Pool stats (total=10/10, idle=10/10, active=0, waiting=0)
19/12/2025 18:44:21.431 DEBUG com.zaxxer.hikari.pool.HikariPool - HikariPool-1 - Fill pool skipped, pool has sufficient level or currently being filled.
19/12/2025 18:44:48.376 DEBUG com.zaxxer.hikari.pool.HikariPool - HikariPool-1 - keepalive: connection org.mariadb.jdbc.Connection@6d57c4fe is alive
19/12/2025 18:44:49.391 DEBUG com.zaxxer.hikari.pool.HikariPool - HikariPool-1 - keepalive: connection org.mariadb.jdbc.Connection@1c2d84e7 is alive
19/12/2025 18:44:51.445 DEBUG com.zaxxer.hikari.pool.HikariPool - HikariPool-1 - Pool stats (total=10/10, idle=10/10, active=0, waiting=0)
19/12/2025 18:44:51.445 DEBUG com.zaxxer.hikari.pool.HikariPool - HikariPool-1 - Fill pool skipped, pool has sufficient level or currently being filled.
19/12/2025 18:45:05.508 DEBUG com.zaxxer.hikari.pool.HikariPool - HikariPool-1 - keepalive: connection org.mariadb.jdbc.Connection@6e4b1f49 is alive
19/12/2025 18:45:10.974 DEBUG com.zaxxer.hikari.pool.HikariPool - HikariPool-1 - keepalive: connection org.mariadb.jdbc.Connection@e64e006 is alive
19/12/2025 18:45:11.765 DEBUG com.zaxxer.hikari.pool.HikariPool - HikariPool-1 - keepalive: connection org.mariadb.jdbc.Connection@1f75fd1d is alive
19/12/2025 18:45:21.286 DEBUG com.zaxxer.hikari.pool.HikariPool - HikariPool-1 - keepalive: connection org.mariadb.jdbc.Connection@2a240461 is alive
19/12/2025 18:45:21.458 DEBUG com.zaxxer.hikari.pool.HikariPool - HikariPool-1 - Pool stats (total=10/10, idle=10/10, active=0, waiting=0)
19/12/2025 18:45:21.458 DEBUG com.zaxxer.hikari.pool.HikariPool - HikariPool-1 - Fill pool skipped, pool has sufficient level or currently being filled.
19/12/2025 18:45:38.377 DEBUG com.zaxxer.hikari.pool.HikariPool - HikariPool-1 - keepalive: connection org.mariadb.jdbc.Connection@b9f431d is alive
19/12/2025 18:45:41.763 DEBUG com.zaxxer.hikari.pool.HikariPool - HikariPool-1 - keepalive: connection org.mariadb.jdbc.Connection@6a0585a3 is alive
19/12/2025 18:45:49.373 DEBUG com.zaxxer.hikari.pool.HikariPool - HikariPool-1 - keepalive: connection org.mariadb.jdbc.Connection@7e935b6e is alive
19/12/2025 18:45:51.467 DEBUG com.zaxxer.hikari.pool.HikariPool - HikariPool-1 - Pool stats (total=10/10, idle=10/10, active=0, waiting=0)
19/12/2025 18:45:51.467 DEBUG com.zaxxer.hikari.pool.HikariPool - HikariPool-1 - Fill pool skipped, pool has sufficient level or currently being filled.
19/12/2025 18:45:56.250 DEBUG com.zaxxer.hikari.pool.HikariPool - HikariPool-1 - keepalive: connection org.mariadb.jdbc.Connection@6b26c1a3 is alive
19/12/2025 18:46:21.491 DEBUG com.zaxxer.hikari.pool.HikariPool - HikariPool-1 - Pool stats (total=10/10, idle=10/10, active=0, waiting=0)
19/12/2025 18:46:21.491 DEBUG com.zaxxer.hikari.pool.HikariPool - HikariPool-1 - Fill pool skipped, pool has sufficient level or currently being filled.
19/12/2025 18:46:25.491 DEBUG com.zaxxer.hikari.pool.HikariPool - HikariPool-1 - keepalive: connection org.mariadb.jdbc.Connection@6d57c4fe is alive
19/12/2025 18:46:26.616 DEBUG com.zaxxer.hikari.pool.HikariPool - HikariPool-1 - keepalive: connection org.mariadb.jdbc.Connection@1c2d84e7 is alive
19/12/2025 18:46:44.790 DEBUG com.zaxxer.hikari.pool.HikariPool - HikariPool-1 - keepalive: connection org.mariadb.jdbc.Connection@6e4b1f49 is alive
19/12/2025 18:46:51.504 DEBUG com.zaxxer.hikari.pool.HikariPool - HikariPool-1 - Pool stats (total=10/10, idle=10/10, active=0, waiting=0)
19/12/2025 18:46:51.504 DEBUG com.zaxxer.hikari.pool.HikariPool - HikariPool-1 - Fill pool skipped, pool has sufficient level or currently being filled.
19/12/2025 18:46:51.846 DEBUG com.zaxxer.hikari.pool.HikariPool - HikariPool-1 - keepalive: connection org.mariadb.jdbc.Connection@1f75fd1d is alive
19/12/2025 18:47:05.231 DEBUG com.zaxxer.hikari.pool.HikariPool - HikariPool-1 - keepalive: connection org.mariadb.jdbc.Connection@e64e006 is alive
19/12/2025 18:47:16.973 DEBUG com.zaxxer.hikari.pool.HikariPool - HikariPool-1 - keepalive: connection org.mariadb.jdbc.Connection@2a240461 is alive
19/12/2025 18:47:21.514 DEBUG com.zaxxer.hikari.pool.HikariPool - HikariPool-1 - Pool stats (total=10/10, idle=10/10, active=0, waiting=0)
19/12/2025 18:47:21.514 DEBUG com.zaxxer.hikari.pool.HikariPool - HikariPool-1 - Fill pool skipped, pool has sufficient level or currently being filled.
19/12/2025 18:47:25.562 DEBUG com.zaxxer.hikari.pool.HikariPool - HikariPool-1 - keepalive: connection org.mariadb.jdbc.Connection@6a0585a3 is alive
19/12/2025 18:47:36.507 DEBUG com.zaxxer.hikari.pool.HikariPool - HikariPool-1 - keepalive: connection org.mariadb.jdbc.Connection@b9f431d is alive
19/12/2025 18:47:41.827 DEBUG com.zaxxer.hikari.pool.HikariPool - HikariPool-1 - keepalive: connection org.mariadb.jdbc.Connection@6b26c1a3 is alive
19/12/2025 18:47:49.081 DEBUG com.zaxxer.hikari.pool.HikariPool - HikariPool-1 - keepalive: connection org.mariadb.jdbc.Connection@7e935b6e is alive
19/12/2025 18:47:51.528 DEBUG com.zaxxer.hikari.pool.HikariPool - HikariPool-1 - Pool stats (total=10/10, idle=10/10, active=0, waiting=0)
19/12/2025 18:47:51.528 DEBUG com.zaxxer.hikari.pool.HikariPool - HikariPool-1 - Fill pool skipped, pool has sufficient level or currently being filled.
19/12/2025 18:48:02.598 DEBUG com.zaxxer.hikari.pool.HikariPool - HikariPool-1 - keepalive: connection org.mariadb.jdbc.Connection@6d57c4fe is alive
19/12/2025 18:48:03.842 DEBUG com.zaxxer.hikari.pool.HikariPool - HikariPool-1 - keepalive: connection org.mariadb.jdbc.Connection@1c2d84e7 is alive
19/12/2025 18:48:21.528 DEBUG com.zaxxer.hikari.pool.HikariPool - HikariPool-1 - Pool stats (total=10/10, idle=10/10, active=0, waiting=0)
19/12/2025 18:48:21.528 DEBUG com.zaxxer.hikari.pool.HikariPool - HikariPool-1 - Fill pool skipped, pool has sufficient level or currently being filled.
19/12/2025 18:48:24.064 DEBUG com.zaxxer.hikari.pool.HikariPool - HikariPool-1 - keepalive: connection org.mariadb.jdbc.Connection@6e4b1f49 is alive
19/12/2025 18:48:31.927 DEBUG com.zaxxer.hikari.pool.HikariPool - HikariPool-1 - keepalive: connection org.mariadb.jdbc.Connection@1f75fd1d is alive
19/12/2025 18:48:51.533 DEBUG com.zaxxer.hikari.pool.HikariPool - HikariPool-1 - Pool stats (total=10/10, idle=10/10, active=0, waiting=0)
19/12/2025 18:48:51.533 DEBUG com.zaxxer.hikari.pool.HikariPool - HikariPool-1 - Fill pool skipped, pool has sufficient level or currently being filled.
19/12/2025 18:48:59.475 DEBUG com.zaxxer.hikari.pool.HikariPool - HikariPool-1 - keepalive: connection org.mariadb.jdbc.Connection@e64e006 is alive
19/12/2025 18:49:09.368 DEBUG com.zaxxer.hikari.pool.HikariPool - HikariPool-1 - keepalive: connection org.mariadb.jdbc.Connection@6a0585a3 is alive
19/12/2025 18:49:12.663 DEBUG com.zaxxer.hikari.pool.HikariPool - HikariPool-1 - keepalive: connection org.mariadb.jdbc.Connection@2a240461 is alive
19/12/2025 18:49:21.537 DEBUG com.zaxxer.hikari.pool.HikariPool - HikariPool-1 - Pool stats (total=10/10, idle=10/10, active=0, waiting=0)
19/12/2025 18:49:21.537 DEBUG com.zaxxer.hikari.pool.HikariPool - HikariPool-1 - Fill pool skipped, pool has sufficient level or currently being filled.
19/12/2025 18:49:27.409 DEBUG com.zaxxer.hikari.pool.HikariPool - HikariPool-1 - keepalive: connection org.mariadb.jdbc.Connection@6b26c1a3 is alive
19/12/2025 18:49:34.648 DEBUG com.zaxxer.hikari.pool.HikariPool - HikariPool-1 - keepalive: connection org.mariadb.jdbc.Connection@b9f431d is alive
19/12/2025 18:49:39.707 DEBUG com.zaxxer.hikari.pool.HikariPool - HikariPool-1 - keepalive: connection org.mariadb.jdbc.Connection@6d57c4fe is alive
19/12/2025 18:49:41.073 DEBUG com.zaxxer.hikari.pool.HikariPool - HikariPool-1 - keepalive: connection org.mariadb.jdbc.Connection@1c2d84e7 is alive
19/12/2025 18:49:48.792 DEBUG com.zaxxer.hikari.pool.HikariPool - HikariPool-1 - keepalive: connection org.mariadb.jdbc.Connection@7e935b6e is alive
19/12/2025 18:49:51.538 DEBUG com.zaxxer.hikari.pool.HikariPool - HikariPool-1 - Pool stats (total=10/10, idle=10/10, active=0, waiting=0)
19/12/2025 18:49:51.538 DEBUG com.zaxxer.hikari.pool.HikariPool - HikariPool-1 - Fill pool skipped, pool has sufficient level or currently being filled.
19/12/2025 18:50:03.341 DEBUG com.zaxxer.hikari.pool.HikariPool - HikariPool-1 - keepalive: connection org.mariadb.jdbc.Connection@6e4b1f49 is alive
19/12/2025 18:50:12.007 DEBUG com.zaxxer.hikari.pool.HikariPool - HikariPool-1 - keepalive: connection org.mariadb.jdbc.Connection@1f75fd1d is alive
19/12/2025 18:50:15.615 DEBUG o.s.security.web.FilterChainProxy - Securing OPTIONS /api/login
19/12/2025 18:50:15.616 DEBUG o.s.web.cors.DefaultCorsProcessor - Reject: 'https://neptunesystem.zcsautomation.com' origin is not allowed
19/12/2025 18:50:21.545 DEBUG com.zaxxer.hikari.pool.HikariPool - HikariPool-1 - Pool stats (total=10/10, idle=10/10, active=0, waiting=0)
19/12/2025 18:50:21.545 DEBUG com.zaxxer.hikari.pool.HikariPool - HikariPool-1 - Fill pool skipped, pool has sufficient level or currently being filled.
19/12/2025 18:50:25.255 DEBUG o.s.security.web.FilterChainProxy - Securing OPTIONS /api/login
19/12/2025 18:50:25.256 DEBUG o.s.web.cors.DefaultCorsProcessor - Reject: 'https://neptunesystem.zcsautomation.com' origin is not allowed
19/12/2025 18:50:51.550 DEBUG com.zaxxer.hikari.pool.HikariPool - HikariPool-1 - Pool stats (total=10/10, idle=10/10, active=0, waiting=0)
19/12/2025 18:50:51.550 DEBUG com.zaxxer.hikari.pool.HikariPool - HikariPool-1 - Fill pool skipped, pool has sufficient level or currently being filled.
19/12/2025 18:50:53.175 DEBUG com.zaxxer.hikari.pool.HikariPool - HikariPool-1 - keepalive: connection org.mariadb.jdbc.Connection@6a0585a3 is alive
19/12/2025 18:50:53.723 DEBUG com.zaxxer.hikari.pool.HikariPool - HikariPool-1 - keepalive: connection org.mariadb.jdbc.Connection@e64e006 is alive
19/12/2025 18:51:08.352 DEBUG com.zaxxer.hikari.pool.HikariPool - HikariPool-1 - keepalive: connection org.mariadb.jdbc.Connection@2a240461 is alive
19/12/2025 18:51:12.995 DEBUG com.zaxxer.hikari.pool.HikariPool - HikariPool-1 - keepalive: connection org.mariadb.jdbc.Connection@6b26c1a3 is alive
19/12/2025 18:51:16.822 DEBUG com.zaxxer.hikari.pool.HikariPool - HikariPool-1 - keepalive: connection org.mariadb.jdbc.Connection@6d57c4fe is alive
19/12/2025 18:51:18.311 DEBUG com.zaxxer.hikari.pool.HikariPool - HikariPool-1 - keepalive: connection org.mariadb.jdbc.Connection@1c2d84e7 is alive
19/12/2025 18:51:21.563 DEBUG com.zaxxer.hikari.pool.HikariPool - HikariPool-1 - Pool stats (total=10/10, idle=10/10, active=0, waiting=0)
19/12/2025 18:51:21.563 DEBUG com.zaxxer.hikari.pool.HikariPool - HikariPool-1 - Fill pool skipped, pool has sufficient level or currently being filled.
19/12/2025 18:51:32.788 DEBUG com.zaxxer.hikari.pool.HikariPool - HikariPool-1 - keepalive: connection org.mariadb.jdbc.Connection@b9f431d is alive
19/12/2025 18:51:42.613 DEBUG com.zaxxer.hikari.pool.HikariPool - HikariPool-1 - keepalive: connection org.mariadb.jdbc.Connection@6e4b1f49 is alive
19/12/2025 18:51:48.500 DEBUG com.zaxxer.hikari.pool.HikariPool - HikariPool-1 - keepalive: connection org.mariadb.jdbc.Connection@7e935b6e is alive
19/12/2025 18:51:51.571 DEBUG com.zaxxer.hikari.pool.HikariPool - HikariPool-1 - Pool stats (total=10/10, idle=10/10, active=0, waiting=0)
19/12/2025 18:51:51.571 DEBUG com.zaxxer.hikari.pool.HikariPool - HikariPool-1 - Fill pool skipped, pool has sufficient level or currently being filled.
19/12/2025 18:51:52.085 DEBUG com.zaxxer.hikari.pool.HikariPool - HikariPool-1 - keepalive: connection org.mariadb.jdbc.Connection@1f75fd1d is alive
19/12/2025 18:52:21.584 DEBUG com.zaxxer.hikari.pool.HikariPool - HikariPool-1 - Pool stats (total=10/10, idle=10/10, active=0, waiting=0)
19/12/2025 18:52:21.584 DEBUG com.zaxxer.hikari.pool.HikariPool - HikariPool-1 - Fill pool skipped, pool has sufficient level or currently being filled.
19/12/2025 18:52:36.976 DEBUG com.zaxxer.hikari.pool.HikariPool - HikariPool-1 - keepalive: connection org.mariadb.jdbc.Connection@6a0585a3 is alive
19/12/2025 18:52:47.966 DEBUG com.zaxxer.hikari.pool.HikariPool - HikariPool-1 - keepalive: connection org.mariadb.jdbc.Connection@e64e006 is alive
19/12/2025 18:52:51.587 DEBUG com.zaxxer.hikari.pool.HikariPool - HikariPool-1 - Pool stats (total=10/10, idle=10/10, active=0, waiting=0)
19/12/2025 18:52:51.587 DEBUG com.zaxxer.hikari.pool.HikariPool - HikariPool-1 - Fill pool skipped, pool has sufficient level or currently being filled.
19/12/2025 18:52:53.927 DEBUG com.zaxxer.hikari.pool.HikariPool - HikariPool-1 - keepalive: connection org.mariadb.jdbc.Connection@6d57c4fe is alive
19/12/2025 18:52:55.545 DEBUG com.zaxxer.hikari.pool.HikariPool - HikariPool-1 - keepalive: connection org.mariadb.jdbc.Connection@1c2d84e7 is alive
19/12/2025 18:52:58.571 DEBUG com.zaxxer.hikari.pool.HikariPool - HikariPool-1 - keepalive: connection org.mariadb.jdbc.Connection@6b26c1a3 is alive
19/12/2025 18:53:04.044 DEBUG com.zaxxer.hikari.pool.HikariPool - HikariPool-1 - keepalive: connection org.mariadb.jdbc.Connection@2a240461 is alive
19/12/2025 18:53:21.594 DEBUG com.zaxxer.hikari.pool.HikariPool - HikariPool-1 - Pool stats (total=10/10, idle=10/10, active=0, waiting=0)
19/12/2025 18:53:21.594 DEBUG com.zaxxer.hikari.pool.HikariPool - HikariPool-1 - Fill pool skipped, pool has sufficient level or currently being filled.
19/12/2025 18:53:21.890 DEBUG com.zaxxer.hikari.pool.HikariPool - HikariPool-1 - keepalive: connection org.mariadb.jdbc.Connection@6e4b1f49 is alive
19/12/2025 18:53:30.921 DEBUG com.zaxxer.hikari.pool.HikariPool - HikariPool-1 - keepalive: connection org.mariadb.jdbc.Connection@b9f431d is alive
19/12/2025 18:53:32.162 DEBUG com.zaxxer.hikari.pool.HikariPool - HikariPool-1 - keepalive: connection org.mariadb.jdbc.Connection@1f75fd1d is alive
19/12/2025 18:53:48.220 DEBUG com.zaxxer.hikari.pool.HikariPool - HikariPool-1 - keepalive: connection org.mariadb.jdbc.Connection@7e935b6e is alive
19/12/2025 18:53:51.607 DEBUG com.zaxxer.hikari.pool.HikariPool - HikariPool-1 - Pool stats (total=10/10, idle=10/10, active=0, waiting=0)
19/12/2025 18:53:51.607 DEBUG com.zaxxer.hikari.pool.HikariPool - HikariPool-1 - Fill pool skipped, pool has sufficient level or currently being filled.
19/12/2025 18:54:20.786 DEBUG com.zaxxer.hikari.pool.HikariPool - HikariPool-1 - keepalive: connection org.mariadb.jdbc.Connection@6a0585a3 is alive
19/12/2025 18:54:21.613 DEBUG com.zaxxer.hikari.pool.HikariPool - HikariPool-1 - Pool stats (total=10/10, idle=10/10, active=0, waiting=0)
19/12/2025 18:54:21.613 DEBUG com.zaxxer.hikari.pool.HikariPool - HikariPool-1 - Fill pool skipped, pool has sufficient level or currently being filled.
19/12/2025 18:54:31.036 DEBUG com.zaxxer.hikari.pool.HikariPool - HikariPool-1 - keepalive: connection org.mariadb.jdbc.Connection@6d57c4fe is alive
19/12/2025 18:54:32.781 DEBUG com.zaxxer.hikari.pool.HikariPool - HikariPool-1 - keepalive: connection org.mariadb.jdbc.Connection@1c2d84e7 is alive
19/12/2025 18:54:42.218 DEBUG com.zaxxer.hikari.pool.HikariPool - HikariPool-1 - keepalive: connection org.mariadb.jdbc.Connection@e64e006 is alive
19/12/2025 18:54:44.145 DEBUG com.zaxxer.hikari.pool.HikariPool - HikariPool-1 - keepalive: connection org.mariadb.jdbc.Connection@6b26c1a3 is alive
19/12/2025 18:54:51.617 DEBUG com.zaxxer.hikari.pool.HikariPool - HikariPool-1 - Pool stats (total=10/10, idle=10/10, active=0, waiting=0)
19/12/2025 18:54:51.617 DEBUG com.zaxxer.hikari.pool.HikariPool - HikariPool-1 - Fill pool skipped, pool has sufficient level or currently being filled.
19/12/2025 18:54:59.729 DEBUG com.zaxxer.hikari.pool.HikariPool - HikariPool-1 - keepalive: connection org.mariadb.jdbc.Connection@2a240461 is alive
19/12/2025 18:55:01.163 DEBUG com.zaxxer.hikari.pool.HikariPool - HikariPool-1 - keepalive: connection org.mariadb.jdbc.Connection@6e4b1f49 is alive
19/12/2025 18:55:12.248 DEBUG com.zaxxer.hikari.pool.HikariPool - HikariPool-1 - keepalive: connection org.mariadb.jdbc.Connection@1f75fd1d is alive
19/12/2025 18:55:12.594 DEBUG com.zaxxer.hikari.pool.PoolBase - HikariPool-1 - Closing connection org.mariadb.jdbc.Connection@7e935b6e: (connection has passed maxLifetime)
19/12/2025 18:55:12.595 DEBUG com.zaxxer.hikari.pool.PoolBase - HikariPool-1 - Attempting to create/setup new connection (9ee2c87c-e637-41b9-9a3c-1488404e5237)
19/12/2025 18:55:12.599 DEBUG o.m.jdbc.message.server.OkPacket - Database change: is 'authenticationservice'
19/12/2025 18:55:12.599 DEBUG o.m.jdbc.client.impl.StandardClient - execute query: set sql_mode=CONCAT(@@sql_mode,',STRICT_TRANS_TABLES'),session_track_system_variables = CONCAT(@@global.session_track_system_variables,',transaction_isolation'),NAMES utf8mb4
19/12/2025 18:55:12.599 DEBUG o.m.jdbc.message.server.OkPacket - System variable change:  character_set_client = utf8mb4
19/12/2025 18:55:12.600 DEBUG o.m.jdbc.message.server.OkPacket - System variable change:  character_set_connection = utf8mb4
19/12/2025 18:55:12.600 DEBUG o.m.jdbc.message.server.OkPacket - System variable change:  character_set_results = utf8mb4
19/12/2025 18:55:12.600 DEBUG com.zaxxer.hikari.pool.PoolBase - HikariPool-1 - Established new connection (9ee2c87c-e637-41b9-9a3c-1488404e5237)
19/12/2025 18:55:12.600 DEBUG com.zaxxer.hikari.pool.HikariPool - HikariPool-1 - Added connection org.mariadb.jdbc.Connection@95ef916
19/12/2025 18:55:21.624 DEBUG com.zaxxer.hikari.pool.HikariPool - HikariPool-1 - Pool stats (total=10/10, idle=10/10, active=0, waiting=0)
19/12/2025 18:55:21.624 DEBUG com.zaxxer.hikari.pool.HikariPool - HikariPool-1 - Fill pool skipped, pool has sufficient level or currently being filled.
19/12/2025 18:55:29.058 DEBUG com.zaxxer.hikari.pool.HikariPool - HikariPool-1 - keepalive: connection org.mariadb.jdbc.Connection@b9f431d is alive
19/12/2025 18:55:34.618 DEBUG com.zaxxer.hikari.pool.PoolBase - HikariPool-1 - Closing connection org.mariadb.jdbc.Connection@b9f431d: (connection has passed maxLifetime)
19/12/2025 18:55:34.620 DEBUG com.zaxxer.hikari.pool.PoolBase - HikariPool-1 - Attempting to create/setup new connection (2657cdec-7439-496c-90fb-3ebf2a530e3b)
19/12/2025 18:55:34.622 DEBUG o.m.jdbc.message.server.OkPacket - Database change: is 'authenticationservice'
19/12/2025 18:55:34.622 DEBUG o.m.jdbc.client.impl.StandardClient - execute query: set sql_mode=CONCAT(@@sql_mode,',STRICT_TRANS_TABLES'),session_track_system_variables = CONCAT(@@global.session_track_system_variables,',transaction_isolation'),NAMES utf8mb4
19/12/2025 18:55:34.622 DEBUG o.m.jdbc.message.server.OkPacket - System variable change:  character_set_client = utf8mb4
19/12/2025 18:55:34.622 DEBUG o.m.jdbc.message.server.OkPacket - System variable change:  character_set_connection = utf8mb4
19/12/2025 18:55:34.622 DEBUG o.m.jdbc.message.server.OkPacket - System variable change:  character_set_results = utf8mb4
19/12/2025 18:55:34.622 DEBUG com.zaxxer.hikari.pool.PoolBase - HikariPool-1 - Established new connection (2657cdec-7439-496c-90fb-3ebf2a530e3b)
19/12/2025 18:55:34.622 DEBUG com.zaxxer.hikari.pool.HikariPool - HikariPool-1 - Added connection org.mariadb.jdbc.Connection@294f4cd9
19/12/2025 18:55:45.486 DEBUG com.zaxxer.hikari.pool.PoolBase - HikariPool-1 - Closing connection org.mariadb.jdbc.Connection@1f75fd1d: (connection has passed maxLifetime)
19/12/2025 18:55:45.487 DEBUG com.zaxxer.hikari.pool.PoolBase - HikariPool-1 - Attempting to create/setup new connection (70caa0f8-8d06-43cd-b289-2c7ab6103a20)
19/12/2025 18:55:45.495 DEBUG o.m.jdbc.message.server.OkPacket - Database change: is 'authenticationservice'
19/12/2025 18:55:45.495 DEBUG o.m.jdbc.client.impl.StandardClient - execute query: set sql_mode=CONCAT(@@sql_mode,',STRICT_TRANS_TABLES'),session_track_system_variables = CONCAT(@@global.session_track_system_variables,',transaction_isolation'),NAMES utf8mb4
19/12/2025 18:55:45.495 DEBUG o.m.jdbc.message.server.OkPacket - System variable change:  character_set_client = utf8mb4
19/12/2025 18:55:45.495 DEBUG o.m.jdbc.message.server.OkPacket - System variable change:  character_set_connection = utf8mb4
19/12/2025 18:55:45.495 DEBUG o.m.jdbc.message.server.OkPacket - System variable change:  character_set_results = utf8mb4
19/12/2025 18:55:45.495 DEBUG com.zaxxer.hikari.pool.PoolBase - HikariPool-1 - Established new connection (70caa0f8-8d06-43cd-b289-2c7ab6103a20)
19/12/2025 18:55:45.495 DEBUG com.zaxxer.hikari.pool.HikariPool - HikariPool-1 - Added connection org.mariadb.jdbc.Connection@3c575fa2
19/12/2025 18:55:47.251 DEBUG com.zaxxer.hikari.pool.PoolBase - HikariPool-1 - Closing connection org.mariadb.jdbc.Connection@6e4b1f49: (connection has passed maxLifetime)
19/12/2025 18:55:47.252 DEBUG com.zaxxer.hikari.pool.PoolBase - HikariPool-1 - Attempting to create/setup new connection (3861c31d-8c1f-4d6a-9472-02c0c8746e89)
19/12/2025 18:55:47.255 DEBUG o.m.jdbc.message.server.OkPacket - Database change: is 'authenticationservice'
19/12/2025 18:55:47.255 DEBUG o.m.jdbc.client.impl.StandardClient - execute query: set sql_mode=CONCAT(@@sql_mode,',STRICT_TRANS_TABLES'),session_track_system_variables = CONCAT(@@global.session_track_system_variables,',transaction_isolation'),NAMES utf8mb4
19/12/2025 18:55:47.256 DEBUG o.m.jdbc.message.server.OkPacket - System variable change:  character_set_client = utf8mb4
19/12/2025 18:55:47.256 DEBUG o.m.jdbc.message.server.OkPacket - System variable change:  character_set_connection = utf8mb4
19/12/2025 18:55:47.256 DEBUG o.m.jdbc.message.server.OkPacket - System variable change:  character_set_results = utf8mb4
19/12/2025 18:55:47.256 DEBUG com.zaxxer.hikari.pool.PoolBase - HikariPool-1 - Established new connection (3861c31d-8c1f-4d6a-9472-02c0c8746e89)
19/12/2025 18:55:47.256 DEBUG com.zaxxer.hikari.pool.HikariPool - HikariPool-1 - Added connection org.mariadb.jdbc.Connection@5c78a0ed
19/12/2025 18:55:51.625 DEBUG com.zaxxer.hikari.pool.HikariPool - HikariPool-1 - Pool stats (total=10/10, idle=10/10, active=0, waiting=0)
19/12/2025 18:55:51.625 DEBUG com.zaxxer.hikari.pool.HikariPool - HikariPool-1 - Fill pool skipped, pool has sufficient level or currently being filled.
19/12/2025 18:56:04.589 DEBUG com.zaxxer.hikari.pool.HikariPool - HikariPool-1 - keepalive: connection org.mariadb.jdbc.Connection@6a0585a3 is alive
19/12/2025 18:56:08.152 DEBUG com.zaxxer.hikari.pool.HikariPool - HikariPool-1 - keepalive: connection org.mariadb.jdbc.Connection@6d57c4fe is alive
19/12/2025 18:56:10.009 DEBUG com.zaxxer.hikari.pool.HikariPool - HikariPool-1 - keepalive: connection org.mariadb.jdbc.Connection@1c2d84e7 is alive
19/12/2025 18:56:21.640 DEBUG com.zaxxer.hikari.pool.HikariPool - HikariPool-1 - Pool stats (total=10/10, idle=10/10, active=0, waiting=0)
19/12/2025 18:56:21.640 DEBUG com.zaxxer.hikari.pool.HikariPool - HikariPool-1 - Fill pool skipped, pool has sufficient level or currently being filled.
19/12/2025 18:56:29.718 DEBUG com.zaxxer.hikari.pool.HikariPool - HikariPool-1 - keepalive: connection org.mariadb.jdbc.Connection@6b26c1a3 is alive
19/12/2025 18:56:36.462 DEBUG com.zaxxer.hikari.pool.HikariPool - HikariPool-1 - keepalive: connection org.mariadb.jdbc.Connection@e64e006 is alive
19/12/2025 18:56:51.643 DEBUG com.zaxxer.hikari.pool.HikariPool - HikariPool-1 - Pool stats (total=10/10, idle=10/10, active=0, waiting=0)
19/12/2025 18:56:51.643 DEBUG com.zaxxer.hikari.pool.HikariPool - HikariPool-1 - Fill pool skipped, pool has sufficient level or currently being filled.
19/12/2025 18:56:51.643 DEBUG com.zaxxer.hikari.pool.HikariPool - HikariPool-1 - keepalive: connection org.mariadb.jdbc.Connection@95ef916 is alive
19/12/2025 18:56:55.414 DEBUG com.zaxxer.hikari.pool.HikariPool - HikariPool-1 - keepalive: connection org.mariadb.jdbc.Connection@2a240461 is alive
19/12/2025 18:57:11.052 DEBUG com.zaxxer.hikari.pool.HikariPool - HikariPool-1 - keepalive: connection org.mariadb.jdbc.Connection@294f4cd9 is alive
19/12/2025 18:57:21.657 DEBUG com.zaxxer.hikari.pool.HikariPool - HikariPool-1 - Pool stats (total=10/10, idle=10/10, active=0, waiting=0)
19/12/2025 18:57:21.657 DEBUG com.zaxxer.hikari.pool.HikariPool - HikariPool-1 - Fill pool skipped, pool has sufficient level or currently being filled.
19/12/2025 18:57:22.434 DEBUG com.zaxxer.hikari.pool.HikariPool - HikariPool-1 - keepalive: connection org.mariadb.jdbc.Connection@3c575fa2 is alive
19/12/2025 18:57:38.712 DEBUG com.zaxxer.hikari.pool.HikariPool - HikariPool-1 - keepalive: connection org.mariadb.jdbc.Connection@5c78a0ed is alive
19/12/2025 18:57:45.268 DEBUG com.zaxxer.hikari.pool.HikariPool - HikariPool-1 - keepalive: connection org.mariadb.jdbc.Connection@6d57c4fe is alive
19/12/2025 18:57:47.234 DEBUG com.zaxxer.hikari.pool.HikariPool - HikariPool-1 - keepalive: connection org.mariadb.jdbc.Connection@1c2d84e7 is alive
19/12/2025 18:57:48.403 DEBUG com.zaxxer.hikari.pool.HikariPool - HikariPool-1 - keepalive: connection org.mariadb.jdbc.Connection@6a0585a3 is alive
19/12/2025 18:57:51.672 DEBUG com.zaxxer.hikari.pool.HikariPool - HikariPool-1 - Pool stats (total=10/10, idle=10/10, active=0, waiting=0)
19/12/2025 18:57:51.672 DEBUG com.zaxxer.hikari.pool.HikariPool - HikariPool-1 - Fill pool skipped, pool has sufficient level or currently being filled.
19/12/2025 18:57:55.832 DEBUG com.zaxxer.hikari.pool.PoolBase - HikariPool-1 - Closing connection org.mariadb.jdbc.Connection@e64e006: (connection has passed maxLifetime)
19/12/2025 18:57:55.833 DEBUG com.zaxxer.hikari.pool.PoolBase - HikariPool-1 - Attempting to create/setup new connection (747c0922-80f9-47cc-ab85-092649ceb8c2)
19/12/2025 18:57:55.837 DEBUG o.m.jdbc.message.server.OkPacket - Database change: is 'authenticationservice'
19/12/2025 18:57:55.837 DEBUG o.m.jdbc.client.impl.StandardClient - execute query: set sql_mode=CONCAT(@@sql_mode,',STRICT_TRANS_TABLES'),session_track_system_variables = CONCAT(@@global.session_track_system_variables,',transaction_isolation'),NAMES utf8mb4
19/12/2025 18:57:55.837 DEBUG o.m.jdbc.message.server.OkPacket - System variable change:  character_set_client = utf8mb4
19/12/2025 18:57:55.837 DEBUG o.m.jdbc.message.server.OkPacket - System variable change:  character_set_connection = utf8mb4
19/12/2025 18:57:55.837 DEBUG o.m.jdbc.message.server.OkPacket - System variable change:  character_set_results = utf8mb4
19/12/2025 18:57:55.837 DEBUG com.zaxxer.hikari.pool.PoolBase - HikariPool-1 - Established new connection (747c0922-80f9-47cc-ab85-092649ceb8c2)
19/12/2025 18:57:55.837 DEBUG com.zaxxer.hikari.pool.HikariPool - HikariPool-1 - Added connection org.mariadb.jdbc.Connection@1d085ab8
19/12/2025 18:58:15.297 DEBUG com.zaxxer.hikari.pool.HikariPool - HikariPool-1 - keepalive: connection org.mariadb.jdbc.Connection@6b26c1a3 is alive
19/12/2025 18:58:21.685 DEBUG com.zaxxer.hikari.pool.HikariPool - HikariPool-1 - Pool stats (total=10/10, idle=10/10, active=0, waiting=0)
19/12/2025 18:58:21.685 DEBUG com.zaxxer.hikari.pool.HikariPool - HikariPool-1 - Fill pool skipped, pool has sufficient level or currently being filled.
19/12/2025 18:58:30.698 DEBUG com.zaxxer.hikari.pool.HikariPool - HikariPool-1 - keepalive: connection org.mariadb.jdbc.Connection@95ef916 is alive
19/12/2025 18:58:47.480 DEBUG com.zaxxer.hikari.pool.HikariPool - HikariPool-1 - keepalive: connection org.mariadb.jdbc.Connection@294f4cd9 is alive
19/12/2025 18:58:51.106 DEBUG com.zaxxer.hikari.pool.HikariPool - HikariPool-1 - keepalive: connection org.mariadb.jdbc.Connection@2a240461 is alive
19/12/2025 18:58:51.341 DEBUG com.zaxxer.hikari.pool.PoolBase - HikariPool-1 - Closing connection org.mariadb.jdbc.Connection@6b26c1a3: (connection has passed maxLifetime)
19/12/2025 18:58:51.341 DEBUG com.zaxxer.hikari.pool.PoolBase - HikariPool-1 - Attempting to create/setup new connection (4055f012-1534-45c5-b6e9-fd659a9332bf)
19/12/2025 18:58:51.344 DEBUG o.m.jdbc.message.server.OkPacket - Database change: is 'authenticationservice'
19/12/2025 18:58:51.344 DEBUG o.m.jdbc.client.impl.StandardClient - execute query: set sql_mode=CONCAT(@@sql_mode,',STRICT_TRANS_TABLES'),session_track_system_variables = CONCAT(@@global.session_track_system_variables,',transaction_isolation'),NAMES utf8mb4
19/12/2025 18:58:51.344 DEBUG o.m.jdbc.message.server.OkPacket - System variable change:  character_set_client = utf8mb4
19/12/2025 18:58:51.344 DEBUG o.m.jdbc.message.server.OkPacket - System variable change:  character_set_connection = utf8mb4
19/12/2025 18:58:51.344 DEBUG o.m.jdbc.message.server.OkPacket - System variable change:  character_set_results = utf8mb4
19/12/2025 18:58:51.344 DEBUG com.zaxxer.hikari.pool.PoolBase - HikariPool-1 - Established new connection (4055f012-1534-45c5-b6e9-fd659a9332bf)
19/12/2025 18:58:51.344 DEBUG com.zaxxer.hikari.pool.HikariPool - HikariPool-1 - Added connection org.mariadb.jdbc.Connection@4b16c7bd
19/12/2025 18:58:51.700 DEBUG com.zaxxer.hikari.pool.HikariPool - HikariPool-1 - Pool stats (total=10/10, idle=10/10, active=0, waiting=0)
19/12/2025 18:58:51.700 DEBUG com.zaxxer.hikari.pool.HikariPool - HikariPool-1 - Fill pool skipped, pool has sufficient level or currently being filled.
19/12/2025 18:58:59.375 DEBUG com.zaxxer.hikari.pool.HikariPool - HikariPool-1 - keepalive: connection org.mariadb.jdbc.Connection@3c575fa2 is alive
19/12/2025 18:59:16.063 DEBUG com.zaxxer.hikari.pool.PoolBase - HikariPool-1 - Closing connection org.mariadb.jdbc.Connection@1c2d84e7: (connection has passed maxLifetime)
19/12/2025 18:59:16.064 DEBUG com.zaxxer.hikari.pool.PoolBase - HikariPool-1 - Attempting to create/setup new connection (b3115807-154a-419f-8a93-563e839f8c28)
19/12/2025 18:59:16.066 DEBUG o.m.jdbc.message.server.OkPacket - Database change: is 'authenticationservice'
19/12/2025 18:59:16.066 DEBUG o.m.jdbc.client.impl.StandardClient - execute query: set sql_mode=CONCAT(@@sql_mode,',STRICT_TRANS_TABLES'),session_track_system_variables = CONCAT(@@global.session_track_system_variables,',transaction_isolation'),NAMES utf8mb4
19/12/2025 18:59:16.066 DEBUG o.m.jdbc.message.server.OkPacket - System variable change:  character_set_client = utf8mb4
19/12/2025 18:59:16.066 DEBUG o.m.jdbc.message.server.OkPacket - System variable change:  character_set_connection = utf8mb4
19/12/2025 18:59:16.067 DEBUG o.m.jdbc.message.server.OkPacket - System variable change:  character_set_results = utf8mb4
19/12/2025 18:59:16.067 DEBUG com.zaxxer.hikari.pool.PoolBase - HikariPool-1 - Established new connection (b3115807-154a-419f-8a93-563e839f8c28)
19/12/2025 18:59:16.067 DEBUG com.zaxxer.hikari.pool.HikariPool - HikariPool-1 - Added connection org.mariadb.jdbc.Connection@5f0033f
19/12/2025 18:59:21.702 DEBUG com.zaxxer.hikari.pool.HikariPool - HikariPool-1 - Pool stats (total=10/10, idle=10/10, active=0, waiting=0)
19/12/2025 18:59:21.702 DEBUG com.zaxxer.hikari.pool.HikariPool - HikariPool-1 - Fill pool skipped, pool has sufficient level or currently being filled.
19/12/2025 18:59:22.383 DEBUG com.zaxxer.hikari.pool.HikariPool - HikariPool-1 - keepalive: connection org.mariadb.jdbc.Connection@6d57c4fe is alive
19/12/2025 18:59:30.167 DEBUG com.zaxxer.hikari.pool.HikariPool - HikariPool-1 - keepalive: connection org.mariadb.jdbc.Connection@5c78a0ed is alive
19/12/2025 18:59:32.213 DEBUG com.zaxxer.hikari.pool.HikariPool - HikariPool-1 - keepalive: connection org.mariadb.jdbc.Connection@6a0585a3 is alive
19/12/2025 18:59:51.708 DEBUG com.zaxxer.hikari.pool.HikariPool - HikariPool-1 - Pool stats (total=10/10, idle=10/10, active=0, waiting=0)
19/12/2025 18:59:51.708 DEBUG com.zaxxer.hikari.pool.HikariPool - HikariPool-1 - Fill pool skipped, pool has sufficient level or currently being filled.
19/12/2025 18:59:51.956 DEBUG com.zaxxer.hikari.pool.HikariPool - HikariPool-1 - keepalive: connection org.mariadb.jdbc.Connection@1d085ab8 is alive
19/12/2025 18:59:56.589 DEBUG com.zaxxer.hikari.pool.PoolBase - HikariPool-1 - Closing connection org.mariadb.jdbc.Connection@6a0585a3: (connection has passed maxLifetime)
19/12/2025 18:59:56.590 DEBUG com.zaxxer.hikari.pool.PoolBase - HikariPool-1 - Attempting to create/setup new connection (12c5d52c-0d28-442a-a0b6-f91dabd72781)
19/12/2025 18:59:56.593 DEBUG o.m.jdbc.message.server.OkPacket - Database change: is 'authenticationservice'
19/12/2025 18:59:56.593 DEBUG o.m.jdbc.client.impl.StandardClient - execute query: set sql_mode=CONCAT(@@sql_mode,',STRICT_TRANS_TABLES'),session_track_system_variables = CONCAT(@@global.session_track_system_variables,',transaction_isolation'),NAMES utf8mb4
19/12/2025 18:59:56.594 DEBUG o.m.jdbc.message.server.OkPacket - System variable change:  character_set_client = utf8mb4
19/12/2025 18:59:56.594 DEBUG o.m.jdbc.message.server.OkPacket - System variable change:  character_set_connection = utf8mb4
19/12/2025 18:59:56.594 DEBUG o.m.jdbc.message.server.OkPacket - System variable change:  character_set_results = utf8mb4
19/12/2025 18:59:56.594 DEBUG com.zaxxer.hikari.pool.PoolBase - HikariPool-1 - Established new connection (12c5d52c-0d28-442a-a0b6-f91dabd72781)
19/12/2025 18:59:56.594 DEBUG com.zaxxer.hikari.pool.HikariPool - HikariPool-1 - Added connection org.mariadb.jdbc.Connection@60c29e45
19/12/2025 19:00:09.742 DEBUG com.zaxxer.hikari.pool.HikariPool - HikariPool-1 - keepalive: connection org.mariadb.jdbc.Connection@95ef916 is alive
19/12/2025 19:00:21.717 DEBUG com.zaxxer.hikari.pool.HikariPool - HikariPool-1 - Pool stats (total=10/10, idle=10/10, active=0, waiting=0)
19/12/2025 19:00:21.717 DEBUG com.zaxxer.hikari.pool.HikariPool - HikariPool-1 - Fill pool skipped, pool has sufficient level or currently being filled.
19/12/2025 19:00:22.916 DEBUG com.zaxxer.hikari.pool.PoolBase - HikariPool-1 - Closing connection org.mariadb.jdbc.Connection@2a240461: (connection has passed maxLifetime)
19/12/2025 19:00:22.917 DEBUG com.zaxxer.hikari.pool.PoolBase - HikariPool-1 - Attempting to create/setup new connection (7502b0ee-3171-4477-9e3f-2f3d2e29877e)
19/12/2025 19:00:22.920 DEBUG o.m.jdbc.message.server.OkPacket - Database change: is 'authenticationservice'
19/12/2025 19:00:22.920 DEBUG o.m.jdbc.client.impl.StandardClient - execute query: set sql_mode=CONCAT(@@sql_mode,',STRICT_TRANS_TABLES'),session_track_system_variables = CONCAT(@@global.session_track_system_variables,',transaction_isolation'),NAMES utf8mb4
19/12/2025 19:00:22.920 DEBUG o.m.jdbc.message.server.OkPacket - System variable change:  character_set_client = utf8mb4
19/12/2025 19:00:22.920 DEBUG o.m.jdbc.message.server.OkPacket - System variable change:  character_set_connection = utf8mb4
19/12/2025 19:00:22.920 DEBUG o.m.jdbc.message.server.OkPacket - System variable change:  character_set_results = utf8mb4
19/12/2025 19:00:22.920 DEBUG com.zaxxer.hikari.pool.PoolBase - HikariPool-1 - Established new connection (7502b0ee-3171-4477-9e3f-2f3d2e29877e)
19/12/2025 19:00:22.920 DEBUG com.zaxxer.hikari.pool.HikariPool - HikariPool-1 - Added connection org.mariadb.jdbc.Connection@28bd042c
19/12/2025 19:00:23.915 DEBUG com.zaxxer.hikari.pool.HikariPool - HikariPool-1 - keepalive: connection org.mariadb.jdbc.Connection@294f4cd9 is alive
19/12/2025 19:00:35.885 DEBUG com.zaxxer.hikari.pool.HikariPool - HikariPool-1 - keepalive: connection org.mariadb.jdbc.Connection@4b16c7bd is alive
19/12/2025 19:00:36.308 DEBUG com.zaxxer.hikari.pool.HikariPool - HikariPool-1 - keepalive: connection org.mariadb.jdbc.Connection@3c575fa2 is alive
19/12/2025 19:00:51.718 DEBUG com.zaxxer.hikari.pool.HikariPool - HikariPool-1 - Pool stats (total=10/10, idle=10/10, active=0, waiting=0)
19/12/2025 19:00:51.718 DEBUG com.zaxxer.hikari.pool.HikariPool - HikariPool-1 - Fill pool skipped, pool has sufficient level or currently being filled.
19/12/2025 19:00:59.498 DEBUG com.zaxxer.hikari.pool.HikariPool - HikariPool-1 - keepalive: connection org.mariadb.jdbc.Connection@6d57c4fe is alive
19/12/2025 19:01:05.980 DEBUG com.zaxxer.hikari.pool.PoolBase - HikariPool-1 - Closing connection org.mariadb.jdbc.Connection@6d57c4fe: (connection has passed maxLifetime)
19/12/2025 19:01:05.980 DEBUG com.zaxxer.hikari.pool.PoolBase - HikariPool-1 - Attempting to create/setup new connection (854509d6-7708-4f45-b46a-a3d507fd837d)
19/12/2025 19:01:05.984 DEBUG o.m.jdbc.message.server.OkPacket - Database change: is 'authenticationservice'
19/12/2025 19:01:05.984 DEBUG o.m.jdbc.client.impl.StandardClient - execute query: set sql_mode=CONCAT(@@sql_mode,',STRICT_TRANS_TABLES'),session_track_system_variables = CONCAT(@@global.session_track_system_variables,',transaction_isolation'),NAMES utf8mb4
19/12/2025 19:01:05.984 DEBUG o.m.jdbc.message.server.OkPacket - System variable change:  character_set_client = utf8mb4
19/12/2025 19:01:05.984 DEBUG o.m.jdbc.message.server.OkPacket - System variable change:  character_set_connection = utf8mb4
19/12/2025 19:01:05.984 DEBUG o.m.jdbc.message.server.OkPacket - System variable change:  character_set_results = utf8mb4
19/12/2025 19:01:05.984 DEBUG com.zaxxer.hikari.pool.PoolBase - HikariPool-1 - Established new connection (854509d6-7708-4f45-b46a-a3d507fd837d)
19/12/2025 19:01:05.985 DEBUG com.zaxxer.hikari.pool.HikariPool - HikariPool-1 - Added connection org.mariadb.jdbc.Connection@4d92b22d
19/12/2025 19:01:14.317 DEBUG com.zaxxer.hikari.pool.HikariPool - HikariPool-1 - keepalive: connection org.mariadb.jdbc.Connection@5f0033f is alive
19/12/2025 19:01:21.619 DEBUG com.zaxxer.hikari.pool.HikariPool - HikariPool-1 - keepalive: connection org.mariadb.jdbc.Connection@5c78a0ed is alive
19/12/2025 19:01:21.730 DEBUG com.zaxxer.hikari.pool.HikariPool - HikariPool-1 - Pool stats (total=10/10, idle=10/10, active=0, waiting=0)
19/12/2025 19:01:21.730 DEBUG com.zaxxer.hikari.pool.HikariPool - HikariPool-1 - Fill pool skipped, pool has sufficient level or currently being filled.
19/12/2025 19:01:48.070 DEBUG com.zaxxer.hikari.pool.HikariPool - HikariPool-1 - keepalive: connection org.mariadb.jdbc.Connection@1d085ab8 is alive
19/12/2025 19:01:48.789 DEBUG com.zaxxer.hikari.pool.HikariPool - HikariPool-1 - keepalive: connection org.mariadb.jdbc.Connection@95ef916 is alive
19/12/2025 19:01:51.737 DEBUG com.zaxxer.hikari.pool.HikariPool - HikariPool-1 - Pool stats (total=10/10, idle=10/10, active=0, waiting=0)
19/12/2025 19:01:51.737 DEBUG com.zaxxer.hikari.pool.HikariPool - HikariPool-1 - Fill pool skipped, pool has sufficient level or currently being filled.
19/12/2025 19:01:53.458 DEBUG com.zaxxer.hikari.pool.HikariPool - HikariPool-1 - keepalive: connection org.mariadb.jdbc.Connection@60c29e45 is alive
19/12/2025 19:02:00.347 DEBUG com.zaxxer.hikari.pool.HikariPool - HikariPool-1 - keepalive: connection org.mariadb.jdbc.Connection@294f4cd9 is alive
19/12/2025 19:02:04.888 DEBUG com.zaxxer.hikari.pool.HikariPool - HikariPool-1 - keepalive: connection org.mariadb.jdbc.Connection@28bd042c is alive
19/12/2025 19:02:13.253 DEBUG com.zaxxer.hikari.pool.HikariPool - HikariPool-1 - keepalive: connection org.mariadb.jdbc.Connection@3c575fa2 is alive
19/12/2025 19:02:20.433 DEBUG com.zaxxer.hikari.pool.HikariPool - HikariPool-1 - keepalive: connection org.mariadb.jdbc.Connection@4b16c7bd is alive
19/12/2025 19:02:21.743 DEBUG com.zaxxer.hikari.pool.HikariPool - HikariPool-1 - Pool stats (total=10/10, idle=10/10, active=0, waiting=0)
19/12/2025 19:02:21.743 DEBUG com.zaxxer.hikari.pool.HikariPool - HikariPool-1 - Fill pool skipped, pool has sufficient level or currently being filled.
19/12/2025 19:02:51.744 DEBUG com.zaxxer.hikari.pool.HikariPool - HikariPool-1 - Pool stats (total=10/10, idle=10/10, active=0, waiting=0)
19/12/2025 19:02:51.744 DEBUG com.zaxxer.hikari.pool.HikariPool - HikariPool-1 - Fill pool skipped, pool has sufficient level or currently being filled.
19/12/2025 19:03:00.965 DEBUG com.zaxxer.hikari.pool.HikariPool - HikariPool-1 - keepalive: connection org.mariadb.jdbc.Connection@4d92b22d is alive
19/12/2025 19:03:12.575 DEBUG com.zaxxer.hikari.pool.HikariPool - HikariPool-1 - keepalive: connection org.mariadb.jdbc.Connection@5f0033f is alive
19/12/2025 19:03:13.074 DEBUG com.zaxxer.hikari.pool.HikariPool - HikariPool-1 - keepalive: connection org.mariadb.jdbc.Connection@5c78a0ed is alive
19/12/2025 19:03:21.755 DEBUG com.zaxxer.hikari.pool.HikariPool - HikariPool-1 - Pool stats (total=10/10, idle=10/10, active=0, waiting=0)
19/12/2025 19:03:21.755 DEBUG com.zaxxer.hikari.pool.HikariPool - HikariPool-1 - Fill pool skipped, pool has sufficient level or currently being filled.
19/12/2025 19:03:27.844 DEBUG com.zaxxer.hikari.pool.HikariPool - HikariPool-1 - keepalive: connection org.mariadb.jdbc.Connection@95ef916 is alive
19/12/2025 19:03:36.778 DEBUG com.zaxxer.hikari.pool.HikariPool - HikariPool-1 - keepalive: connection org.mariadb.jdbc.Connection@294f4cd9 is alive
19/12/2025 19:03:44.182 DEBUG com.zaxxer.hikari.pool.HikariPool - HikariPool-1 - keepalive: connection org.mariadb.jdbc.Connection@1d085ab8 is alive
19/12/2025 19:03:46.860 DEBUG com.zaxxer.hikari.pool.HikariPool - HikariPool-1 - keepalive: connection org.mariadb.jdbc.Connection@28bd042c is alive
19/12/2025 19:03:50.192 DEBUG com.zaxxer.hikari.pool.HikariPool - HikariPool-1 - keepalive: connection org.mariadb.jdbc.Connection@3c575fa2 is alive
19/12/2025 19:03:50.317 DEBUG com.zaxxer.hikari.pool.HikariPool - HikariPool-1 - keepalive: connection org.mariadb.jdbc.Connection@60c29e45 is alive
19/12/2025 19:03:51.766 DEBUG com.zaxxer.hikari.pool.HikariPool - HikariPool-1 - Pool stats (total=10/10, idle=10/10, active=0, waiting=0)
19/12/2025 19:03:51.766 DEBUG com.zaxxer.hikari.pool.HikariPool - HikariPool-1 - Fill pool skipped, pool has sufficient level or currently being filled.
19/12/2025 19:04:04.978 DEBUG com.zaxxer.hikari.pool.HikariPool - HikariPool-1 - keepalive: connection org.mariadb.jdbc.Connection@4b16c7bd is alive
19/12/2025 19:04:21.776 DEBUG com.zaxxer.hikari.pool.HikariPool - HikariPool-1 - Pool stats (total=10/10, idle=10/10, active=0, waiting=0)
19/12/2025 19:04:21.776 DEBUG com.zaxxer.hikari.pool.HikariPool - HikariPool-1 - Fill pool skipped, pool has sufficient level or currently being filled.
19/12/2025 19:04:51.779 DEBUG com.zaxxer.hikari.pool.HikariPool - HikariPool-1 - Pool stats (total=10/10, idle=10/10, active=0, waiting=0)
19/12/2025 19:04:51.779 DEBUG com.zaxxer.hikari.pool.HikariPool - HikariPool-1 - Fill pool skipped, pool has sufficient level or currently being filled.
19/12/2025 19:04:55.949 DEBUG com.zaxxer.hikari.pool.HikariPool - HikariPool-1 - keepalive: connection org.mariadb.jdbc.Connection@4d92b22d is alive
19/12/2025 19:05:04.539 DEBUG com.zaxxer.hikari.pool.HikariPool - HikariPool-1 - keepalive: connection org.mariadb.jdbc.Connection@5c78a0ed is alive
19/12/2025 19:05:06.891 DEBUG com.zaxxer.hikari.pool.HikariPool - HikariPool-1 - keepalive: connection org.mariadb.jdbc.Connection@95ef916 is alive
19/12/2025 19:05:10.838 DEBUG com.zaxxer.hikari.pool.HikariPool - HikariPool-1 - keepalive: connection org.mariadb.jdbc.Connection@5f0033f is alive
19/12/2025 19:05:13.205 DEBUG com.zaxxer.hikari.pool.HikariPool - HikariPool-1 - keepalive: connection org.mariadb.jdbc.Connection@294f4cd9 is alive
19/12/2025 19:05:21.786 DEBUG com.zaxxer.hikari.pool.HikariPool - HikariPool-1 - Pool stats (total=10/10, idle=10/10, active=0, waiting=0)
19/12/2025 19:05:21.786 DEBUG com.zaxxer.hikari.pool.HikariPool - HikariPool-1 - Fill pool skipped, pool has sufficient level or currently being filled.
19/12/2025 19:05:27.123 DEBUG com.zaxxer.hikari.pool.HikariPool - HikariPool-1 - keepalive: connection org.mariadb.jdbc.Connection@3c575fa2 is alive
19/12/2025 19:05:28.827 DEBUG com.zaxxer.hikari.pool.HikariPool - HikariPool-1 - keepalive: connection org.mariadb.jdbc.Connection@28bd042c is alive
19/12/2025 19:05:38.531 DEBUG o.s.security.web.FilterChainProxy - Securing GET /api/isUserAuthenticate
19/12/2025 19:05:38.531 DEBUG o.s.web.cors.DefaultCorsProcessor - Reject: 'https://neptunesystem.zcsautomation.com' origin is not allowed
19/12/2025 19:05:40.299 DEBUG com.zaxxer.hikari.pool.HikariPool - HikariPool-1 - keepalive: connection org.mariadb.jdbc.Connection@1d085ab8 is alive
19/12/2025 19:05:47.187 DEBUG com.zaxxer.hikari.pool.HikariPool - HikariPool-1 - keepalive: connection org.mariadb.jdbc.Connection@60c29e45 is alive
19/12/2025 19:05:49.518 DEBUG com.zaxxer.hikari.pool.HikariPool - HikariPool-1 - keepalive: connection org.mariadb.jdbc.Connection@4b16c7bd is alive
19/12/2025 19:05:51.794 DEBUG com.zaxxer.hikari.pool.HikariPool - HikariPool-1 - Pool stats (total=10/10, idle=10/10, active=0, waiting=0)
19/12/2025 19:05:51.794 DEBUG com.zaxxer.hikari.pool.HikariPool - HikariPool-1 - Fill pool skipped, pool has sufficient level or currently being filled.
19/12/2025 23:43:28.306 WARN  com.zaxxer.hikari.pool.HikariPool - HikariPool-1 - Thread starvation or clock leap detected (housekeeper delta=4h37m36s809ms285µs899ns).
19/12/2025 23:43:28.306 DEBUG com.zaxxer.hikari.pool.HikariPool - HikariPool-1 - Pool stats (total=10/10, idle=10/10, active=0, waiting=0)
19/12/2025 23:43:28.306 DEBUG com.zaxxer.hikari.pool.HikariPool - HikariPool-1 - Fill pool skipped, pool has sufficient level or currently being filled.
19/12/2025 23:43:28.306 DEBUG com.zaxxer.hikari.pool.HikariPool - HikariPool-1 - keepalive: connection org.mariadb.jdbc.Connection@95ef916 is alive
19/12/2025 23:43:28.306 DEBUG com.zaxxer.hikari.pool.HikariPool - HikariPool-1 - keepalive: connection org.mariadb.jdbc.Connection@294f4cd9 is alive
19/12/2025 23:43:28.306 DEBUG com.zaxxer.hikari.pool.HikariPool - HikariPool-1 - keepalive: connection org.mariadb.jdbc.Connection@4d92b22d is alive
19/12/2025 23:43:28.306 DEBUG com.zaxxer.hikari.pool.HikariPool - HikariPool-1 - keepalive: connection org.mariadb.jdbc.Connection@5c78a0ed is alive
19/12/2025 23:43:28.306 DEBUG com.zaxxer.hikari.pool.HikariPool - HikariPool-1 - keepalive: connection org.mariadb.jdbc.Connection@3c575fa2 is alive
19/12/2025 23:43:28.306 DEBUG com.zaxxer.hikari.pool.HikariPool - HikariPool-1 - keepalive: connection org.mariadb.jdbc.Connection@5f0033f is alive
19/12/2025 23:43:28.306 DEBUG com.zaxxer.hikari.pool.HikariPool - HikariPool-1 - keepalive: connection org.mariadb.jdbc.Connection@28bd042c is alive
19/12/2025 23:43:28.306 DEBUG com.zaxxer.hikari.pool.HikariPool - HikariPool-1 - keepalive: connection org.mariadb.jdbc.Connection@4b16c7bd is alive
19/12/2025 23:43:28.306 DEBUG com.zaxxer.hikari.pool.HikariPool - HikariPool-1 - keepalive: connection org.mariadb.jdbc.Connection@1d085ab8 is alive
19/12/2025 23:43:28.306 DEBUG com.zaxxer.hikari.pool.HikariPool - HikariPool-1 - keepalive: connection org.mariadb.jdbc.Connection@60c29e45 is alive
19/12/2025 23:43:28.306 DEBUG com.zaxxer.hikari.pool.PoolBase - HikariPool-1 - Closing connection org.mariadb.jdbc.Connection@3c575fa2: (connection has passed maxLifetime)
19/12/2025 23:43:28.306 DEBUG com.zaxxer.hikari.pool.PoolBase - HikariPool-1 - Closing connection org.mariadb.jdbc.Connection@5c78a0ed: (connection has passed maxLifetime)
19/12/2025 23:43:28.306 DEBUG com.zaxxer.hikari.pool.PoolBase - HikariPool-1 - Closing connection org.mariadb.jdbc.Connection@1d085ab8: (connection has passed maxLifetime)
19/12/2025 23:43:28.306 DEBUG com.zaxxer.hikari.pool.PoolBase - HikariPool-1 - Attempting to create/setup new connection (9e9f6c1a-de01-44d9-89ea-7df1edae1f71)
19/12/2025 23:43:28.306 DEBUG com.zaxxer.hikari.pool.PoolBase - HikariPool-1 - Closing connection org.mariadb.jdbc.Connection@95ef916: (connection has passed maxLifetime)
19/12/2025 23:43:28.306 DEBUG com.zaxxer.hikari.pool.PoolBase - HikariPool-1 - Closing connection org.mariadb.jdbc.Connection@4b16c7bd: (connection has passed maxLifetime)
19/12/2025 23:43:28.306 DEBUG com.zaxxer.hikari.pool.PoolBase - HikariPool-1 - Closing connection org.mariadb.jdbc.Connection@294f4cd9: (connection has passed maxLifetime)
19/12/2025 23:43:28.306 DEBUG com.zaxxer.hikari.pool.PoolBase - HikariPool-1 - Closing connection org.mariadb.jdbc.Connection@5f0033f: (connection has passed maxLifetime)
19/12/2025 23:43:28.306 DEBUG com.zaxxer.hikari.pool.PoolBase - HikariPool-1 - Closing connection org.mariadb.jdbc.Connection@4d92b22d: (connection has passed maxLifetime)
19/12/2025 23:43:28.306 DEBUG com.zaxxer.hikari.pool.PoolBase - HikariPool-1 - Closing connection org.mariadb.jdbc.Connection@60c29e45: (connection has passed maxLifetime)
19/12/2025 23:43:28.312 DEBUG com.zaxxer.hikari.pool.PoolBase - HikariPool-1 - Closing connection org.mariadb.jdbc.Connection@28bd042c: (connection has passed maxLifetime)
19/12/2025 23:43:28.312 DEBUG o.m.jdbc.message.server.OkPacket - Database change: is 'authenticationservice'
19/12/2025 23:43:28.312 DEBUG o.m.jdbc.client.impl.StandardClient - execute query: set sql_mode=CONCAT(@@sql_mode,',STRICT_TRANS_TABLES'),session_track_system_variables = CONCAT(@@global.session_track_system_variables,',transaction_isolation'),NAMES utf8mb4
19/12/2025 23:43:28.312 DEBUG o.m.jdbc.message.server.OkPacket - System variable change:  character_set_client = utf8mb4
19/12/2025 23:43:28.312 DEBUG o.m.jdbc.message.server.OkPacket - System variable change:  character_set_connection = utf8mb4
19/12/2025 23:43:28.312 DEBUG o.m.jdbc.message.server.OkPacket - System variable change:  character_set_results = utf8mb4
19/12/2025 23:43:28.312 DEBUG com.zaxxer.hikari.pool.PoolBase - HikariPool-1 - Established new connection (9e9f6c1a-de01-44d9-89ea-7df1edae1f71)
19/12/2025 23:43:28.312 DEBUG com.zaxxer.hikari.pool.HikariPool - HikariPool-1 - Added connection org.mariadb.jdbc.Connection@5fcac16c
19/12/2025 23:43:28.353 DEBUG com.zaxxer.hikari.pool.PoolBase - HikariPool-1 - Attempting to create/setup new connection (ceeed6bb-6915-451e-b1c7-5fae276f3795)
19/12/2025 23:43:28.355 DEBUG o.m.jdbc.message.server.OkPacket - Database change: is 'authenticationservice'
19/12/2025 23:43:28.355 DEBUG o.m.jdbc.client.impl.StandardClient - execute query: set sql_mode=CONCAT(@@sql_mode,',STRICT_TRANS_TABLES'),session_track_system_variables = CONCAT(@@global.session_track_system_variables,',transaction_isolation'),NAMES utf8mb4
19/12/2025 23:43:28.355 DEBUG o.m.jdbc.message.server.OkPacket - System variable change:  character_set_client = utf8mb4
19/12/2025 23:43:28.355 DEBUG o.m.jdbc.message.server.OkPacket - System variable change:  character_set_connection = utf8mb4
19/12/2025 23:43:28.355 DEBUG o.m.jdbc.message.server.OkPacket - System variable change:  character_set_results = utf8mb4
19/12/2025 23:43:28.355 DEBUG com.zaxxer.hikari.pool.PoolBase - HikariPool-1 - Established new connection (ceeed6bb-6915-451e-b1c7-5fae276f3795)
19/12/2025 23:43:28.355 DEBUG com.zaxxer.hikari.pool.HikariPool - HikariPool-1 - Added connection org.mariadb.jdbc.Connection@3fe53e23
19/12/2025 23:43:28.401 DEBUG com.zaxxer.hikari.pool.PoolBase - HikariPool-1 - Attempting to create/setup new connection (3610a996-216f-49b5-94d6-944179db3821)
19/12/2025 23:43:28.403 DEBUG o.m.jdbc.message.server.OkPacket - Database change: is 'authenticationservice'
19/12/2025 23:43:28.403 DEBUG o.m.jdbc.client.impl.StandardClient - execute query: set sql_mode=CONCAT(@@sql_mode,',STRICT_TRANS_TABLES'),session_track_system_variables = CONCAT(@@global.session_track_system_variables,',transaction_isolation'),NAMES utf8mb4
19/12/2025 23:43:28.403 DEBUG o.m.jdbc.message.server.OkPacket - System variable change:  character_set_client = utf8mb4
19/12/2025 23:43:28.403 DEBUG o.m.jdbc.message.server.OkPacket - System variable change:  character_set_connection = utf8mb4
19/12/2025 23:43:28.403 DEBUG o.m.jdbc.message.server.OkPacket - System variable change:  character_set_results = utf8mb4
19/12/2025 23:43:28.403 DEBUG com.zaxxer.hikari.pool.PoolBase - HikariPool-1 - Established new connection (3610a996-216f-49b5-94d6-944179db3821)
19/12/2025 23:43:28.403 DEBUG com.zaxxer.hikari.pool.HikariPool - HikariPool-1 - Added connection org.mariadb.jdbc.Connection@3bab657f
19/12/2025 23:43:28.448 DEBUG com.zaxxer.hikari.pool.PoolBase - HikariPool-1 - Attempting to create/setup new connection (293fc5f1-6045-4ed2-8ea1-d5d32218716b)
19/12/2025 23:43:28.451 DEBUG o.m.jdbc.message.server.OkPacket - Database change: is 'authenticationservice'
19/12/2025 23:43:28.451 DEBUG o.m.jdbc.client.impl.StandardClient - execute query: set sql_mode=CONCAT(@@sql_mode,',STRICT_TRANS_TABLES'),session_track_system_variables = CONCAT(@@global.session_track_system_variables,',transaction_isolation'),NAMES utf8mb4
19/12/2025 23:43:28.451 DEBUG o.m.jdbc.message.server.OkPacket - System variable change:  character_set_client = utf8mb4
19/12/2025 23:43:28.451 DEBUG o.m.jdbc.message.server.OkPacket - System variable change:  character_set_connection = utf8mb4
19/12/2025 23:43:28.451 DEBUG o.m.jdbc.message.server.OkPacket - System variable change:  character_set_results = utf8mb4
19/12/2025 23:43:28.451 DEBUG com.zaxxer.hikari.pool.PoolBase - HikariPool-1 - Established new connection (293fc5f1-6045-4ed2-8ea1-d5d32218716b)
19/12/2025 23:43:28.451 DEBUG com.zaxxer.hikari.pool.HikariPool - HikariPool-1 - Added connection org.mariadb.jdbc.Connection@13f28e7f
19/12/2025 23:43:28.496 DEBUG com.zaxxer.hikari.pool.PoolBase - HikariPool-1 - Attempting to create/setup new connection (70b0bba9-3aba-43a9-bf7c-6768542a5f7b)
19/12/2025 23:43:28.496 DEBUG o.m.jdbc.message.server.OkPacket - Database change: is 'authenticationservice'
19/12/2025 23:43:28.496 DEBUG o.m.jdbc.client.impl.StandardClient - execute query: set sql_mode=CONCAT(@@sql_mode,',STRICT_TRANS_TABLES'),session_track_system_variables = CONCAT(@@global.session_track_system_variables,',transaction_isolation'),NAMES utf8mb4
19/12/2025 23:43:28.496 DEBUG o.m.jdbc.message.server.OkPacket - System variable change:  character_set_client = utf8mb4
19/12/2025 23:43:28.496 DEBUG o.m.jdbc.message.server.OkPacket - System variable change:  character_set_connection = utf8mb4
19/12/2025 23:43:28.496 DEBUG o.m.jdbc.message.server.OkPacket - System variable change:  character_set_results = utf8mb4
19/12/2025 23:43:28.496 DEBUG com.zaxxer.hikari.pool.PoolBase - HikariPool-1 - Established new connection (70b0bba9-3aba-43a9-bf7c-6768542a5f7b)
19/12/2025 23:43:28.496 DEBUG com.zaxxer.hikari.pool.HikariPool - HikariPool-1 - Added connection org.mariadb.jdbc.Connection@575be6c6
19/12/2025 23:43:28.544 DEBUG com.zaxxer.hikari.pool.PoolBase - HikariPool-1 - Attempting to create/setup new connection (3dc8b213-59b6-4ca3-a825-9e5c90ea72b5)
19/12/2025 23:43:28.546 DEBUG o.m.jdbc.message.server.OkPacket - Database change: is 'authenticationservice'
19/12/2025 23:43:28.546 DEBUG o.m.jdbc.client.impl.StandardClient - execute query: set sql_mode=CONCAT(@@sql_mode,',STRICT_TRANS_TABLES'),session_track_system_variables = CONCAT(@@global.session_track_system_variables,',transaction_isolation'),NAMES utf8mb4
19/12/2025 23:43:28.546 DEBUG o.m.jdbc.message.server.OkPacket - System variable change:  character_set_client = utf8mb4
19/12/2025 23:43:28.546 DEBUG o.m.jdbc.message.server.OkPacket - System variable change:  character_set_connection = utf8mb4
19/12/2025 23:43:28.546 DEBUG o.m.jdbc.message.server.OkPacket - System variable change:  character_set_results = utf8mb4
19/12/2025 23:43:28.546 DEBUG com.zaxxer.hikari.pool.PoolBase - HikariPool-1 - Established new connection (3dc8b213-59b6-4ca3-a825-9e5c90ea72b5)
19/12/2025 23:43:28.546 DEBUG com.zaxxer.hikari.pool.HikariPool - HikariPool-1 - Added connection org.mariadb.jdbc.Connection@7758be29
19/12/2025 23:43:28.591 DEBUG com.zaxxer.hikari.pool.PoolBase - HikariPool-1 - Attempting to create/setup new connection (d1414953-8f35-47be-8ba2-4a0d589d6739)
19/12/2025 23:43:28.591 DEBUG o.m.jdbc.message.server.OkPacket - Database change: is 'authenticationservice'
19/12/2025 23:43:28.591 DEBUG o.m.jdbc.client.impl.StandardClient - execute query: set sql_mode=CONCAT(@@sql_mode,',STRICT_TRANS_TABLES'),session_track_system_variables = CONCAT(@@global.session_track_system_variables,',transaction_isolation'),NAMES utf8mb4
19/12/2025 23:43:28.591 DEBUG o.m.jdbc.message.server.OkPacket - System variable change:  character_set_client = utf8mb4
19/12/2025 23:43:28.591 DEBUG o.m.jdbc.message.server.OkPacket - System variable change:  character_set_connection = utf8mb4
19/12/2025 23:43:28.591 DEBUG o.m.jdbc.message.server.OkPacket - System variable change:  character_set_results = utf8mb4
19/12/2025 23:43:28.591 DEBUG com.zaxxer.hikari.pool.PoolBase - HikariPool-1 - Established new connection (d1414953-8f35-47be-8ba2-4a0d589d6739)
19/12/2025 23:43:28.591 DEBUG com.zaxxer.hikari.pool.HikariPool - HikariPool-1 - Added connection org.mariadb.jdbc.Connection@776ba3e6
19/12/2025 23:43:28.639 DEBUG com.zaxxer.hikari.pool.PoolBase - HikariPool-1 - Attempting to create/setup new connection (531b7050-6249-4a20-82e0-0be433889bef)
19/12/2025 23:43:28.641 DEBUG o.m.jdbc.message.server.OkPacket - Database change: is 'authenticationservice'
19/12/2025 23:43:28.641 DEBUG o.m.jdbc.client.impl.StandardClient - execute query: set sql_mode=CONCAT(@@sql_mode,',STRICT_TRANS_TABLES'),session_track_system_variables = CONCAT(@@global.session_track_system_variables,',transaction_isolation'),NAMES utf8mb4
19/12/2025 23:43:28.641 DEBUG o.m.jdbc.message.server.OkPacket - System variable change:  character_set_client = utf8mb4
19/12/2025 23:43:28.641 DEBUG o.m.jdbc.message.server.OkPacket - System variable change:  character_set_connection = utf8mb4
19/12/2025 23:43:28.641 DEBUG o.m.jdbc.message.server.OkPacket - System variable change:  character_set_results = utf8mb4
19/12/2025 23:43:28.641 DEBUG com.zaxxer.hikari.pool.PoolBase - HikariPool-1 - Established new connection (531b7050-6249-4a20-82e0-0be433889bef)
19/12/2025 23:43:28.641 DEBUG com.zaxxer.hikari.pool.HikariPool - HikariPool-1 - Added connection org.mariadb.jdbc.Connection@7a773d2c
19/12/2025 23:43:28.686 DEBUG com.zaxxer.hikari.pool.PoolBase - HikariPool-1 - Attempting to create/setup new connection (e2ce9110-9bb1-4209-a410-fc3e8dc75289)
19/12/2025 23:43:28.688 DEBUG o.m.jdbc.message.server.OkPacket - Database change: is 'authenticationservice'
19/12/2025 23:43:28.688 DEBUG o.m.jdbc.client.impl.StandardClient - execute query: set sql_mode=CONCAT(@@sql_mode,',STRICT_TRANS_TABLES'),session_track_system_variables = CONCAT(@@global.session_track_system_variables,',transaction_isolation'),NAMES utf8mb4
19/12/2025 23:43:28.688 DEBUG o.m.jdbc.message.server.OkPacket - System variable change:  character_set_client = utf8mb4
19/12/2025 23:43:28.688 DEBUG o.m.jdbc.message.server.OkPacket - System variable change:  character_set_connection = utf8mb4
19/12/2025 23:43:28.688 DEBUG o.m.jdbc.message.server.OkPacket - System variable change:  character_set_results = utf8mb4
19/12/2025 23:43:28.688 DEBUG com.zaxxer.hikari.pool.PoolBase - HikariPool-1 - Established new connection (e2ce9110-9bb1-4209-a410-fc3e8dc75289)
19/12/2025 23:43:28.688 DEBUG com.zaxxer.hikari.pool.HikariPool - HikariPool-1 - Added connection org.mariadb.jdbc.Connection@261b76bd
19/12/2025 23:43:28.733 DEBUG com.zaxxer.hikari.pool.PoolBase - HikariPool-1 - Attempting to create/setup new connection (bfe4fc42-20b3-41ce-b355-fca42bcc8604)
19/12/2025 23:43:28.733 DEBUG o.m.jdbc.message.server.OkPacket - Database change: is 'authenticationservice'
19/12/2025 23:43:28.733 DEBUG o.m.jdbc.client.impl.StandardClient - execute query: set sql_mode=CONCAT(@@sql_mode,',STRICT_TRANS_TABLES'),session_track_system_variables = CONCAT(@@global.session_track_system_variables,',transaction_isolation'),NAMES utf8mb4
19/12/2025 23:43:28.733 DEBUG o.m.jdbc.message.server.OkPacket - System variable change:  character_set_client = utf8mb4
19/12/2025 23:43:28.733 DEBUG o.m.jdbc.message.server.OkPacket - System variable change:  character_set_connection = utf8mb4
19/12/2025 23:43:28.733 DEBUG o.m.jdbc.message.server.OkPacket - System variable change:  character_set_results = utf8mb4
19/12/2025 23:43:28.733 DEBUG com.zaxxer.hikari.pool.PoolBase - HikariPool-1 - Established new connection (bfe4fc42-20b3-41ce-b355-fca42bcc8604)
19/12/2025 23:43:28.733 DEBUG com.zaxxer.hikari.pool.HikariPool - HikariPool-1 - Added connection org.mariadb.jdbc.Connection@6ada737f
19/12/2025 23:43:28.780 DEBUG com.zaxxer.hikari.pool.HikariPool - HikariPool-1 - Connection not added, stats (total=10/10, idle=10/10, active=0, waiting=0)
19/12/2025 23:43:58.310 DEBUG com.zaxxer.hikari.pool.HikariPool - HikariPool-1 - Pool stats (total=10/10, idle=10/10, active=0, waiting=0)
19/12/2025 23:43:58.310 DEBUG com.zaxxer.hikari.pool.HikariPool - HikariPool-1 - Fill pool skipped, pool has sufficient level or currently being filled.
19/12/2025 23:44:28.316 DEBUG com.zaxxer.hikari.pool.HikariPool - HikariPool-1 - Pool stats (total=10/10, idle=10/10, active=0, waiting=0)
19/12/2025 23:44:28.316 DEBUG com.zaxxer.hikari.pool.HikariPool - HikariPool-1 - Fill pool skipped, pool has sufficient level or currently being filled.
19/12/2025 23:44:58.319 DEBUG com.zaxxer.hikari.pool.HikariPool - HikariPool-1 - Pool stats (total=10/10, idle=10/10, active=0, waiting=0)
19/12/2025 23:44:58.319 DEBUG com.zaxxer.hikari.pool.HikariPool - HikariPool-1 - Fill pool skipped, pool has sufficient level or currently being filled.
19/12/2025 23:45:04.993 DEBUG com.zaxxer.hikari.pool.HikariPool - HikariPool-1 - keepalive: connection org.mariadb.jdbc.Connection@776ba3e6 is alive
19/12/2025 23:45:05.572 DEBUG com.zaxxer.hikari.pool.HikariPool - HikariPool-1 - keepalive: connection org.mariadb.jdbc.Connection@3fe53e23 is alive
19/12/2025 23:45:10.727 DEBUG com.zaxxer.hikari.pool.HikariPool - HikariPool-1 - keepalive: connection org.mariadb.jdbc.Connection@575be6c6 is alive
19/12/2025 23:45:14.979 DEBUG com.zaxxer.hikari.pool.HikariPool - HikariPool-1 - keepalive: connection org.mariadb.jdbc.Connection@13f28e7f is alive
19/12/2025 23:45:15.964 DEBUG com.zaxxer.hikari.pool.HikariPool - HikariPool-1 - keepalive: connection org.mariadb.jdbc.Connection@3bab657f is alive
19/12/2025 23:45:19.089 DEBUG com.zaxxer.hikari.pool.HikariPool - HikariPool-1 - keepalive: connection org.mariadb.jdbc.Connection@7758be29 is alive
19/12/2025 23:45:21.538 DEBUG com.zaxxer.hikari.pool.HikariPool - HikariPool-1 - keepalive: connection org.mariadb.jdbc.Connection@5fcac16c is alive
19/12/2025 23:45:24.543 DEBUG com.zaxxer.hikari.pool.HikariPool - HikariPool-1 - keepalive: connection org.mariadb.jdbc.Connection@6ada737f is alive
19/12/2025 23:45:24.987 DEBUG com.zaxxer.hikari.pool.HikariPool - HikariPool-1 - keepalive: connection org.mariadb.jdbc.Connection@261b76bd is alive
19/12/2025 23:45:27.824 DEBUG com.zaxxer.hikari.pool.HikariPool - HikariPool-1 - keepalive: connection org.mariadb.jdbc.Connection@7a773d2c is alive
19/12/2025 23:45:28.334 DEBUG com.zaxxer.hikari.pool.HikariPool - HikariPool-1 - Pool stats (total=10/10, idle=10/10, active=0, waiting=0)
19/12/2025 23:45:28.334 DEBUG com.zaxxer.hikari.pool.HikariPool - HikariPool-1 - Fill pool skipped, pool has sufficient level or currently being filled.
19/12/2025 23:45:45.818 DEBUG o.s.security.web.FilterChainProxy - Securing GET /api/isUserAuthenticate
19/12/2025 23:45:45.818 DEBUG o.s.web.cors.DefaultCorsProcessor - Reject: 'https://neptunesystem.zcsautomation.com' origin is not allowed
19/12/2025 23:45:58.346 DEBUG com.zaxxer.hikari.pool.HikariPool - HikariPool-1 - Pool stats (total=10/10, idle=10/10, active=0, waiting=0)
19/12/2025 23:45:58.346 DEBUG com.zaxxer.hikari.pool.HikariPool - HikariPool-1 - Fill pool skipped, pool has sufficient level or currently being filled.
19/12/2025 23:46:28.347 DEBUG com.zaxxer.hikari.pool.HikariPool - HikariPool-1 - Pool stats (total=10/10, idle=10/10, active=0, waiting=0)
19/12/2025 23:46:28.348 DEBUG com.zaxxer.hikari.pool.HikariPool - HikariPool-1 - Fill pool skipped, pool has sufficient level or currently being filled.
19/12/2025 23:46:41.389 DEBUG com.zaxxer.hikari.pool.HikariPool - HikariPool-1 - keepalive: connection org.mariadb.jdbc.Connection@776ba3e6 is alive
19/12/2025 23:46:42.776 DEBUG com.zaxxer.hikari.pool.HikariPool - HikariPool-1 - keepalive: connection org.mariadb.jdbc.Connection@3fe53e23 is alive
19/12/2025 23:46:52.944 DEBUG com.zaxxer.hikari.pool.HikariPool - HikariPool-1 - keepalive: connection org.mariadb.jdbc.Connection@575be6c6 is alive
19/12/2025 23:46:58.353 DEBUG com.zaxxer.hikari.pool.HikariPool - HikariPool-1 - Pool stats (total=10/10, idle=10/10, active=0, waiting=0)
19/12/2025 23:46:58.353 DEBUG com.zaxxer.hikari.pool.HikariPool - HikariPool-1 - Fill pool skipped, pool has sufficient level or currently being filled.
19/12/2025 23:47:01.499 DEBUG com.zaxxer.hikari.pool.HikariPool - HikariPool-1 - keepalive: connection org.mariadb.jdbc.Connection@13f28e7f is alive
19/12/2025 23:47:03.522 DEBUG com.zaxxer.hikari.pool.HikariPool - HikariPool-1 - keepalive: connection org.mariadb.jdbc.Connection@3bab657f is alive
19/12/2025 23:47:09.634 DEBUG com.zaxxer.hikari.pool.HikariPool - HikariPool-1 - keepalive: connection org.mariadb.jdbc.Connection@7758be29 is alive
19/12/2025 23:47:14.766 DEBUG com.zaxxer.hikari.pool.HikariPool - HikariPool-1 - keepalive: connection org.mariadb.jdbc.Connection@5fcac16c is alive
19/12/2025 23:47:20.348 DEBUG com.zaxxer.hikari.pool.HikariPool - HikariPool-1 - keepalive: connection org.mariadb.jdbc.Connection@6ada737f is alive
19/12/2025 23:47:21.286 DEBUG com.zaxxer.hikari.pool.HikariPool - HikariPool-1 - keepalive: connection org.mariadb.jdbc.Connection@261b76bd is alive
19/12/2025 23:47:27.005 DEBUG com.zaxxer.hikari.pool.HikariPool - HikariPool-1 - keepalive: connection org.mariadb.jdbc.Connection@7a773d2c is alive
19/12/2025 23:47:28.360 DEBUG com.zaxxer.hikari.pool.HikariPool - HikariPool-1 - Pool stats (total=10/10, idle=10/10, active=0, waiting=0)
19/12/2025 23:47:28.360 DEBUG com.zaxxer.hikari.pool.HikariPool - HikariPool-1 - Fill pool skipped, pool has sufficient level or currently being filled.
19/12/2025 23:47:58.367 DEBUG com.zaxxer.hikari.pool.HikariPool - HikariPool-1 - Pool stats (total=10/10, idle=10/10, active=0, waiting=0)
19/12/2025 23:47:58.368 DEBUG com.zaxxer.hikari.pool.HikariPool - HikariPool-1 - Fill pool skipped, pool has sufficient level or currently being filled.
19/12/2025 23:48:17.788 DEBUG com.zaxxer.hikari.pool.HikariPool - HikariPool-1 - keepalive: connection org.mariadb.jdbc.Connection@776ba3e6 is alive
19/12/2025 23:48:19.983 DEBUG com.zaxxer.hikari.pool.HikariPool - HikariPool-1 - keepalive: connection org.mariadb.jdbc.Connection@3fe53e23 is alive
19/12/2025 23:48:28.369 DEBUG com.zaxxer.hikari.pool.HikariPool - HikariPool-1 - Pool stats (total=10/10, idle=10/10, active=0, waiting=0)
19/12/2025 23:48:28.369 DEBUG com.zaxxer.hikari.pool.HikariPool - HikariPool-1 - Fill pool skipped, pool has sufficient level or currently being filled.
19/12/2025 23:48:35.164 DEBUG com.zaxxer.hikari.pool.HikariPool - HikariPool-1 - keepalive: connection org.mariadb.jdbc.Connection@575be6c6 is alive
19/12/2025 23:48:48.025 DEBUG com.zaxxer.hikari.pool.HikariPool - HikariPool-1 - keepalive: connection org.mariadb.jdbc.Connection@13f28e7f is alive
19/12/2025 23:48:51.073 DEBUG com.zaxxer.hikari.pool.HikariPool - HikariPool-1 - keepalive: connection org.mariadb.jdbc.Connection@3bab657f is alive
19/12/2025 23:48:58.374 DEBUG com.zaxxer.hikari.pool.HikariPool - HikariPool-1 - Pool stats (total=10/10, idle=10/10, active=0, waiting=0)
19/12/2025 23:48:58.374 DEBUG com.zaxxer.hikari.pool.HikariPool - HikariPool-1 - Fill pool skipped, pool has sufficient level or currently being filled.
19/12/2025 23:49:00.179 DEBUG com.zaxxer.hikari.pool.HikariPool - HikariPool-1 - keepalive: connection org.mariadb.jdbc.Connection@7758be29 is alive
19/12/2025 23:49:07.990 DEBUG com.zaxxer.hikari.pool.HikariPool - HikariPool-1 - keepalive: connection org.mariadb.jdbc.Connection@5fcac16c is alive
19/12/2025 23:49:16.152 DEBUG com.zaxxer.hikari.pool.HikariPool - HikariPool-1 - keepalive: connection org.mariadb.jdbc.Connection@6ada737f is alive
19/12/2025 23:49:17.583 DEBUG com.zaxxer.hikari.pool.HikariPool - HikariPool-1 - keepalive: connection org.mariadb.jdbc.Connection@261b76bd is alive
19/12/2025 23:49:26.187 DEBUG com.zaxxer.hikari.pool.HikariPool - HikariPool-1 - keepalive: connection org.mariadb.jdbc.Connection@7a773d2c is alive
19/12/2025 23:49:28.385 DEBUG com.zaxxer.hikari.pool.HikariPool - HikariPool-1 - Pool stats (total=10/10, idle=10/10, active=0, waiting=0)
19/12/2025 23:49:28.385 DEBUG com.zaxxer.hikari.pool.HikariPool - HikariPool-1 - Fill pool skipped, pool has sufficient level or currently being filled.
19/12/2025 23:49:54.178 DEBUG com.zaxxer.hikari.pool.HikariPool - HikariPool-1 - keepalive: connection org.mariadb.jdbc.Connection@776ba3e6 is alive
19/12/2025 23:49:57.246 DEBUG com.zaxxer.hikari.pool.HikariPool - HikariPool-1 - keepalive: connection org.mariadb.jdbc.Connection@3fe53e23 is alive
19/12/2025 23:49:58.390 DEBUG com.zaxxer.hikari.pool.HikariPool - HikariPool-1 - Pool stats (total=10/10, idle=10/10, active=0, waiting=0)
19/12/2025 23:49:58.390 DEBUG com.zaxxer.hikari.pool.HikariPool - HikariPool-1 - Fill pool skipped, pool has sufficient level or currently being filled.
19/12/2025 23:50:17.378 DEBUG com.zaxxer.hikari.pool.HikariPool - HikariPool-1 - keepalive: connection org.mariadb.jdbc.Connection@575be6c6 is alive
19/12/2025 23:50:28.401 DEBUG com.zaxxer.hikari.pool.HikariPool - HikariPool-1 - Pool stats (total=10/10, idle=10/10, active=0, waiting=0)
19/12/2025 23:50:28.401 DEBUG com.zaxxer.hikari.pool.HikariPool - HikariPool-1 - Fill pool skipped, pool has sufficient level or currently being filled.
19/12/2025 23:50:34.557 DEBUG com.zaxxer.hikari.pool.HikariPool - HikariPool-1 - keepalive: connection org.mariadb.jdbc.Connection@13f28e7f is alive
19/12/2025 23:50:38.630 DEBUG com.zaxxer.hikari.pool.HikariPool - HikariPool-1 - keepalive: connection org.mariadb.jdbc.Connection@3bab657f is alive
19/12/2025 23:50:50.728 DEBUG com.zaxxer.hikari.pool.HikariPool - HikariPool-1 - keepalive: connection org.mariadb.jdbc.Connection@7758be29 is alive
19/12/2025 23:50:58.402 DEBUG com.zaxxer.hikari.pool.HikariPool - HikariPool-1 - Pool stats (total=10/10, idle=10/10, active=0, waiting=0)
19/12/2025 23:50:58.402 DEBUG com.zaxxer.hikari.pool.HikariPool - HikariPool-1 - Fill pool skipped, pool has sufficient level or currently being filled.
19/12/2025 23:51:01.209 DEBUG com.zaxxer.hikari.pool.HikariPool - HikariPool-1 - keepalive: connection org.mariadb.jdbc.Connection@5fcac16c is alive
19/12/2025 23:51:11.963 DEBUG com.zaxxer.hikari.pool.HikariPool - HikariPool-1 - keepalive: connection org.mariadb.jdbc.Connection@6ada737f is alive
19/12/2025 23:51:13.878 DEBUG com.zaxxer.hikari.pool.HikariPool - HikariPool-1 - keepalive: connection org.mariadb.jdbc.Connection@261b76bd is alive
19/12/2025 23:51:25.366 DEBUG com.zaxxer.hikari.pool.HikariPool - HikariPool-1 - keepalive: connection org.mariadb.jdbc.Connection@7a773d2c is alive
19/12/2025 23:51:28.417 DEBUG com.zaxxer.hikari.pool.HikariPool - HikariPool-1 - Pool stats (total=10/10, idle=10/10, active=0, waiting=0)
19/12/2025 23:51:28.417 DEBUG com.zaxxer.hikari.pool.HikariPool - HikariPool-1 - Fill pool skipped, pool has sufficient level or currently being filled.
19/12/2025 23:51:30.567 DEBUG com.zaxxer.hikari.pool.HikariPool - HikariPool-1 - keepalive: connection org.mariadb.jdbc.Connection@776ba3e6 is alive
19/12/2025 23:51:34.455 DEBUG com.zaxxer.hikari.pool.HikariPool - HikariPool-1 - keepalive: connection org.mariadb.jdbc.Connection@3fe53e23 is alive
19/12/2025 23:51:58.433 DEBUG com.zaxxer.hikari.pool.HikariPool - HikariPool-1 - Pool stats (total=10/10, idle=10/10, active=0, waiting=0)
19/12/2025 23:51:58.433 DEBUG com.zaxxer.hikari.pool.HikariPool - HikariPool-1 - Fill pool skipped, pool has sufficient level or currently being filled.
19/12/2025 23:51:59.595 DEBUG com.zaxxer.hikari.pool.HikariPool - HikariPool-1 - keepalive: connection org.mariadb.jdbc.Connection@575be6c6 is alive
19/12/2025 23:52:21.090 DEBUG com.zaxxer.hikari.pool.HikariPool - HikariPool-1 - keepalive: connection org.mariadb.jdbc.Connection@13f28e7f is alive
19/12/2025 23:52:26.185 DEBUG com.zaxxer.hikari.pool.HikariPool - HikariPool-1 - keepalive: connection org.mariadb.jdbc.Connection@3bab657f is alive
19/12/2025 23:52:28.435 DEBUG com.zaxxer.hikari.pool.HikariPool - HikariPool-1 - Pool stats (total=10/10, idle=10/10, active=0, waiting=0)
19/12/2025 23:52:28.435 DEBUG com.zaxxer.hikari.pool.HikariPool - HikariPool-1 - Fill pool skipped, pool has sufficient level or currently being filled.
19/12/2025 23:52:41.277 DEBUG com.zaxxer.hikari.pool.HikariPool - HikariPool-1 - keepalive: connection org.mariadb.jdbc.Connection@7758be29 is alive
19/12/2025 23:52:54.437 DEBUG com.zaxxer.hikari.pool.HikariPool - HikariPool-1 - keepalive: connection org.mariadb.jdbc.Connection@5fcac16c is alive
19/12/2025 23:52:58.449 DEBUG com.zaxxer.hikari.pool.HikariPool - HikariPool-1 - Pool stats (total=10/10, idle=10/10, active=0, waiting=0)
19/12/2025 23:52:58.449 DEBUG com.zaxxer.hikari.pool.HikariPool - HikariPool-1 - Fill pool skipped, pool has sufficient level or currently being filled.
19/12/2025 23:53:06.961 DEBUG com.zaxxer.hikari.pool.HikariPool - HikariPool-1 - keepalive: connection org.mariadb.jdbc.Connection@776ba3e6 is alive
19/12/2025 23:53:07.762 DEBUG com.zaxxer.hikari.pool.HikariPool - HikariPool-1 - keepalive: connection org.mariadb.jdbc.Connection@6ada737f is alive
19/12/2025 23:53:10.176 DEBUG com.zaxxer.hikari.pool.HikariPool - HikariPool-1 - keepalive: connection org.mariadb.jdbc.Connection@261b76bd is alive
19/12/2025 23:53:11.660 DEBUG com.zaxxer.hikari.pool.HikariPool - HikariPool-1 - keepalive: connection org.mariadb.jdbc.Connection@3fe53e23 is alive
19/12/2025 23:53:24.548 DEBUG com.zaxxer.hikari.pool.HikariPool - HikariPool-1 - keepalive: connection org.mariadb.jdbc.Connection@7a773d2c is alive
19/12/2025 23:53:28.452 DEBUG com.zaxxer.hikari.pool.HikariPool - HikariPool-1 - Pool stats (total=10/10, idle=10/10, active=0, waiting=0)
19/12/2025 23:53:28.452 DEBUG com.zaxxer.hikari.pool.HikariPool - HikariPool-1 - Fill pool skipped, pool has sufficient level or currently being filled.
19/12/2025 23:53:41.819 DEBUG com.zaxxer.hikari.pool.HikariPool - HikariPool-1 - keepalive: connection org.mariadb.jdbc.Connection@575be6c6 is alive
19/12/2025 23:53:58.460 DEBUG com.zaxxer.hikari.pool.HikariPool - HikariPool-1 - Pool stats (total=10/10, idle=10/10, active=0, waiting=0)
19/12/2025 23:53:58.460 DEBUG com.zaxxer.hikari.pool.HikariPool - HikariPool-1 - Fill pool skipped, pool has sufficient level or currently being filled.
19/12/2025 23:54:07.625 DEBUG com.zaxxer.hikari.pool.HikariPool - HikariPool-1 - keepalive: connection org.mariadb.jdbc.Connection@13f28e7f is alive
19/12/2025 23:54:13.732 DEBUG com.zaxxer.hikari.pool.HikariPool - HikariPool-1 - keepalive: connection org.mariadb.jdbc.Connection@3bab657f is alive
19/12/2025 23:54:28.465 DEBUG com.zaxxer.hikari.pool.HikariPool - HikariPool-1 - Pool stats (total=10/10, idle=10/10, active=0, waiting=0)
19/12/2025 23:54:28.465 DEBUG com.zaxxer.hikari.pool.HikariPool - HikariPool-1 - Fill pool skipped, pool has sufficient level or currently being filled.
19/12/2025 23:54:31.822 DEBUG com.zaxxer.hikari.pool.HikariPool - HikariPool-1 - keepalive: connection org.mariadb.jdbc.Connection@7758be29 is alive
19/12/2025 23:54:43.362 DEBUG com.zaxxer.hikari.pool.HikariPool - HikariPool-1 - keepalive: connection org.mariadb.jdbc.Connection@776ba3e6 is alive
19/12/2025 23:54:47.658 DEBUG com.zaxxer.hikari.pool.HikariPool - HikariPool-1 - keepalive: connection org.mariadb.jdbc.Connection@5fcac16c is alive
19/12/2025 23:54:48.871 DEBUG com.zaxxer.hikari.pool.HikariPool - HikariPool-1 - keepalive: connection org.mariadb.jdbc.Connection@3fe53e23 is alive
19/12/2025 23:54:58.473 DEBUG com.zaxxer.hikari.pool.HikariPool - HikariPool-1 - Pool stats (total=10/10, idle=10/10, active=0, waiting=0)
19/12/2025 23:54:58.473 DEBUG com.zaxxer.hikari.pool.HikariPool - HikariPool-1 - Fill pool skipped, pool has sufficient level or currently being filled.
19/12/2025 23:55:03.577 DEBUG com.zaxxer.hikari.pool.HikariPool - HikariPool-1 - keepalive: connection org.mariadb.jdbc.Connection@6ada737f is alive
19/12/2025 23:55:06.463 DEBUG com.zaxxer.hikari.pool.HikariPool - HikariPool-1 - keepalive: connection org.mariadb.jdbc.Connection@261b76bd is alive
19/12/2025 23:55:23.721 DEBUG com.zaxxer.hikari.pool.HikariPool - HikariPool-1 - keepalive: connection org.mariadb.jdbc.Connection@7a773d2c is alive
19/12/2025 23:55:24.046 DEBUG com.zaxxer.hikari.pool.HikariPool - HikariPool-1 - keepalive: connection org.mariadb.jdbc.Connection@575be6c6 is alive
19/12/2025 23:55:28.475 DEBUG com.zaxxer.hikari.pool.HikariPool - HikariPool-1 - Pool stats (total=10/10, idle=10/10, active=0, waiting=0)
19/12/2025 23:55:28.476 DEBUG com.zaxxer.hikari.pool.HikariPool - HikariPool-1 - Fill pool skipped, pool has sufficient level or currently being filled.
19/12/2025 23:55:54.146 DEBUG com.zaxxer.hikari.pool.HikariPool - HikariPool-1 - keepalive: connection org.mariadb.jdbc.Connection@13f28e7f is alive
19/12/2025 23:55:58.477 DEBUG com.zaxxer.hikari.pool.HikariPool - HikariPool-1 - Pool stats (total=10/10, idle=10/10, active=0, waiting=0)
19/12/2025 23:55:58.477 DEBUG com.zaxxer.hikari.pool.HikariPool - HikariPool-1 - Fill pool skipped, pool has sufficient level or currently being filled.
19/12/2025 23:56:01.281 DEBUG com.zaxxer.hikari.pool.HikariPool - HikariPool-1 - keepalive: connection org.mariadb.jdbc.Connection@3bab657f is alive
19/12/2025 23:56:19.749 DEBUG com.zaxxer.hikari.pool.HikariPool - HikariPool-1 - keepalive: connection org.mariadb.jdbc.Connection@776ba3e6 is alive
19/12/2025 23:56:22.369 DEBUG com.zaxxer.hikari.pool.HikariPool - HikariPool-1 - keepalive: connection org.mariadb.jdbc.Connection@7758be29 is alive
19/12/2025 23:56:26.086 DEBUG com.zaxxer.hikari.pool.HikariPool - HikariPool-1 - keepalive: connection org.mariadb.jdbc.Connection@3fe53e23 is alive
19/12/2025 23:56:28.490 DEBUG com.zaxxer.hikari.pool.HikariPool - HikariPool-1 - Pool stats (total=10/10, idle=10/10, active=0, waiting=0)
19/12/2025 23:56:28.490 DEBUG com.zaxxer.hikari.pool.HikariPool - HikariPool-1 - Fill pool skipped, pool has sufficient level or currently being filled.
19/12/2025 23:56:40.881 DEBUG com.zaxxer.hikari.pool.HikariPool - HikariPool-1 - keepalive: connection org.mariadb.jdbc.Connection@5fcac16c is alive
19/12/2025 23:56:58.497 DEBUG com.zaxxer.hikari.pool.HikariPool - HikariPool-1 - Pool stats (total=10/10, idle=10/10, active=0, waiting=0)
19/12/2025 23:56:58.497 DEBUG com.zaxxer.hikari.pool.HikariPool - HikariPool-1 - Fill pool skipped, pool has sufficient level or currently being filled.
19/12/2025 23:56:59.377 DEBUG com.zaxxer.hikari.pool.HikariPool - HikariPool-1 - keepalive: connection org.mariadb.jdbc.Connection@6ada737f is alive
19/12/2025 23:57:02.763 DEBUG com.zaxxer.hikari.pool.HikariPool - HikariPool-1 - keepalive: connection org.mariadb.jdbc.Connection@261b76bd is alive
19/12/2025 23:57:06.261 DEBUG com.zaxxer.hikari.pool.HikariPool - HikariPool-1 - keepalive: connection org.mariadb.jdbc.Connection@575be6c6 is alive
19/12/2025 23:57:22.896 DEBUG com.zaxxer.hikari.pool.HikariPool - HikariPool-1 - keepalive: connection org.mariadb.jdbc.Connection@7a773d2c is alive
19/12/2025 23:57:28.513 DEBUG com.zaxxer.hikari.pool.HikariPool - HikariPool-1 - Pool stats (total=10/10, idle=10/10, active=0, waiting=0)
19/12/2025 23:57:28.513 DEBUG com.zaxxer.hikari.pool.HikariPool - HikariPool-1 - Fill pool skipped, pool has sufficient level or currently being filled.
19/12/2025 23:57:40.674 DEBUG com.zaxxer.hikari.pool.HikariPool - HikariPool-1 - keepalive: connection org.mariadb.jdbc.Connection@13f28e7f is alive
19/12/2025 23:57:48.830 DEBUG com.zaxxer.hikari.pool.HikariPool - HikariPool-1 - keepalive: connection org.mariadb.jdbc.Connection@3bab657f is alive
19/12/2025 23:57:56.148 DEBUG com.zaxxer.hikari.pool.HikariPool - HikariPool-1 - keepalive: connection org.mariadb.jdbc.Connection@776ba3e6 is alive
19/12/2025 23:57:58.521 DEBUG com.zaxxer.hikari.pool.HikariPool - HikariPool-1 - Pool stats (total=10/10, idle=10/10, active=0, waiting=0)
19/12/2025 23:57:58.521 DEBUG com.zaxxer.hikari.pool.HikariPool - HikariPool-1 - Fill pool skipped, pool has sufficient level or currently being filled.
19/12/2025 23:58:03.296 DEBUG com.zaxxer.hikari.pool.HikariPool - HikariPool-1 - keepalive: connection org.mariadb.jdbc.Connection@3fe53e23 is alive
19/12/2025 23:58:12.907 DEBUG com.zaxxer.hikari.pool.HikariPool - HikariPool-1 - keepalive: connection org.mariadb.jdbc.Connection@7758be29 is alive
19/12/2025 23:58:28.533 DEBUG com.zaxxer.hikari.pool.HikariPool - HikariPool-1 - Pool stats (total=10/10, idle=10/10, active=0, waiting=0)
19/12/2025 23:58:28.533 DEBUG com.zaxxer.hikari.pool.HikariPool - HikariPool-1 - Fill pool skipped, pool has sufficient level or currently being filled.
19/12/2025 23:58:34.108 DEBUG com.zaxxer.hikari.pool.HikariPool - HikariPool-1 - keepalive: connection org.mariadb.jdbc.Connection@5fcac16c is alive
19/12/2025 23:58:48.487 DEBUG com.zaxxer.hikari.pool.HikariPool - HikariPool-1 - keepalive: connection org.mariadb.jdbc.Connection@575be6c6 is alive
19/12/2025 23:58:55.176 DEBUG com.zaxxer.hikari.pool.HikariPool - HikariPool-1 - keepalive: connection org.mariadb.jdbc.Connection@6ada737f is alive
19/12/2025 23:58:58.539 DEBUG com.zaxxer.hikari.pool.HikariPool - HikariPool-1 - Pool stats (total=10/10, idle=10/10, active=0, waiting=0)
19/12/2025 23:58:58.539 DEBUG com.zaxxer.hikari.pool.HikariPool - HikariPool-1 - Fill pool skipped, pool has sufficient level or currently being filled.
19/12/2025 23:58:59.057 DEBUG com.zaxxer.hikari.pool.HikariPool - HikariPool-1 - keepalive: connection org.mariadb.jdbc.Connection@261b76bd is alive
19/12/2025 23:59:22.068 DEBUG com.zaxxer.hikari.pool.HikariPool - HikariPool-1 - keepalive: connection org.mariadb.jdbc.Connection@7a773d2c is alive
19/12/2025 23:59:27.205 DEBUG com.zaxxer.hikari.pool.HikariPool - HikariPool-1 - keepalive: connection org.mariadb.jdbc.Connection@13f28e7f is alive
19/12/2025 23:59:28.554 DEBUG com.zaxxer.hikari.pool.HikariPool - HikariPool-1 - Pool stats (total=10/10, idle=10/10, active=0, waiting=0)
19/12/2025 23:59:28.554 DEBUG com.zaxxer.hikari.pool.HikariPool - HikariPool-1 - Fill pool skipped, pool has sufficient level or currently being filled.
19/12/2025 23:59:32.543 DEBUG com.zaxxer.hikari.pool.HikariPool - HikariPool-1 - keepalive: connection org.mariadb.jdbc.Connection@776ba3e6 is alive
19/12/2025 23:59:36.375 DEBUG com.zaxxer.hikari.pool.HikariPool - HikariPool-1 - keepalive: connection org.mariadb.jdbc.Connection@3bab657f is alive
19/12/2025 23:59:40.501 DEBUG com.zaxxer.hikari.pool.HikariPool - HikariPool-1 - keepalive: connection org.mariadb.jdbc.Connection@3fe53e23 is alive
19/12/2025 23:59:58.562 DEBUG com.zaxxer.hikari.pool.HikariPool - HikariPool-1 - Pool stats (total=10/10, idle=10/10, active=0, waiting=0)
19/12/2025 23:59:58.562 DEBUG com.zaxxer.hikari.pool.HikariPool - HikariPool-1 - Fill pool skipped, pool has sufficient level or currently being filled.
