17/06/2026 11:51:26.603 INFO  c.N.NeptuneWebAutheticatorApplication - Starting NeptuneWebAutheticatorApplication v0.0.1-SNAPSHOT using Java 21.0.1 with PID 27368 (C:\Users\termo\Desktop\workspace\TruckingConfiguration\Modules\NeptuneWebAutheticator\target\NeptuneWebAutheticator-0.0.1-SNAPSHOT.jar started by termo in C:\Users\termo\Desktop\workspace\TruckingConfiguration\Modules\NeptuneWebAutheticator)
17/06/2026 11:51:26.611 DEBUG c.N.NeptuneWebAutheticatorApplication - Running with Spring Boot v4.0.0, Spring v7.0.1
17/06/2026 11:51:26.612 INFO  c.N.NeptuneWebAutheticatorApplication - No active profile set, falling back to 1 default profile: "default"
17/06/2026 11:51:26.613 DEBUG o.s.boot.SpringApplication - Loading source class com.NeptuneWebAutheticator.NeptuneWebAutheticatorApplication
17/06/2026 11:51:26.660 DEBUG o.s.b.w.s.s.c.AnnotationConfigServletWebServerApplicationContext - Refreshing org.springframework.boot.web.server.servlet.context.AnnotationConfigServletWebServerApplicationContext@6b54655f
17/06/2026 11:51:26.685 DEBUG o.s.b.f.s.DefaultListableBeanFactory - Creating shared instance of singleton bean 'org.springframework.context.annotation.internalConfigurationAnnotationProcessor'
17/06/2026 11:51:26.703 DEBUG o.s.b.f.s.DefaultListableBeanFactory - Creating shared instance of singleton bean 'org.springframework.boot.autoconfigure.internalCachingMetadataReaderFactory'
17/06/2026 11:51:26.772 DEBUG o.s.c.a.ClassPathBeanDefinitionScanner - Identified candidate component class: URL [jar:nested:/C:/Users/termo/Desktop/workspace/TruckingConfiguration/Modules/NeptuneWebAutheticator/target/NeptuneWebAutheticator-0.0.1-SNAPSHOT.jar/!BOOT-INF/classes/!/com/NeptuneWebAutheticator/Configuration/SecurityConfig.class]
17/06/2026 11:51:26.788 DEBUG o.s.c.a.ClassPathBeanDefinitionScanner - Identified candidate component class: URL [jar:nested:/C:/Users/termo/Desktop/workspace/TruckingConfiguration/Modules/NeptuneWebAutheticator/target/NeptuneWebAutheticator-0.0.1-SNAPSHOT.jar/!BOOT-INF/classes/!/com/NeptuneWebAutheticator/Controller/AuthenticationController.class]
17/06/2026 11:51:26.790 DEBUG o.s.c.a.ClassPathBeanDefinitionScanner - Identified candidate component class: URL [jar:nested:/C:/Users/termo/Desktop/workspace/TruckingConfiguration/Modules/NeptuneWebAutheticator/target/NeptuneWebAutheticator-0.0.1-SNAPSHOT.jar/!BOOT-INF/classes/!/com/NeptuneWebAutheticator/Controller/MachineController.class]
17/06/2026 11:51:26.799 DEBUG o.s.c.a.ClassPathBeanDefinitionScanner - Ignored because not a concrete top-level class: URL [jar:nested:/C:/Users/termo/Desktop/workspace/TruckingConfiguration/Modules/NeptuneWebAutheticator/target/NeptuneWebAutheticator-0.0.1-SNAPSHOT.jar/!BOOT-INF/classes/!/com/NeptuneWebAutheticator/Repository/MachineRepository.class]
17/06/2026 11:51:26.800 DEBUG o.s.c.a.ClassPathBeanDefinitionScanner - Ignored because not a concrete top-level class: URL [jar:nested:/C:/Users/termo/Desktop/workspace/TruckingConfiguration/Modules/NeptuneWebAutheticator/target/NeptuneWebAutheticator-0.0.1-SNAPSHOT.jar/!BOOT-INF/classes/!/com/NeptuneWebAutheticator/Repository/TenantRepository.class]
17/06/2026 11:51:26.800 DEBUG o.s.c.a.ClassPathBeanDefinitionScanner - Ignored because not a concrete top-level class: URL [jar:nested:/C:/Users/termo/Desktop/workspace/TruckingConfiguration/Modules/NeptuneWebAutheticator/target/NeptuneWebAutheticator-0.0.1-SNAPSHOT.jar/!BOOT-INF/classes/!/com/NeptuneWebAutheticator/Repository/TokenRepository.class]
17/06/2026 11:51:26.802 DEBUG o.s.c.a.ClassPathBeanDefinitionScanner - Ignored because not a concrete top-level class: URL [jar:nested:/C:/Users/termo/Desktop/workspace/TruckingConfiguration/Modules/NeptuneWebAutheticator/target/NeptuneWebAutheticator-0.0.1-SNAPSHOT.jar/!BOOT-INF/classes/!/com/NeptuneWebAutheticator/Service/AuthenticationService.class]
17/06/2026 11:51:26.804 DEBUG o.s.c.a.ClassPathBeanDefinitionScanner - Identified candidate component class: URL [jar:nested:/C:/Users/termo/Desktop/workspace/TruckingConfiguration/Modules/NeptuneWebAutheticator/target/NeptuneWebAutheticator-0.0.1-SNAPSHOT.jar/!BOOT-INF/classes/!/com/NeptuneWebAutheticator/Service/AuthenticationServiceImpl.class]
17/06/2026 11:51:26.805 DEBUG o.s.c.a.ClassPathBeanDefinitionScanner - Ignored because not a concrete top-level class: URL [jar:nested:/C:/Users/termo/Desktop/workspace/TruckingConfiguration/Modules/NeptuneWebAutheticator/target/NeptuneWebAutheticator-0.0.1-SNAPSHOT.jar/!BOOT-INF/classes/!/com/NeptuneWebAutheticator/Service/MachineService.class]
17/06/2026 11:51:26.805 DEBUG o.s.c.a.ClassPathBeanDefinitionScanner - Identified candidate component class: URL [jar:nested:/C:/Users/termo/Desktop/workspace/TruckingConfiguration/Modules/NeptuneWebAutheticator/target/NeptuneWebAutheticator-0.0.1-SNAPSHOT.jar/!BOOT-INF/classes/!/com/NeptuneWebAutheticator/Service/MachineServiceImpl.class]
17/06/2026 11:51:27.334 INFO  o.s.d.r.c.RepositoryConfigurationDelegate - Bootstrapping Spring Data JPA repositories in DEFAULT mode.
17/06/2026 11:51:27.343 DEBUG o.s.b.f.s.DefaultListableBeanFactory - Creating shared instance of singleton bean 'org.springframework.boot.autoconfigure.AutoConfigurationPackages'
17/06/2026 11:51:27.351 DEBUG o.s.b.a.AutoConfigurationPackages - @EnableAutoConfiguration was declared on a class in the package 'com.NeptuneWebAutheticator'. Automatic @Repository and @Entity scanning is enabled.
17/06/2026 11:51:27.352 DEBUG o.s.d.r.c.RepositoryConfigurationDelegate - Scanning for JPA repositories in packages com.NeptuneWebAutheticator.
17/06/2026 11:51:27.366 DEBUG o.s.d.r.c.RepositoryComponentProvider - Identified candidate component class: URL [jar:nested:/C:/Users/termo/Desktop/workspace/TruckingConfiguration/Modules/NeptuneWebAutheticator/target/NeptuneWebAutheticator-0.0.1-SNAPSHOT.jar/!BOOT-INF/classes/!/com/NeptuneWebAutheticator/Repository/MachineRepository.class]
17/06/2026 11:51:27.366 DEBUG o.s.d.r.c.RepositoryComponentProvider - Identified candidate component class: URL [jar:nested:/C:/Users/termo/Desktop/workspace/TruckingConfiguration/Modules/NeptuneWebAutheticator/target/NeptuneWebAutheticator-0.0.1-SNAPSHOT.jar/!BOOT-INF/classes/!/com/NeptuneWebAutheticator/Repository/TenantRepository.class]
17/06/2026 11:51:27.366 DEBUG o.s.d.r.c.RepositoryComponentProvider - Identified candidate component class: URL [jar:nested:/C:/Users/termo/Desktop/workspace/TruckingConfiguration/Modules/NeptuneWebAutheticator/target/NeptuneWebAutheticator-0.0.1-SNAPSHOT.jar/!BOOT-INF/classes/!/com/NeptuneWebAutheticator/Repository/TokenRepository.class]
17/06/2026 11:51:27.391 DEBUG o.s.c.a.ClassPathScanningCandidateComponentProvider - Identified candidate component class: URL [jar:nested:/C:/Users/termo/Desktop/workspace/TruckingConfiguration/Modules/NeptuneWebAutheticator/target/NeptuneWebAutheticator-0.0.1-SNAPSHOT.jar/!BOOT-INF/classes/!/com/NeptuneWebAutheticator/Service/AuthenticationServiceImpl.class]
17/06/2026 11:51:27.391 DEBUG o.s.c.a.ClassPathScanningCandidateComponentProvider - Identified candidate component class: URL [jar:nested:/C:/Users/termo/Desktop/workspace/TruckingConfiguration/Modules/NeptuneWebAutheticator/target/NeptuneWebAutheticator-0.0.1-SNAPSHOT.jar/!BOOT-INF/classes/!/com/NeptuneWebAutheticator/Service/MachineServiceImpl.class]
17/06/2026 11:51:27.403 INFO  o.s.d.r.c.RepositoryConfigurationDelegate - Finished Spring Data repository scanning in 49 ms. Found 3 JPA repository interfaces.
17/06/2026 11:51:27.499 DEBUG o.s.b.f.s.DefaultListableBeanFactory - Creating shared instance of singleton bean 'springSecurityPathPatternParserBeanDefinitionRegistryPostProcessor'
17/06/2026 11:51:27.565 DEBUG o.s.b.f.s.DefaultListableBeanFactory - Creating shared instance of singleton bean 'propertySourcesPlaceholderConfigurer'
17/06/2026 11:51:27.568 DEBUG o.s.b.f.s.DefaultListableBeanFactory - Creating shared instance of singleton bean 'org.springframework.boot.sql.init.dependency.DatabaseInitializationDependencyConfigurer$DependsOnDatabaseInitializationPostProcessor'
17/06/2026 11:51:27.605 DEBUG o.s.b.f.s.DefaultListableBeanFactory - Creating shared instance of singleton bean 'org.springframework.context.event.internalEventListenerProcessor'
17/06/2026 11:51:27.607 DEBUG o.s.b.f.s.DefaultListableBeanFactory - Creating shared instance of singleton bean 'conversionServicePostProcessor'
17/06/2026 11:51:27.640 DEBUG o.s.b.f.s.DefaultListableBeanFactory - Creating shared instance of singleton bean 'bootstrapExecutorAliasPostProcessor'
17/06/2026 11:51:27.640 DEBUG o.s.b.f.s.DefaultListableBeanFactory - Creating shared instance of singleton bean 'preserveErrorControllerTargetClassPostProcessor'
17/06/2026 11:51:27.641 DEBUG o.s.b.f.s.DefaultListableBeanFactory - Creating shared instance of singleton bean 'org.springframework.context.event.internalEventListenerFactory'
17/06/2026 11:51:27.641 DEBUG o.s.b.f.s.DefaultListableBeanFactory - Creating shared instance of singleton bean 'org.springframework.transaction.config.internalTransactionalEventListenerFactory'
17/06/2026 11:51:27.644 DEBUG o.s.b.f.s.DefaultListableBeanFactory - Creating shared instance of singleton bean 'org.springframework.context.annotation.internalAutowiredAnnotationProcessor'
17/06/2026 11:51:27.645 DEBUG o.s.b.f.s.DefaultListableBeanFactory - Creating shared instance of singleton bean 'org.springframework.context.annotation.internalCommonAnnotationProcessor'
17/06/2026 11:51:27.647 DEBUG o.s.b.f.s.DefaultListableBeanFactory - Creating shared instance of singleton bean 'org.springframework.context.annotation.internalPersistenceAnnotationProcessor'
17/06/2026 11:51:27.647 DEBUG o.s.b.f.s.DefaultListableBeanFactory - Creating shared instance of singleton bean 'org.springframework.boot.context.properties.ConfigurationPropertiesBindingPostProcessor'
17/06/2026 11:51:27.648 DEBUG o.s.b.f.s.DefaultListableBeanFactory - Creating shared instance of singleton bean 'org.springframework.boot.context.internalConfigurationPropertiesBinder'
17/06/2026 11:51:27.649 DEBUG o.s.b.f.s.DefaultListableBeanFactory - Creating shared instance of singleton bean 'jdbcConnectionDetailsHikariBeanPostProcessor'
17/06/2026 11:51:27.652 DEBUG o.s.b.f.s.DefaultListableBeanFactory - Creating shared instance of singleton bean 'org.springframework.aop.config.internalAutoProxyCreator'
17/06/2026 11:51:27.661 DEBUG o.s.b.f.s.DefaultListableBeanFactory - Creating shared instance of singleton bean 'org.springframework.aop.framework.autoproxy.defaultProxyConfig'
17/06/2026 11:51:27.670 DEBUG o.s.b.f.s.DefaultListableBeanFactory - Creating shared instance of singleton bean 'persistenceExceptionTranslationPostProcessor'
17/06/2026 11:51:27.672 DEBUG o.s.b.f.s.DefaultListableBeanFactory - Autowiring by type from bean name 'persistenceExceptionTranslationPostProcessor' via factory method to bean named 'environment'
17/06/2026 11:51:27.675 DEBUG o.s.b.f.s.DefaultListableBeanFactory - Creating shared instance of singleton bean 'projectingArgumentResolverBeanPostProcessor'
17/06/2026 11:51:27.677 DEBUG o.s.b.f.s.DefaultListableBeanFactory - Creating shared instance of singleton bean 'org.springframework.transaction.config.internalTransactionAdvisor'
17/06/2026 11:51:27.677 DEBUG o.s.b.f.s.DefaultListableBeanFactory - Creating shared instance of singleton bean 'org.springframework.transaction.annotation.ProxyTransactionManagementConfiguration'
17/06/2026 11:51:27.703 DEBUG o.s.b.f.s.DefaultListableBeanFactory - Creating shared instance of singleton bean 'transactionAttributeSource'
17/06/2026 11:51:27.713 DEBUG o.s.b.f.s.DefaultListableBeanFactory - Creating shared instance of singleton bean 'transactionInterceptor'
17/06/2026 11:51:27.713 DEBUG o.s.b.f.s.DefaultListableBeanFactory - Autowiring by type from bean name 'transactionInterceptor' via factory method to bean named 'transactionAttributeSource'
17/06/2026 11:51:27.723 DEBUG o.s.b.f.s.DefaultListableBeanFactory - Autowiring by type from bean name 'org.springframework.transaction.config.internalTransactionAdvisor' via factory method to bean named 'transactionAttributeSource'
17/06/2026 11:51:27.724 DEBUG o.s.b.f.s.DefaultListableBeanFactory - Autowiring by type from bean name 'org.springframework.transaction.config.internalTransactionAdvisor' via factory method to bean named 'transactionInterceptor'
17/06/2026 11:51:27.741 DEBUG o.s.b.f.s.DefaultListableBeanFactory - Creating shared instance of singleton bean 'webServerFactoryCustomizerBeanPostProcessor'
17/06/2026 11:51:27.742 DEBUG o.s.b.f.s.DefaultListableBeanFactory - Creating shared instance of singleton bean 'errorPageRegistrarBeanPostProcessor'
17/06/2026 11:51:27.744 DEBUG o.s.b.f.s.DefaultListableBeanFactory - Creating shared instance of singleton bean 'tomcatServletWebServerFactory'
17/06/2026 11:51:27.744 DEBUG o.s.b.f.s.DefaultListableBeanFactory - Creating shared instance of singleton bean 'org.springframework.boot.tomcat.autoconfigure.servlet.TomcatServletWebServerAutoConfiguration'
17/06/2026 11:51:27.745 DEBUG o.s.b.f.s.DefaultListableBeanFactory - Creating shared instance of singleton bean 'server.tomcat-org.springframework.boot.tomcat.autoconfigure.TomcatServerProperties'
17/06/2026 11:51:27.748 DEBUG o.s.b.f.s.DefaultListableBeanFactory - Creating shared instance of singleton bean 'org.springframework.boot.context.properties.BoundConfigurationProperties'
17/06/2026 11:51:27.758 DEBUG o.s.b.f.s.DefaultListableBeanFactory - Autowiring by type from bean name 'org.springframework.boot.tomcat.autoconfigure.servlet.TomcatServletWebServerAutoConfiguration' via constructor to bean named 'server.tomcat-org.springframework.boot.tomcat.autoconfigure.TomcatServerProperties'
17/06/2026 11:51:27.780 DEBUG o.s.b.f.s.DefaultListableBeanFactory - Creating shared instance of singleton bean 'servletWebServerFactoryCustomizer'
17/06/2026 11:51:27.780 DEBUG o.s.b.f.s.DefaultListableBeanFactory - Creating shared instance of singleton bean 'org.springframework.boot.web.server.autoconfigure.servlet.ServletWebServerConfiguration'
17/06/2026 11:51:27.782 DEBUG o.s.b.f.s.DefaultListableBeanFactory - Creating shared instance of singleton bean 'server-org.springframework.boot.web.server.autoconfigure.ServerProperties'
17/06/2026 11:51:27.791 DEBUG o.s.b.f.s.DefaultListableBeanFactory - Autowiring by type from bean name 'servletWebServerFactoryCustomizer' via factory method to bean named 'server-org.springframework.boot.web.server.autoconfigure.ServerProperties'
17/06/2026 11:51:27.795 DEBUG o.s.b.f.s.DefaultListableBeanFactory - Creating shared instance of singleton bean 'sslBundleRegistry'
17/06/2026 11:51:27.796 DEBUG o.s.b.f.s.DefaultListableBeanFactory - Creating shared instance of singleton bean 'org.springframework.boot.autoconfigure.ssl.SslAutoConfiguration'
17/06/2026 11:51:27.797 DEBUG o.s.b.f.s.DefaultListableBeanFactory - Creating shared instance of singleton bean 'spring.ssl-org.springframework.boot.autoconfigure.ssl.SslProperties'
17/06/2026 11:51:27.799 DEBUG o.s.b.f.s.DefaultListableBeanFactory - Autowiring by type from bean name 'org.springframework.boot.autoconfigure.ssl.SslAutoConfiguration' via constructor to bean named 'org.springframework.boot.web.server.servlet.context.AnnotationConfigServletWebServerApplicationContext@6b54655f'
17/06/2026 11:51:27.799 DEBUG o.s.b.f.s.DefaultListableBeanFactory - Autowiring by type from bean name 'org.springframework.boot.autoconfigure.ssl.SslAutoConfiguration' via constructor to bean named 'spring.ssl-org.springframework.boot.autoconfigure.ssl.SslProperties'
17/06/2026 11:51:27.804 DEBUG o.s.b.f.s.DefaultListableBeanFactory - Creating shared instance of singleton bean 'sslPropertiesSslBundleRegistrar'
17/06/2026 11:51:27.804 DEBUG o.s.b.f.s.DefaultListableBeanFactory - Creating shared instance of singleton bean 'fileWatcher'
17/06/2026 11:51:27.806 DEBUG o.s.b.f.s.DefaultListableBeanFactory - Autowiring by type from bean name 'sslPropertiesSslBundleRegistrar' via factory method to bean named 'fileWatcher'
17/06/2026 11:51:27.815 DEBUG o.s.b.f.s.DefaultListableBeanFactory - Creating shared instance of singleton bean 'webSocketWebServerCustomizer'
17/06/2026 11:51:27.816 DEBUG o.s.b.f.s.DefaultListableBeanFactory - Creating shared instance of singleton bean 'org.springframework.boot.tomcat.autoconfigure.TomcatWebServerConfiguration$TomcatWebSocketConfiguration'
17/06/2026 11:51:27.817 DEBUG o.s.b.f.s.DefaultListableBeanFactory - Creating shared instance of singleton bean 'tomcatWebServerFactoryCustomizer'
17/06/2026 11:51:27.817 DEBUG o.s.b.f.s.DefaultListableBeanFactory - Creating shared instance of singleton bean 'org.springframework.boot.tomcat.autoconfigure.TomcatWebServerConfiguration'
17/06/2026 11:51:27.819 DEBUG o.s.b.f.s.DefaultListableBeanFactory - Creating shared instance of singleton bean 'spring.web-org.springframework.boot.autoconfigure.web.WebProperties'
17/06/2026 11:51:27.823 DEBUG o.s.b.f.s.DefaultListableBeanFactory - Autowiring by type from bean name 'tomcatWebServerFactoryCustomizer' via factory method to bean named 'environment'
17/06/2026 11:51:27.824 DEBUG o.s.b.f.s.DefaultListableBeanFactory - Autowiring by type from bean name 'tomcatWebServerFactoryCustomizer' via factory method to bean named 'server-org.springframework.boot.web.server.autoconfigure.ServerProperties'
17/06/2026 11:51:27.824 DEBUG o.s.b.f.s.DefaultListableBeanFactory - Autowiring by type from bean name 'tomcatWebServerFactoryCustomizer' via factory method to bean named 'server.tomcat-org.springframework.boot.tomcat.autoconfigure.TomcatServerProperties'
17/06/2026 11:51:27.824 DEBUG o.s.b.f.s.DefaultListableBeanFactory - Autowiring by type from bean name 'tomcatWebServerFactoryCustomizer' via factory method to bean named 'spring.web-org.springframework.boot.autoconfigure.web.WebProperties'
17/06/2026 11:51:27.827 DEBUG o.s.b.f.s.DefaultListableBeanFactory - Creating shared instance of singleton bean 'tomcatServletWebServerFactoryCustomizer'
17/06/2026 11:51:27.828 DEBUG o.s.b.f.s.DefaultListableBeanFactory - Autowiring by type from bean name 'tomcatServletWebServerFactoryCustomizer' via factory method to bean named 'server.tomcat-org.springframework.boot.tomcat.autoconfigure.TomcatServerProperties'
17/06/2026 11:51:27.872 DEBUG o.s.b.f.s.DefaultListableBeanFactory - Creating shared instance of singleton bean 'errorPageCustomizer'
17/06/2026 11:51:27.872 DEBUG o.s.b.f.s.DefaultListableBeanFactory - Creating shared instance of singleton bean 'org.springframework.boot.webmvc.autoconfigure.error.ErrorMvcAutoConfiguration'
17/06/2026 11:51:27.873 DEBUG o.s.b.f.s.DefaultListableBeanFactory - Autowiring by type from bean name 'org.springframework.boot.webmvc.autoconfigure.error.ErrorMvcAutoConfiguration' via constructor to bean named 'spring.web-org.springframework.boot.autoconfigure.web.WebProperties'
17/06/2026 11:51:27.873 DEBUG o.s.b.f.s.DefaultListableBeanFactory - Creating shared instance of singleton bean 'dispatcherServletRegistration'
17/06/2026 11:51:27.874 DEBUG o.s.b.f.s.DefaultListableBeanFactory - Creating shared instance of singleton bean 'org.springframework.boot.webmvc.autoconfigure.DispatcherServletAutoConfiguration$DispatcherServletRegistrationConfiguration'
17/06/2026 11:51:27.874 DEBUG o.s.b.f.s.DefaultListableBeanFactory - Creating shared instance of singleton bean 'dispatcherServlet'
17/06/2026 11:51:27.874 DEBUG o.s.b.f.s.DefaultListableBeanFactory - Creating shared instance of singleton bean 'org.springframework.boot.webmvc.autoconfigure.DispatcherServletAutoConfiguration$DispatcherServletConfiguration'
17/06/2026 11:51:27.875 DEBUG o.s.b.f.s.DefaultListableBeanFactory - Creating shared instance of singleton bean 'spring.mvc-org.springframework.boot.webmvc.autoconfigure.WebMvcProperties'
17/06/2026 11:51:27.881 DEBUG o.s.b.f.s.DefaultListableBeanFactory - Autowiring by type from bean name 'dispatcherServlet' via factory method to bean named 'spring.mvc-org.springframework.boot.webmvc.autoconfigure.WebMvcProperties'
17/06/2026 11:51:27.890 DEBUG o.s.b.f.s.DefaultListableBeanFactory - Autowiring by type from bean name 'dispatcherServletRegistration' via factory method to bean named 'dispatcherServlet'
17/06/2026 11:51:27.890 DEBUG o.s.b.f.s.DefaultListableBeanFactory - Autowiring by type from bean name 'dispatcherServletRegistration' via factory method to bean named 'spring.mvc-org.springframework.boot.webmvc.autoconfigure.WebMvcProperties'
17/06/2026 11:51:27.893 DEBUG o.s.b.f.s.DefaultListableBeanFactory - Creating shared instance of singleton bean 'multipartConfigElement'
17/06/2026 11:51:27.894 DEBUG o.s.b.f.s.DefaultListableBeanFactory - Creating shared instance of singleton bean 'org.springframework.boot.servlet.autoconfigure.MultipartAutoConfiguration'
17/06/2026 11:51:27.894 DEBUG o.s.b.f.s.DefaultListableBeanFactory - Creating shared instance of singleton bean 'spring.servlet.multipart-org.springframework.boot.servlet.autoconfigure.MultipartProperties'
17/06/2026 11:51:27.896 DEBUG o.s.b.f.s.DefaultListableBeanFactory - Autowiring by type from bean name 'org.springframework.boot.servlet.autoconfigure.MultipartAutoConfiguration' via constructor to bean named 'spring.servlet.multipart-org.springframework.boot.servlet.autoconfigure.MultipartProperties'
17/06/2026 11:51:27.900 DEBUG o.s.b.f.s.DefaultListableBeanFactory - Autowiring by type from bean name 'errorPageCustomizer' via factory method to bean named 'dispatcherServletRegistration'
17/06/2026 11:51:28.000 DEBUG o.s.b.t.s.TomcatServletWebServerFactory - Code archive: C:\Users\termo\Desktop\workspace\TruckingConfiguration\Modules\NeptuneWebAutheticator\target\NeptuneWebAutheticator-0.0.1-SNAPSHOT.jar
17/06/2026 11:51:28.000 DEBUG o.s.b.t.s.TomcatServletWebServerFactory - Code archive: C:\Users\termo\Desktop\workspace\TruckingConfiguration\Modules\NeptuneWebAutheticator\target\NeptuneWebAutheticator-0.0.1-SNAPSHOT.jar
17/06/2026 11:51:28.001 DEBUG o.s.b.t.s.TomcatServletWebServerFactory - None of the document roots [src/main/webapp, public, static] point to a directory and will be ignored.
17/06/2026 11:51:28.029 INFO  o.s.boot.tomcat.TomcatWebServer - Tomcat initialized with port 8080 (http)
17/06/2026 11:51:28.043 INFO  o.a.coyote.http11.Http11NioProtocol - Initializing ProtocolHandler ["http-nio-8080"]
17/06/2026 11:51:28.046 INFO  o.a.catalina.core.StandardService - Starting service [Tomcat]
17/06/2026 11:51:28.046 INFO  o.a.catalina.core.StandardEngine - Starting Servlet engine: [Apache Tomcat/11.0.14]
17/06/2026 11:51:28.076 DEBUG o.s.b.w.c.s.WebApplicationContextInitializer - Published root WebApplicationContext as ServletContext attribute with name [org.springframework.web.context.WebApplicationContext.ROOT]
17/06/2026 11:51:28.076 INFO  o.s.b.w.c.s.WebApplicationContextInitializer - Root WebApplicationContext: initialization completed in 1416 ms
17/06/2026 11:51:28.080 DEBUG o.s.b.f.s.DefaultListableBeanFactory - Creating shared instance of singleton bean 'securityFilterChainRegistration'
17/06/2026 11:51:28.081 DEBUG o.s.b.f.s.DefaultListableBeanFactory - Creating shared instance of singleton bean 'org.springframework.boot.security.autoconfigure.web.servlet.SecurityFilterAutoConfiguration'
17/06/2026 11:51:28.082 DEBUG o.s.b.f.s.DefaultListableBeanFactory - Creating shared instance of singleton bean 'spring.security.filter-org.springframework.boot.security.autoconfigure.web.servlet.SecurityFilterProperties'
17/06/2026 11:51:28.084 DEBUG o.s.b.f.s.DefaultListableBeanFactory - Autowiring by type from bean name 'securityFilterChainRegistration' via factory method to bean named 'spring.security.filter-org.springframework.boot.security.autoconfigure.web.servlet.SecurityFilterProperties'
17/06/2026 11:51:28.088 DEBUG o.s.b.f.s.DefaultListableBeanFactory - Creating shared instance of singleton bean 'requestContextFilter'
17/06/2026 11:51:28.091 DEBUG o.s.b.f.s.DefaultListableBeanFactory - Creating shared instance of singleton bean 'formContentFilter'
17/06/2026 11:51:28.092 DEBUG o.s.b.f.s.DefaultListableBeanFactory - Creating shared instance of singleton bean 'org.springframework.boot.webmvc.autoconfigure.WebMvcAutoConfiguration'
17/06/2026 11:51:28.094 DEBUG o.s.b.f.s.DefaultListableBeanFactory - Creating shared instance of singleton bean 'characterEncodingFilter'
17/06/2026 11:51:28.094 DEBUG o.s.b.f.s.DefaultListableBeanFactory - Creating shared instance of singleton bean 'org.springframework.boot.servlet.autoconfigure.HttpEncodingAutoConfiguration'
17/06/2026 11:51:28.095 DEBUG o.s.b.f.s.DefaultListableBeanFactory - Creating shared instance of singleton bean 'spring.servlet.encoding-org.springframework.boot.servlet.autoconfigure.ServletEncodingProperties'
17/06/2026 11:51:28.096 DEBUG o.s.b.f.s.DefaultListableBeanFactory - Autowiring by type from bean name 'characterEncodingFilter' via factory method to bean named 'spring.servlet.encoding-org.springframework.boot.servlet.autoconfigure.ServletEncodingProperties'
17/06/2026 11:51:28.102 DEBUG o.s.b.w.s.ServletContextInitializerBeans - Mapping filters: springSecurityFilterChain urls=[/*] order=-100, characterEncodingFilter urls=[/*] order=-2147483648, formContentFilter urls=[/*] order=-9900, requestContextFilter urls=[/*] order=-105
17/06/2026 11:51:28.102 DEBUG o.s.b.w.s.ServletContextInitializerBeans - Mapping servlets: dispatcherServlet urls=[/]
17/06/2026 11:51:28.126 DEBUG o.s.b.s.f.OrderedRequestContextFilter - Filter 'requestContextFilter' configured for use
17/06/2026 11:51:28.128 DEBUG o.s.b.s.f.OrderedCharacterEncodingFilter - Filter 'characterEncodingFilter' configured for use
17/06/2026 11:51:28.128 DEBUG o.s.b.w.s.DelegatingFilterProxyRegistrationBean$1 - Filter 'springSecurityFilterChain' configured for use
17/06/2026 11:51:28.128 DEBUG o.s.b.s.f.OrderedFormContentFilter - Filter 'formContentFilter' configured for use
17/06/2026 11:51:28.138 DEBUG o.s.b.f.s.DefaultListableBeanFactory - Creating shared instance of singleton bean 'applicationTaskExecutor'
17/06/2026 11:51:28.139 DEBUG o.s.b.f.s.DefaultListableBeanFactory - Creating shared instance of singleton bean 'org.springframework.boot.autoconfigure.task.TaskExecutorConfigurations$TaskExecutorConfiguration'
17/06/2026 11:51:28.140 DEBUG o.s.b.f.s.DefaultListableBeanFactory - Creating shared instance of singleton bean 'threadPoolTaskExecutorBuilder'
17/06/2026 11:51:28.140 DEBUG o.s.b.f.s.DefaultListableBeanFactory - Creating shared instance of singleton bean 'org.springframework.boot.autoconfigure.task.TaskExecutorConfigurations$ThreadPoolTaskExecutorBuilderConfiguration'
17/06/2026 11:51:28.142 DEBUG o.s.b.f.s.DefaultListableBeanFactory - Creating shared instance of singleton bean 'spring.task.execution-org.springframework.boot.autoconfigure.task.TaskExecutionProperties'
17/06/2026 11:51:28.143 DEBUG o.s.b.f.s.DefaultListableBeanFactory - Autowiring by type from bean name 'threadPoolTaskExecutorBuilder' via factory method to bean named 'spring.task.execution-org.springframework.boot.autoconfigure.task.TaskExecutionProperties'
17/06/2026 11:51:28.146 DEBUG o.s.b.f.s.DefaultListableBeanFactory - Autowiring by type from bean name 'applicationTaskExecutor' via factory method to bean named 'threadPoolTaskExecutorBuilder'
17/06/2026 11:51:28.151 DEBUG o.s.s.c.ThreadPoolTaskExecutor - Initializing ExecutorService 'applicationTaskExecutor'
17/06/2026 11:51:28.154 DEBUG o.s.b.f.s.DefaultListableBeanFactory - Creating shared instance of singleton bean 'dataSourceScriptDatabaseInitializer'
17/06/2026 11:51:28.154 DEBUG o.s.b.f.s.DefaultListableBeanFactory - Creating shared instance of singleton bean 'org.springframework.boot.jdbc.autoconfigure.DataSourceInitializationAutoConfiguration'
17/06/2026 11:51:28.155 DEBUG o.s.b.f.s.DefaultListableBeanFactory - Creating shared instance of singleton bean 'dataSource'
17/06/2026 11:51:28.155 DEBUG o.s.b.f.s.DefaultListableBeanFactory - Creating shared instance of singleton bean 'org.springframework.boot.jdbc.autoconfigure.DataSourceConfiguration$Hikari'
17/06/2026 11:51:28.156 DEBUG o.s.b.f.s.DefaultListableBeanFactory - Creating shared instance of singleton bean 'spring.datasource-org.springframework.boot.jdbc.autoconfigure.DataSourceProperties'
17/06/2026 11:51:28.161 DEBUG o.s.b.f.s.DefaultListableBeanFactory - Creating shared instance of singleton bean 'jdbcConnectionDetails'
17/06/2026 11:51:28.161 DEBUG o.s.b.f.s.DefaultListableBeanFactory - Creating shared instance of singleton bean 'org.springframework.boot.jdbc.autoconfigure.DataSourceAutoConfiguration$PooledDataSourceConfiguration'
17/06/2026 11:51:28.163 DEBUG o.s.b.f.s.DefaultListableBeanFactory - Autowiring by type from bean name 'jdbcConnectionDetails' via factory method to bean named 'spring.datasource-org.springframework.boot.jdbc.autoconfigure.DataSourceProperties'
17/06/2026 11:51:28.164 DEBUG o.s.b.f.s.DefaultListableBeanFactory - Autowiring by type from bean name 'dataSource' via factory method to bean named 'spring.datasource-org.springframework.boot.jdbc.autoconfigure.DataSourceProperties'
17/06/2026 11:51:28.164 DEBUG o.s.b.f.s.DefaultListableBeanFactory - Autowiring by type from bean name 'dataSource' via factory method to bean named 'jdbcConnectionDetails'
17/06/2026 11:51:28.164 DEBUG o.s.b.f.s.DefaultListableBeanFactory - Autowiring by type from bean name 'dataSource' via factory method to bean named 'environment'
17/06/2026 11:51:28.171 DEBUG com.zaxxer.hikari.util.UtilityElf - Class org.mariadb.jdbc.Driver found in Thread context class loader org.springframework.boot.loader.launch.LaunchedClassLoader@1f17ae12
17/06/2026 11:51:28.181 DEBUG o.s.b.f.s.DefaultListableBeanFactory - Creating shared instance of singleton bean 'spring.sql.init-org.springframework.boot.sql.autoconfigure.init.SqlInitializationProperties'
17/06/2026 11:51:28.182 DEBUG o.s.b.f.s.DefaultListableBeanFactory - Autowiring by type from bean name 'dataSourceScriptDatabaseInitializer' via factory method to bean named 'dataSource'
17/06/2026 11:51:28.182 DEBUG o.s.b.f.s.DefaultListableBeanFactory - Autowiring by type from bean name 'dataSourceScriptDatabaseInitializer' via factory method to bean named 'spring.sql.init-org.springframework.boot.sql.autoconfigure.init.SqlInitializationProperties'
17/06/2026 11:51:28.187 DEBUG o.s.b.f.s.DefaultListableBeanFactory - Creating shared instance of singleton bean 'entityManagerFactory'
17/06/2026 11:51:28.187 DEBUG o.s.b.f.s.DefaultListableBeanFactory - Creating shared instance of singleton bean 'org.springframework.boot.hibernate.autoconfigure.HibernateJpaConfiguration'
17/06/2026 11:51:28.189 DEBUG o.s.b.f.s.DefaultListableBeanFactory - Creating shared instance of singleton bean 'spring.jpa-org.springframework.boot.jpa.autoconfigure.JpaProperties'
17/06/2026 11:51:28.193 DEBUG o.s.b.f.s.DefaultListableBeanFactory - Creating shared instance of singleton bean 'spring.jpa.hibernate-org.springframework.boot.hibernate.autoconfigure.HibernateProperties'
17/06/2026 11:51:28.199 DEBUG o.s.b.f.s.DefaultListableBeanFactory - Autowiring by type from bean name 'org.springframework.boot.hibernate.autoconfigure.HibernateJpaConfiguration' via constructor to bean named 'dataSource'
17/06/2026 11:51:28.199 DEBUG o.s.b.f.s.DefaultListableBeanFactory - Autowiring by type from bean name 'org.springframework.boot.hibernate.autoconfigure.HibernateJpaConfiguration' via constructor to bean named 'spring.jpa-org.springframework.boot.jpa.autoconfigure.JpaProperties'
17/06/2026 11:51:28.199 DEBUG o.s.b.f.s.DefaultListableBeanFactory - Autowiring by type from bean name 'org.springframework.boot.hibernate.autoconfigure.HibernateJpaConfiguration' via constructor to bean named 'org.springframework.beans.factory.support.DefaultListableBeanFactory@65f87a2c'
17/06/2026 11:51:28.199 DEBUG o.s.b.f.s.DefaultListableBeanFactory - Autowiring by type from bean name 'org.springframework.boot.hibernate.autoconfigure.HibernateJpaConfiguration' via constructor to bean named 'spring.jpa.hibernate-org.springframework.boot.hibernate.autoconfigure.HibernateProperties'
17/06/2026 11:51:28.203 DEBUG o.s.b.f.s.DefaultListableBeanFactory - Creating shared instance of singleton bean 'hikariPoolDataSourceMetadataProvider'
17/06/2026 11:51:28.203 DEBUG o.s.b.f.s.DefaultListableBeanFactory - Creating shared instance of singleton bean 'org.springframework.boot.jdbc.autoconfigure.DataSourcePoolMetadataProvidersConfiguration$HikariPoolDataSourceMetadataProviderConfiguration'
17/06/2026 11:51:28.209 DEBUG o.s.b.f.s.DefaultListableBeanFactory - Creating shared instance of singleton bean 'entityManagerFactoryBuilder'
17/06/2026 11:51:28.210 DEBUG o.s.b.f.s.DefaultListableBeanFactory - Creating shared instance of singleton bean 'jpaVendorAdapter'
17/06/2026 11:51:28.234 DEBUG org.jboss.logging - Logging Provider: org.jboss.logging.Slf4jLoggerProvider found via system property
17/06/2026 11:51:28.240 DEBUG o.s.b.f.s.DefaultListableBeanFactory - Autowiring by type from bean name 'entityManagerFactoryBuilder' via factory method to bean named 'jpaVendorAdapter'
17/06/2026 11:51:28.243 DEBUG o.s.b.f.s.DefaultListableBeanFactory - Creating shared instance of singleton bean 'persistenceManagedTypes'
17/06/2026 11:51:28.244 DEBUG o.s.b.f.s.DefaultListableBeanFactory - Autowiring by type from bean name 'persistenceManagedTypes' via factory method to bean named 'org.springframework.beans.factory.support.DefaultListableBeanFactory@65f87a2c'
17/06/2026 11:51:28.244 DEBUG o.s.b.f.s.DefaultListableBeanFactory - Autowiring by type from bean name 'persistenceManagedTypes' via factory method to bean named 'org.springframework.boot.web.server.servlet.context.AnnotationConfigServletWebServerApplicationContext@6b54655f'
17/06/2026 11:51:28.251 DEBUG o.s.b.f.s.DefaultListableBeanFactory - Autowiring by type from bean name 'entityManagerFactory' via factory method to bean named 'entityManagerFactoryBuilder'
17/06/2026 11:51:28.251 DEBUG o.s.b.f.s.DefaultListableBeanFactory - Autowiring by type from bean name 'entityManagerFactory' via factory method to bean named 'persistenceManagedTypes'
17/06/2026 11:51:28.270 DEBUG o.s.o.j.LocalContainerEntityManagerFactoryBean - Building JPA container EntityManagerFactory for persistence unit 'default'
17/06/2026 11:51:28.280 DEBUG o.h.jpa.internal.util.LogHelper - PersistenceUnitInfo [
	name: default
	persistence provider classname: null
	classloader: org.springframework.boot.loader.launch.LaunchedClassLoader@1f17ae12
	excludeUnlistedClasses: true
	JTA datasource: null
	Non JTA datasource: HikariDataSource (null)
	Transaction type: RESOURCE_LOCAL
	PU root URL: nested:/C:/Users/termo/Desktop/workspace/TruckingConfiguration/Modules/NeptuneWebAutheticator/target/NeptuneWebAutheticator-0.0.1-SNAPSHOT.jar/!BOOT-INF/classes/
	Shared Cache Mode: UNSPECIFIED
	Validation Mode: AUTO
	Jar files URLs []
	Managed classes names [
		com.NeptuneWebAutheticator.Entity.Machine
		com.NeptuneWebAutheticator.Entity.Tenant
		com.NeptuneWebAutheticator.Entity.Token]
	Mapping files names []
	Properties []
17/06/2026 11:51:28.286 DEBUG o.h.i.internal.IntegratorServiceImpl - Adding Integrator [org.hibernate.boot.beanvalidation.BeanValidationIntegrator]
17/06/2026 11:51:28.288 DEBUG o.h.i.internal.IntegratorServiceImpl - Adding Integrator [org.hibernate.cache.internal.CollectionCacheInvalidator]
17/06/2026 11:51:28.344 INFO  org.hibernate.Version - HHH000412: Hibernate ORM core version 7.1.8.Final
17/06/2026 11:51:28.345 DEBUG org.hibernate.cfg.Environment - HHH000206: 'hibernate.properties' not found
17/06/2026 11:51:28.367 DEBUG o.s.o.j.h.SpringBeanContainer - Falling back to Hibernate's default producer after bean creation failure for interface org.hibernate.engine.jdbc.connections.spi.MultiTenantConnectionProvider: org.springframework.beans.factory.BeanCreationException: Error creating bean with name 'org.hibernate.engine.jdbc.connections.spi.MultiTenantConnectionProvider': Failed to instantiate [org.hibernate.engine.jdbc.connections.spi.MultiTenantConnectionProvider]: Specified class is an interface
17/06/2026 11:51:28.367 DEBUG o.h.c.i.RegionFactoryInitiator - Cannot default RegionFactory based on registered strategies as `[]` RegionFactory strategies were registered
17/06/2026 11:51:28.368 DEBUG o.h.c.i.RegionFactoryInitiator - HHH000026: Second-level cache disabled
17/06/2026 11:51:28.968 INFO  o.s.o.j.p.SpringPersistenceUnitInfo - No LoadTimeWeaver setup: ignoring JPA class transformer
17/06/2026 11:51:29.019 DEBUG com.zaxxer.hikari.HikariConfig - HikariPool-1 - configuration:
17/06/2026 11:51:29.020 DEBUG com.zaxxer.hikari.HikariConfig - allowPoolSuspension.............false
17/06/2026 11:51:29.021 DEBUG com.zaxxer.hikari.HikariConfig - autoCommit......................true
17/06/2026 11:51:29.021 DEBUG com.zaxxer.hikari.HikariConfig - catalog.........................none
17/06/2026 11:51:29.021 DEBUG com.zaxxer.hikari.HikariConfig - connectionInitSql...............none
17/06/2026 11:51:29.021 DEBUG com.zaxxer.hikari.HikariConfig - connectionTestQuery.............none
17/06/2026 11:51:29.021 DEBUG com.zaxxer.hikari.HikariConfig - connectionTimeout...............30000
17/06/2026 11:51:29.021 DEBUG com.zaxxer.hikari.HikariConfig - credentials.....................com.zaxxer.hikari.util.Credentials@7a730479
17/06/2026 11:51:29.022 DEBUG com.zaxxer.hikari.HikariConfig - credentialsProvider.............none
17/06/2026 11:51:29.022 DEBUG com.zaxxer.hikari.HikariConfig - credentialsProviderClassName....none
17/06/2026 11:51:29.022 DEBUG com.zaxxer.hikari.HikariConfig - dataSource......................none
17/06/2026 11:51:29.022 DEBUG com.zaxxer.hikari.HikariConfig - dataSourceClassName.............none
17/06/2026 11:51:29.022 DEBUG com.zaxxer.hikari.HikariConfig - dataSourceJNDI..................none
17/06/2026 11:51:29.022 DEBUG com.zaxxer.hikari.HikariConfig - dataSourceProperties............{password=<masked>}
17/06/2026 11:51:29.023 DEBUG com.zaxxer.hikari.HikariConfig - driverClassName................."org.mariadb.jdbc.Driver"
17/06/2026 11:51:29.023 DEBUG com.zaxxer.hikari.HikariConfig - exceptionOverride...............none
17/06/2026 11:51:29.023 DEBUG com.zaxxer.hikari.HikariConfig - exceptionOverrideClassName......none
17/06/2026 11:51:29.023 DEBUG com.zaxxer.hikari.HikariConfig - healthCheckProperties...........{}
17/06/2026 11:51:29.023 DEBUG com.zaxxer.hikari.HikariConfig - healthCheckRegistry.............none
17/06/2026 11:51:29.023 DEBUG com.zaxxer.hikari.HikariConfig - idleTimeout.....................600000
17/06/2026 11:51:29.024 DEBUG com.zaxxer.hikari.HikariConfig - initializationFailTimeout.......1
17/06/2026 11:51:29.024 DEBUG com.zaxxer.hikari.HikariConfig - isolateInternalQueries..........false
17/06/2026 11:51:29.024 DEBUG com.zaxxer.hikari.HikariConfig - jdbcUrl.........................jdbc:mariadb://localhost:3306/AuthenticationService
17/06/2026 11:51:29.024 DEBUG com.zaxxer.hikari.HikariConfig - keepaliveTime...................120000
17/06/2026 11:51:29.024 DEBUG com.zaxxer.hikari.HikariConfig - leakDetectionThreshold..........0
17/06/2026 11:51:29.024 DEBUG com.zaxxer.hikari.HikariConfig - maxLifetime.....................1800000
17/06/2026 11:51:29.024 DEBUG com.zaxxer.hikari.HikariConfig - maximumPoolSize.................10
17/06/2026 11:51:29.024 DEBUG com.zaxxer.hikari.HikariConfig - metricRegistry..................none
17/06/2026 11:51:29.024 DEBUG com.zaxxer.hikari.HikariConfig - metricsTrackerFactory...........none
17/06/2026 11:51:29.024 DEBUG com.zaxxer.hikari.HikariConfig - minimumIdle.....................10
17/06/2026 11:51:29.024 DEBUG com.zaxxer.hikari.HikariConfig - password........................<masked>
17/06/2026 11:51:29.026 DEBUG com.zaxxer.hikari.HikariConfig - poolName........................"HikariPool-1"
17/06/2026 11:51:29.026 DEBUG com.zaxxer.hikari.HikariConfig - readOnly........................false
17/06/2026 11:51:29.026 DEBUG com.zaxxer.hikari.HikariConfig - registerMbeans..................false
17/06/2026 11:51:29.026 DEBUG com.zaxxer.hikari.HikariConfig - scheduledExecutor...............none
17/06/2026 11:51:29.026 DEBUG com.zaxxer.hikari.HikariConfig - schema..........................none
17/06/2026 11:51:29.026 DEBUG com.zaxxer.hikari.HikariConfig - threadFactory...................internal
17/06/2026 11:51:29.026 DEBUG com.zaxxer.hikari.HikariConfig - transactionIsolation............default
17/06/2026 11:51:29.026 DEBUG com.zaxxer.hikari.HikariConfig - username........................"root"
17/06/2026 11:51:29.026 DEBUG com.zaxxer.hikari.HikariConfig - validationTimeout...............5000
17/06/2026 11:51:29.026 INFO  com.zaxxer.hikari.HikariDataSource - HikariPool-1 - Starting...
17/06/2026 11:51:29.038 DEBUG com.zaxxer.hikari.pool.PoolBase - HikariPool-1 - Attempting to create/setup new connection (3788360c-2dd4-48fc-b814-1a49a686e228)
17/06/2026 11:51:29.145 DEBUG o.m.jdbc.message.server.OkPacket - Database change: is 'authenticationservice'
17/06/2026 11:51:29.145 DEBUG o.m.jdbc.client.impl.StandardClient - execute query: set sql_mode=CONCAT(@@sql_mode,',STRICT_TRANS_TABLES'),session_track_system_variables = CONCAT(@@global.session_track_system_variables,',transaction_isolation'),NAMES utf8mb4
17/06/2026 11:51:29.159 DEBUG o.m.jdbc.message.server.OkPacket - System variable change:  character_set_client = utf8mb4
17/06/2026 11:51:29.159 DEBUG o.m.jdbc.message.server.OkPacket - System variable change:  character_set_connection = utf8mb4
17/06/2026 11:51:29.160 DEBUG o.m.jdbc.message.server.OkPacket - System variable change:  character_set_results = utf8mb4
17/06/2026 11:51:29.167 DEBUG o.m.jdbc.client.impl.StandardClient - execute query: SELECT @@session.transaction_isolation
17/06/2026 11:51:29.172 DEBUG com.zaxxer.hikari.pool.PoolBase - HikariPool-1 - Established new connection (3788360c-2dd4-48fc-b814-1a49a686e228)
17/06/2026 11:51:29.173 INFO  com.zaxxer.hikari.pool.HikariPool - HikariPool-1 - Added connection org.mariadb.jdbc.Connection@647ff23e
17/06/2026 11:51:29.175 INFO  com.zaxxer.hikari.HikariDataSource - HikariPool-1 - Start completed.
17/06/2026 11:51:29.182 DEBUG org.hibernate.orm.jdbc - HHH100017: Database:
	name: MariaDB
	version: 11.4.0-MariaDB
	major: 11
	minor: 4
17/06/2026 11:51:29.182 DEBUG org.hibernate.orm.jdbc - HHH100018: Driver:
	name: MariaDB Connector/J
	version: 3.5.6
	major: 3
	minor: 5
	JDBC version: 4.2
17/06/2026 11:51:29.211 DEBUG o.m.jdbc.client.impl.StandardClient - execute query: SELECT @@character_set_database, @@sql_mode
17/06/2026 11:51:29.224 DEBUG org.hibernate.orm.dialect - HHH035001: Using dialect: org.hibernate.dialect.MariaDBDialect, version: 11.4
17/06/2026 11:51:29.229 DEBUG o.m.jdbc.client.impl.StandardClient - execute query: select @@lower_case_table_names
17/06/2026 11:51:29.236 DEBUG o.h.e.j.e.s.IdentifierHelperBuilder - IdentifierCaseStrategy for both quoted and unquoted identifiers was set to the same strategy [LOWER]; that will likely lead to problems in schema update and validation if using quoted identifiers
17/06/2026 11:51:29.238 DEBUG o.m.jdbc.client.impl.StandardClient - execute query: SELECT @@session.transaction_isolation
17/06/2026 11:51:29.242 DEBUG org.hibernate.orm.jdbc - HHH100122: Using default JDBC fetch size: 0
17/06/2026 11:51:29.249 INFO  o.hibernate.orm.connections.pooling - HHH10001005: Database info:
	Database JDBC URL [jdbc:mariadb://localhost/AuthenticationService?user=root]
	Database driver: MariaDB Connector/J
	Database dialect: MariaDBDialect
	Database version: 11.4
	Default catalog/schema: authenticationservice/undefined
	Autocommit mode: undefined/unknown
	Isolation level: REPEATABLE_READ [default REPEATABLE_READ]
	JDBC fetch size: none
	Pool: DatasourceConnectionProviderImpl
	Minimum pool size: undefined/unknown
	Maximum pool size: undefined/unknown
17/06/2026 11:51:29.286 DEBUG com.zaxxer.hikari.pool.HikariPool - HikariPool-1 - Pool stats (total=1/10, idle=1/10, active=0, waiting=0)
17/06/2026 11:51:29.287 DEBUG com.zaxxer.hikari.pool.PoolBase - HikariPool-1 - Attempting to create/setup new connection (6d30065b-0492-47d3-8e79-48b0bc5cdfe1)
17/06/2026 11:51:29.289 DEBUG o.m.jdbc.message.server.OkPacket - Database change: is 'authenticationservice'
17/06/2026 11:51:29.289 DEBUG o.m.jdbc.client.impl.StandardClient - execute query: set sql_mode=CONCAT(@@sql_mode,',STRICT_TRANS_TABLES'),session_track_system_variables = CONCAT(@@global.session_track_system_variables,',transaction_isolation'),NAMES utf8mb4
17/06/2026 11:51:29.290 DEBUG o.m.jdbc.message.server.OkPacket - System variable change:  character_set_client = utf8mb4
17/06/2026 11:51:29.290 DEBUG o.m.jdbc.message.server.OkPacket - System variable change:  character_set_connection = utf8mb4
17/06/2026 11:51:29.290 DEBUG o.m.jdbc.message.server.OkPacket - System variable change:  character_set_results = utf8mb4
17/06/2026 11:51:29.290 DEBUG com.zaxxer.hikari.pool.PoolBase - HikariPool-1 - Established new connection (6d30065b-0492-47d3-8e79-48b0bc5cdfe1)
17/06/2026 11:51:29.290 DEBUG com.zaxxer.hikari.pool.HikariPool - HikariPool-1 - Added connection org.mariadb.jdbc.Connection@5f228203
17/06/2026 11:51:29.333 DEBUG com.zaxxer.hikari.pool.HikariPool - HikariPool-1 - After adding stats (total=2/10, idle=2/10, active=0, waiting=0)
17/06/2026 11:51:29.333 DEBUG com.zaxxer.hikari.pool.PoolBase - HikariPool-1 - Attempting to create/setup new connection (9ee9a8e8-807d-4808-820c-6e4e31736258)
17/06/2026 11:51:29.336 DEBUG o.m.jdbc.message.server.OkPacket - Database change: is 'authenticationservice'
17/06/2026 11:51:29.336 DEBUG o.m.jdbc.client.impl.StandardClient - execute query: set sql_mode=CONCAT(@@sql_mode,',STRICT_TRANS_TABLES'),session_track_system_variables = CONCAT(@@global.session_track_system_variables,',transaction_isolation'),NAMES utf8mb4
17/06/2026 11:51:29.336 DEBUG o.m.jdbc.message.server.OkPacket - System variable change:  character_set_client = utf8mb4
17/06/2026 11:51:29.336 DEBUG o.m.jdbc.message.server.OkPacket - System variable change:  character_set_connection = utf8mb4
17/06/2026 11:51:29.336 DEBUG o.m.jdbc.message.server.OkPacket - System variable change:  character_set_results = utf8mb4
17/06/2026 11:51:29.336 DEBUG com.zaxxer.hikari.pool.PoolBase - HikariPool-1 - Established new connection (9ee9a8e8-807d-4808-820c-6e4e31736258)
17/06/2026 11:51:29.336 DEBUG com.zaxxer.hikari.pool.HikariPool - HikariPool-1 - Added connection org.mariadb.jdbc.Connection@3f0d7d4c
17/06/2026 11:51:29.379 DEBUG com.zaxxer.hikari.pool.HikariPool - HikariPool-1 - After adding stats (total=3/10, idle=3/10, active=0, waiting=0)
17/06/2026 11:51:29.379 DEBUG com.zaxxer.hikari.pool.PoolBase - HikariPool-1 - Attempting to create/setup new connection (96013011-a57a-45b4-b778-7f688be4bf24)
17/06/2026 11:51:29.382 DEBUG o.m.jdbc.message.server.OkPacket - Database change: is 'authenticationservice'
17/06/2026 11:51:29.382 DEBUG o.m.jdbc.client.impl.StandardClient - execute query: set sql_mode=CONCAT(@@sql_mode,',STRICT_TRANS_TABLES'),session_track_system_variables = CONCAT(@@global.session_track_system_variables,',transaction_isolation'),NAMES utf8mb4
17/06/2026 11:51:29.384 DEBUG o.m.jdbc.message.server.OkPacket - System variable change:  character_set_client = utf8mb4
17/06/2026 11:51:29.384 DEBUG o.m.jdbc.message.server.OkPacket - System variable change:  character_set_connection = utf8mb4
17/06/2026 11:51:29.384 DEBUG o.m.jdbc.message.server.OkPacket - System variable change:  character_set_results = utf8mb4
17/06/2026 11:51:29.384 DEBUG com.zaxxer.hikari.pool.PoolBase - HikariPool-1 - Established new connection (96013011-a57a-45b4-b778-7f688be4bf24)
17/06/2026 11:51:29.384 DEBUG com.zaxxer.hikari.pool.HikariPool - HikariPool-1 - Added connection org.mariadb.jdbc.Connection@3b43a6f0
17/06/2026 11:51:29.425 DEBUG com.zaxxer.hikari.pool.HikariPool - HikariPool-1 - After adding stats (total=4/10, idle=4/10, active=0, waiting=0)
17/06/2026 11:51:29.426 DEBUG com.zaxxer.hikari.pool.PoolBase - HikariPool-1 - Attempting to create/setup new connection (18d11696-ddf6-4ef8-a2dd-1d788132db01)
17/06/2026 11:51:29.428 DEBUG o.m.jdbc.message.server.OkPacket - Database change: is 'authenticationservice'
17/06/2026 11:51:29.428 DEBUG o.m.jdbc.client.impl.StandardClient - execute query: set sql_mode=CONCAT(@@sql_mode,',STRICT_TRANS_TABLES'),session_track_system_variables = CONCAT(@@global.session_track_system_variables,',transaction_isolation'),NAMES utf8mb4
17/06/2026 11:51:29.428 DEBUG o.m.jdbc.message.server.OkPacket - System variable change:  character_set_client = utf8mb4
17/06/2026 11:51:29.428 DEBUG o.m.jdbc.message.server.OkPacket - System variable change:  character_set_connection = utf8mb4
17/06/2026 11:51:29.428 DEBUG o.m.jdbc.message.server.OkPacket - System variable change:  character_set_results = utf8mb4
17/06/2026 11:51:29.429 DEBUG com.zaxxer.hikari.pool.PoolBase - HikariPool-1 - Established new connection (18d11696-ddf6-4ef8-a2dd-1d788132db01)
17/06/2026 11:51:29.429 DEBUG com.zaxxer.hikari.pool.HikariPool - HikariPool-1 - Added connection org.mariadb.jdbc.Connection@2309a891
17/06/2026 11:51:29.449 DEBUG o.s.o.j.h.SpringBeanContainer - Falling back to Hibernate's default producer after bean creation failure for interface org.hibernate.context.spi.CurrentTenantIdentifierResolver: org.springframework.beans.factory.NoSuchBeanDefinitionException: No qualifying bean of type 'org.hibernate.context.spi.CurrentTenantIdentifierResolver<?>' available
17/06/2026 11:51:29.472 DEBUG com.zaxxer.hikari.pool.HikariPool - HikariPool-1 - After adding stats (total=5/10, idle=5/10, active=0, waiting=0)
17/06/2026 11:51:29.472 DEBUG com.zaxxer.hikari.pool.PoolBase - HikariPool-1 - Attempting to create/setup new connection (81e2d838-a120-40b8-a7ba-73eefa6e7ae5)
17/06/2026 11:51:29.474 DEBUG o.m.jdbc.message.server.OkPacket - Database change: is 'authenticationservice'
17/06/2026 11:51:29.474 DEBUG o.m.jdbc.client.impl.StandardClient - execute query: set sql_mode=CONCAT(@@sql_mode,',STRICT_TRANS_TABLES'),session_track_system_variables = CONCAT(@@global.session_track_system_variables,',transaction_isolation'),NAMES utf8mb4
17/06/2026 11:51:29.475 DEBUG o.m.jdbc.message.server.OkPacket - System variable change:  character_set_client = utf8mb4
17/06/2026 11:51:29.475 DEBUG o.m.jdbc.message.server.OkPacket - System variable change:  character_set_connection = utf8mb4
17/06/2026 11:51:29.475 DEBUG o.m.jdbc.message.server.OkPacket - System variable change:  character_set_results = utf8mb4
17/06/2026 11:51:29.475 DEBUG com.zaxxer.hikari.pool.PoolBase - HikariPool-1 - Established new connection (81e2d838-a120-40b8-a7ba-73eefa6e7ae5)
17/06/2026 11:51:29.475 DEBUG com.zaxxer.hikari.pool.HikariPool - HikariPool-1 - Added connection org.mariadb.jdbc.Connection@31b48768
17/06/2026 11:51:29.514 DEBUG o.h.internal.SessionFactoryImpl - HHH000030: Instantiating factory [069bb8e7-22d6-437b-8793-91420b33aab5] with settings: {java.specification.version=21, sun.cpu.isalist=amd64, hibernate.resource.beans.container=org.springframework.orm.jpa.hibernate.SpringBeanContainer@637d111d, hibernate.connection.handling_mode=DELAYED_ACQUISITION_AND_HOLD, sun.jnu.encoding=Cp1252, hibernate.implicit_naming_strategy=org.hibernate.boot.model.naming.ImplicitNamingStrategyLegacyJpaImpl, java.class.path=C:\Users\termo\Desktop\workspace\TruckingConfiguration\Modules\NeptuneWebAutheticator\target\NeptuneWebAutheticator-0.0.1-SNAPSHOT.jar, java.vm.vendor=Oracle Corporation, sun.arch.data.model=64, user.variant=, java.vendor.url=https://java.oracle.com/, catalina.useNaming=false, user.timezone=Europe/Rome, jakarta.persistence.sharedCache.mode=UNSPECIFIED, org.jboss.logging.provider=slf4j, hibernate.jdbc.time_zone=UTC, java.vm.specification.version=21, os.name=Windows 11, APPLICATION_NAME=NeptuneWebAutheticator, jakarta.persistence.nonJtaDataSource=HikariDataSource (HikariPool-1), sun.java.launcher=SUN_STANDARD, user.country=IT, sun.boot.library.path=C:\Program Files\Java\jdk-21\bin, sun.java.command=C:\Users\termo\Desktop\workspace\TruckingConfiguration\Modules\NeptuneWebAutheticator\target\NeptuneWebAutheticator-0.0.1-SNAPSHOT.jar C:\Users\termo\Desktop\workspace\TruckingConfiguration\Modules\NeptuneWebAutheticator\src\main\java\com\NeptuneWebAutheticator\C:\Users\termo\Desktop\workspace\TruckingConfiguration\Modules\NeptuneWebAutheticator\src\main\resources\application.properties, javax.persistence.nonJtaDataSource=HikariDataSource (HikariPool-1), hibernate.transaction.jta.platform=org.hibernate.engine.transaction.jta.platform.internal.NoJtaPlatform@3a917017, jdk.debug=release, sun.cpu.endian=little, hibernate.cdi.extensions=true, user.home=C:\Users\termo, user.language=it, sun.stderr.encoding=windows-1252, java.specification.vendor=Oracle Corporation, java.version.date=2023-10-17, java.home=C:\Program Files\Java\jdk-21, file.separator=\, java.vm.compressedOopsMode=Zero based, sun.stdout.encoding=windows-1252, line.separator=
, hibernate.persistenceUnitName=default, java.vm.specification.vendor=Oracle Corporation, java.specification.name=Java Platform API Specification, FILE_LOG_CHARSET=UTF-8, hibernate.transaction.coordinator_class=class org.hibernate.resource.transaction.backend.jdbc.internal.JdbcResourceLocalTransactionCoordinatorBuilderImpl, java.awt.headless=true, jakarta.persistence.validation.mode=AUTO, hibernate.hbm2ddl.auto=update, user.script=, java.protocol.handler.pkgs=org.springframework.boot.loader.net.protocol, sun.management.compiler=HotSpot 64-Bit Tiered Compilers, java.runtime.version=21.0.1+12-LTS-29, user.name=termo, stdout.encoding=windows-1252, path.separator=;, os.version=10.0, java.runtime.name=Java(TM) SE Runtime Environment, file.encoding=windows-1252, java.vm.name=Java HotSpot(TM) 64-Bit Server VM, java.vendor.url.bug=https://bugreport.java.com/bugreport/, java.io.tmpdir=C:\Users\termo\AppData\Local\Temp\, catalina.home=C:\Users\termo\AppData\Local\Temp\tomcat.8080.13459580221691823911, java.version=21.0.1, hibernate.physical_naming_strategy=org.hibernate.boot.model.naming.PhysicalNamingStrategyStandardImpl, user.dir=C:\Users\termo\Desktop\workspace\TruckingConfiguration\Modules\NeptuneWebAutheticator, os.arch=amd64, java.vm.specification.name=Java Virtual Machine Specification, PID=27368, sun.os.patch.level=, CONSOLE_LOG_CHARSET=windows-1252, catalina.base=C:\Users\termo\AppData\Local\Temp\tomcat.8080.13459580221691823911, hibernate.boot.CfgXmlAccessService.key=org.hibernate.boot.registry.StandardServiceRegistryBuilder$1@1ed12d10, native.encoding=Cp1252, java.library.path=C:\Program Files\Java\jdk-21\bin;C:\WINDOWS\Sun\Java\bin;C:\WINDOWS\system32;C:\WINDOWS;C:\Program Files\apache-maven-3.9.9\bin;C:\Windows\System32;C:\Windows;C:\Windows\System32\wbem;C:\Windows\System32\WindowsPowerShell\v1.0\;C:\Windows\System32\OpenSSH\;C:\Program Files\PuTTY\;C:\Program Files\Git\cmd;C:\Program Files\TortoiseSVN\bin;C:\Program Files\Microsoft SQL Server\150\Tools\Binn\;C:\Users\termo\AppData\Roaming\nvm;C:\Program Files\nodejs;C:\xampp\php;C:\Program Files\WireGuard\;C:\Program Files (x86)\GnuPG\bin;C:\ProgramData\chocolatey\bin;C:\Program Files\Docker\Docker\resources\bin;C:\composer;C:\Program Files\PuTTY;C:\Program Files\dotnet\;C:\Program Files\Java\jdk-21\bin;C:\Windows\System32;C:\Program Files\MariaDB 11.4\bin;C:\Program Files\Microsoft Visual Studio\2022\Community\VC\Tools\MSVC\14.42.34433\bin\Hostx64\x64;C:\Python27;C:\src\flutter\bin;C:\Program Files (x86)\Windows Kits\10\Windows Performance Toolkit\;C:\Users\termo\AppData\Local\Programs\Python\Python313\Scripts\;C:\Users\termo\AppData\Local\Programs\Python\Python313\;C:\Users\termo\AppData\Local\Microsoft\WindowsApps;C:\Program Files\JetBrains\IntelliJ IDEA 2023.3.2\bin;;C:\Program Files\JetBrains\IntelliJ IDEA Community Edition 2023.3.2\bin;;C:\Users\termo\.dotnet\tools;C:\Users\termo\AppData\Roaming\npm;C:\Users\termo\AppData\Roaming\nvm;C:\Program Files\nodejs;C:\Users\termo\AppData\Local\GitHubDesktop\bin;C:\Users\termo\.jdks\temurin-1.8.0_392\bin;C:\Program Files\Java\jdk-21;C:\Program Files\apache-maven-3.9.9\bin;C:\Users\termo\AppData\Roaming\Composer\vendor\bin;C:\Users\termo\AppData\Local\Programs\Microsoft VS Code\bin;., stderr.encoding=windows-1252, java.vendor=Oracle Corporation, java.vm.info=mixed mode, sharing, java.vm.version=21.0.1+12-LTS-29, sun.io.unicode.encoding=UnicodeLittle, hibernate.archive.scanner=org.hibernate.boot.archive.scan.internal.DisabledScanner, hibernate.connection.datasource=HikariDataSource (HikariPool-1), java.class.version=65.0, LOGGED_APPLICATION_NAME=[NeptuneWebAutheticator] }
17/06/2026 11:51:29.519 DEBUG com.zaxxer.hikari.pool.HikariPool - HikariPool-1 - After adding stats (total=6/10, idle=6/10, active=0, waiting=0)
17/06/2026 11:51:29.519 DEBUG com.zaxxer.hikari.pool.PoolBase - HikariPool-1 - Attempting to create/setup new connection (96b8010e-12e8-48cd-a2cf-0708a5419104)
17/06/2026 11:51:29.522 DEBUG o.m.jdbc.message.server.OkPacket - Database change: is 'authenticationservice'
17/06/2026 11:51:29.522 DEBUG o.m.jdbc.client.impl.StandardClient - execute query: set sql_mode=CONCAT(@@sql_mode,',STRICT_TRANS_TABLES'),session_track_system_variables = CONCAT(@@global.session_track_system_variables,',transaction_isolation'),NAMES utf8mb4
17/06/2026 11:51:29.522 DEBUG o.m.jdbc.message.server.OkPacket - System variable change:  character_set_client = utf8mb4
17/06/2026 11:51:29.522 DEBUG o.m.jdbc.message.server.OkPacket - System variable change:  character_set_connection = utf8mb4
17/06/2026 11:51:29.522 DEBUG o.m.jdbc.message.server.OkPacket - System variable change:  character_set_results = utf8mb4
17/06/2026 11:51:29.522 DEBUG com.zaxxer.hikari.pool.PoolBase - HikariPool-1 - Established new connection (96b8010e-12e8-48cd-a2cf-0708a5419104)
17/06/2026 11:51:29.522 DEBUG com.zaxxer.hikari.pool.HikariPool - HikariPool-1 - Added connection org.mariadb.jdbc.Connection@67bba4cf
17/06/2026 11:51:29.566 DEBUG com.zaxxer.hikari.pool.HikariPool - HikariPool-1 - After adding stats (total=7/10, idle=7/10, active=0, waiting=0)
17/06/2026 11:51:29.566 DEBUG com.zaxxer.hikari.pool.PoolBase - HikariPool-1 - Attempting to create/setup new connection (3014da91-c57e-4f62-8524-6ab27f8984b5)
17/06/2026 11:51:29.568 DEBUG o.m.jdbc.message.server.OkPacket - Database change: is 'authenticationservice'
17/06/2026 11:51:29.568 DEBUG o.m.jdbc.client.impl.StandardClient - execute query: set sql_mode=CONCAT(@@sql_mode,',STRICT_TRANS_TABLES'),session_track_system_variables = CONCAT(@@global.session_track_system_variables,',transaction_isolation'),NAMES utf8mb4
17/06/2026 11:51:29.568 DEBUG o.m.jdbc.message.server.OkPacket - System variable change:  character_set_client = utf8mb4
17/06/2026 11:51:29.568 DEBUG o.m.jdbc.message.server.OkPacket - System variable change:  character_set_connection = utf8mb4
17/06/2026 11:51:29.569 DEBUG o.m.jdbc.message.server.OkPacket - System variable change:  character_set_results = utf8mb4
17/06/2026 11:51:29.569 DEBUG com.zaxxer.hikari.pool.PoolBase - HikariPool-1 - Established new connection (3014da91-c57e-4f62-8524-6ab27f8984b5)
17/06/2026 11:51:29.569 DEBUG com.zaxxer.hikari.pool.HikariPool - HikariPool-1 - Added connection org.mariadb.jdbc.Connection@b1f3f1e
17/06/2026 11:51:29.580 DEBUG org.hibernate.HQL_FUNCTIONS - Available HQL Functions:
	abs(NUMERIC arg)
	Double acos(NUMERIC arg)
	adddate(DATE datetime, INTEGER days)
	addtime(TIME datetime, TIME time)
	Boolean any(BOOLEAN arg)
	Integer ascii(STRING arg)
	Double asin(NUMERIC arg)
	Double atan(NUMERIC arg)
	Double atan2(NUMERIC arg0, NUMERIC arg1)
	avg(arg)
	bit_and(arg)
	Integer bit_length(STRING_OR_CLOB arg)
	bit_or(arg)
	bitand(arg0, arg1)
	bitnot(arg)
	bitor(arg0, arg1)
	bitxor(arg0, arg1)
	cast(arg as Type)
	ceiling(NUMERIC arg)
	Character char(INTEGER arg)
	Integer character_length(STRING_OR_CLOB arg)
	Character chr(INTEGER arg)
	coalesce(arg0[, arg1[, ...]])
	String collate(STRING string as COLLATION collation)
	String concat(STRING string0[, STRING string1[, ...]])
	Double cos(NUMERIC arg)
	Double cosh(NUMERIC arg)
	Double cot(NUMERIC arg)
	Long count([distinct ]{arg|*})
	Integer crc32(arg)
	Double cume_dist([arg0[, ...]])
	Date curdate()
	Date current date
	Time current time
	Timestamp current timestamp
	Date current_date
	Instant current_instant
	Time current_time
	Timestamp current_timestamp
	Time curtime()
	Date date(arg)
	dateadd(TEMPORAL_UNIT field, INTEGER magnitude, TEMPORAL datetime)
	Integer datediff(DATE end, DATE start)
	Integer day(DATE arg)
	String dayname(DATE arg)
	Integer dayofmonth(DATE arg)
	Integer dayofweek(DATE arg)
	Integer dayofyear(DATE arg)
	Double degrees(NUMERIC arg)
	Long dense_rank([arg0[, ...]])
	Boolean every(BOOLEAN arg)
	Double exp(NUMERIC arg)
	extract(TEMPORAL_UNIT field from TEMPORAL arg)
	first_valueANY value
	floor(NUMERIC arg)
	String format(TEMPORAL datetime as STRING pattern)
	greatest(COMPARABLE arg0, COMPARABLE arg1[, arg2[, ...]])
	String hex(arg)
	Integer hour(TIME arg)
	ifnull(arg0, arg1)
	String insert(STRING string, INTEGER start, INTEGER length, STRING replacement)
	Instant instant
	Integer instr(STRING string, STRING pattern[, INTEGER start[, INTEGER occurrence]])
	String json_array([arg0[, ...]])
	String json_array_append(IMPLICIT_JSON arg0, STRING arg1, ANY arg2)
	String json_array_insert(IMPLICIT_JSON arg0, STRING arg1, ANY arg2)
	String json_arrayagg(arg0[, arg1])
	Boolean json_exists(IMPLICIT_JSON arg0, STRING arg1)
	String json_insert(IMPLICIT_JSON arg0, STRING arg1, ANY arg2)
	String json_mergepatch(IMPLICIT_JSON arg0, IMPLICIT_JSON arg1[, arg2[, ...]])
	String json_object( ... )
	String json_objectagg(arg0, arg1[, arg2, arg3])
	String json_query( ... )
	String json_remove(IMPLICIT_JSON arg0, STRING arg1)
	String json_replace(IMPLICIT_JSON arg0, STRING arg1, ANY arg2)
	String json_set(IMPLICIT_JSON arg0, STRING arg1, ANY arg2)
	Boolean json_valid([arg0[, ...]])
	json_value( ... )
	lagANY value[, INTEGER offset[, ANY default]]
	Date last_day(DATE arg)
	last_valueANY value
	leadANY value[, INTEGER offset[, ANY default]]
	least(COMPARABLE arg0, COMPARABLE arg1[, arg2[, ...]])
	String left(STRING string, INTEGER length)
	Integer length(STRING_OR_CLOB arg)
	String listagg(STRING arg0, STRING arg1)
	Double ln(NUMERIC arg)
	LocalDate local date
	LocalDateTime local datetime
	LocalTime local time
	LocalDate local_date
	LocalDateTime local_datetime
	LocalTime local_time
	Time localtime
	Timestamp localtimestamp
	Integer locate(STRING pattern, STRING string[, INTEGER start])
	Double log(NUMERIC arg0[, NUMERIC arg1])
	Double log10(NUMERIC arg)
	Double log2(NUMERIC arg)
	String lower(STRING string)
	String lpad(string, length[, padding])
	String ltrim(STRING string[, STRING characters])
	Date makedate(INTEGER year, INTEGER dayofyear)
	Time maketime(INTEGER hour, INTEGER min, INTEGER sec)
	max(COMPARABLE arg)
	byte[] md5(arg)
	Double median(NUMERIC arg)
	Integer microsecond(TIME arg)
	min(COMPARABLE arg)
	Integer minute(TIME arg)
	Integer mod(INTEGER arg0, INTEGER arg1)
	Integer month(DATE arg)
	String monthname(DATE arg)
	Timestamp now()
	nth_valueANY value, INTEGER nth
	nullif(arg0, arg1)
	Integer octet_length(STRING_OR_CLOB arg)
	OffsetDateTime offset datetime
	OffsetDateTime offset_datetime
	Integer ordinal(ENUM arg)
	String overlay(STRING string placing STRING replacement from INTEGER start[ for INTEGER length])
	String pad(STRING string with INTEGER length {leading|trailing}[ STRING character])
	Double percent_rank([arg0[, ...]])
	percentile_cont(NUMERIC arg)
	percentile_disc(NUMERIC arg)
	Double pi
	Integer position(STRING pattern in STRING string)
	Double power(NUMERIC arg0, NUMERIC arg1)
	Integer quarter(DATE arg)
	Double radians(NUMERIC arg)
	Double rand([INTEGER seed])
	Long rank([arg0[, ...]])
	String repeat(STRING string, INTEGER times)
	String replace(STRING string, STRING pattern, STRING replacement)
	String reverse(STRING arg)
	String right(STRING string, INTEGER length)
	round(NUMERIC number[, INTEGER places])
	Long row_number()
	String rpad(string, length[, padding])
	String rtrim(STRING string[, STRING characters])
	Integer second(TIME arg)
	byte[] sha(arg)
	String sha1(arg)
	String sha2(arg0, arg1)
	Integer sign(NUMERIC arg)
	Double sin(NUMERIC arg)
	Double sinh(NUMERIC arg)
	String soundex(arg)
	String space(INTEGER arg)
	sql
	Double sqrt(NUMERIC arg)
	Double stddev(NUMERIC arg)
	Double stddev_pop(NUMERIC arg)
	Double stddev_samp(NUMERIC arg)
	String str(arg)
	String string(ENUM arg)
	subdate(DATE datetime, INTEGER days)
	String substr(STRING string, INTEGER start[, INTEGER length])
	String substring(STRING string{ from|,} INTEGER start[{ for|,} INTEGER length])
	subtime(TIME datetime, TIME time)
	sum(arg)
	Timestamp sysdate()
	Double tan(NUMERIC arg)
	Double tanh(NUMERIC arg)
	String time(arg)
	Timestamp timestamp(arg0[, arg1])
	timestampadd(TEMPORAL_UNIT field, INTEGER magnitude, TEMPORAL datetime)
	Long|Double timestampdiff(TEMPORAL_UNIT field, TEMPORAL start, TEMPORAL end)
	String trim([[{leading|trailing|both} ][STRING arg0 ]from] STRING arg1)
	trunc( ... )
	truncate( ... )
	String upper(STRING string)
	Date utc_date
	Time utc_time
	Timestamp utc_timestamp
	Double var_pop(NUMERIC arg)
	Double var_samp(NUMERIC arg)
	Double variance(NUMERIC arg)
	Integer week(DATE arg)
	Integer year(DATE arg)

17/06/2026 11:51:29.612 DEBUG com.zaxxer.hikari.pool.HikariPool - HikariPool-1 - After adding stats (total=8/10, idle=8/10, active=0, waiting=0)
17/06/2026 11:51:29.612 DEBUG com.zaxxer.hikari.pool.PoolBase - HikariPool-1 - Attempting to create/setup new connection (a8483f6a-cd92-4e20-acf0-0e876dbb1d30)
17/06/2026 11:51:29.615 DEBUG o.m.jdbc.message.server.OkPacket - Database change: is 'authenticationservice'
17/06/2026 11:51:29.615 DEBUG o.m.jdbc.client.impl.StandardClient - execute query: set sql_mode=CONCAT(@@sql_mode,',STRICT_TRANS_TABLES'),session_track_system_variables = CONCAT(@@global.session_track_system_variables,',transaction_isolation'),NAMES utf8mb4
17/06/2026 11:51:29.615 DEBUG o.m.jdbc.message.server.OkPacket - System variable change:  character_set_client = utf8mb4
17/06/2026 11:51:29.615 DEBUG o.m.jdbc.message.server.OkPacket - System variable change:  character_set_connection = utf8mb4
17/06/2026 11:51:29.615 DEBUG o.m.jdbc.message.server.OkPacket - System variable change:  character_set_results = utf8mb4
17/06/2026 11:51:29.615 DEBUG com.zaxxer.hikari.pool.PoolBase - HikariPool-1 - Established new connection (a8483f6a-cd92-4e20-acf0-0e876dbb1d30)
17/06/2026 11:51:29.615 DEBUG com.zaxxer.hikari.pool.HikariPool - HikariPool-1 - Added connection org.mariadb.jdbc.Connection@55da438
17/06/2026 11:51:29.659 DEBUG com.zaxxer.hikari.pool.HikariPool - HikariPool-1 - After adding stats (total=9/10, idle=9/10, active=0, waiting=0)
17/06/2026 11:51:29.659 DEBUG com.zaxxer.hikari.pool.PoolBase - HikariPool-1 - Attempting to create/setup new connection (3b83bcdb-2930-4013-8dcd-610917774836)
17/06/2026 11:51:29.661 DEBUG o.m.jdbc.message.server.OkPacket - Database change: is 'authenticationservice'
17/06/2026 11:51:29.662 DEBUG o.m.jdbc.client.impl.StandardClient - execute query: set sql_mode=CONCAT(@@sql_mode,',STRICT_TRANS_TABLES'),session_track_system_variables = CONCAT(@@global.session_track_system_variables,',transaction_isolation'),NAMES utf8mb4
17/06/2026 11:51:29.662 DEBUG o.m.jdbc.message.server.OkPacket - System variable change:  character_set_client = utf8mb4
17/06/2026 11:51:29.662 DEBUG o.m.jdbc.message.server.OkPacket - System variable change:  character_set_connection = utf8mb4
17/06/2026 11:51:29.662 DEBUG o.m.jdbc.message.server.OkPacket - System variable change:  character_set_results = utf8mb4
17/06/2026 11:51:29.662 DEBUG com.zaxxer.hikari.pool.PoolBase - HikariPool-1 - Established new connection (3b83bcdb-2930-4013-8dcd-610917774836)
17/06/2026 11:51:29.662 DEBUG com.zaxxer.hikari.pool.HikariPool - HikariPool-1 - Added connection org.mariadb.jdbc.Connection@41917859
17/06/2026 11:51:29.705 DEBUG com.zaxxer.hikari.pool.HikariPool - HikariPool-1 - After adding stats (total=10/10, idle=10/10, active=0, waiting=0)
17/06/2026 11:51:29.872 DEBUG o.h.b.i.b.BytecodeProviderImpl - HHH000513: Unable to create the ReflectionOptimizer for [com.NeptuneWebAutheticator.Entity.Tenant]: private accessor [password]
17/06/2026 11:51:29.889 DEBUG o.h.b.i.b.BytecodeProviderImpl - HHH000513: Unable to create the ReflectionOptimizer for [com.NeptuneWebAutheticator.Entity.Machine]: private accessor [ipAddress]
17/06/2026 11:51:29.899 DEBUG o.h.b.i.b.BytecodeProviderImpl - HHH000513: Unable to create the ReflectionOptimizer for [com.NeptuneWebAutheticator.Entity.Token]: private accessor [expirationDate]
17/06/2026 11:51:30.038 INFO  o.h.e.t.j.p.i.JtaPlatformInitiator - HHH000489: No JTA platform available (set 'hibernate.transaction.jta.platform' to enable JTA platform integration)
17/06/2026 11:51:30.043 DEBUG o.h.s.i.SessionFactoryServiceRegistryImpl - EventListenerRegistry access via ServiceRegistry is deprecated - use 'sessionFactory.getEventEngine().getListenerRegistry()' instead
17/06/2026 11:51:30.061 DEBUG o.m.jdbc.client.impl.StandardClient - execute query: select table_name from information_schema.TABLES where table_schema=database() and table_type='SEQUENCE'
17/06/2026 11:51:30.079 DEBUG o.m.jdbc.client.impl.StandardClient - execute query: SELECT TABLE_SCHEMA TABLE_CAT, NULL TABLE_SCHEM, TABLE_NAME,   IF(TABLE_SCHEMA IN ('mysql', 'performance_schema', 'sys'), IF(TABLE_TYPE='BASE TABLE', 'SYSTEM TABLE', IF(TABLE_TYPE='VIEW', 'SYSTEM VIEW', TABLE_TYPE)), IF(TABLE_TYPE='BASE TABLE' or TABLE_TYPE='SYSTEM VERSIONED', 'TABLE', IF(TABLE_TYPE='TEMPORARY', 'LOCAL TEMPORARY', TABLE_TYPE))) as TABLE_TYPE,  TABLE_COMMENT REMARKS, NULL TYPE_CAT, NULL TYPE_SCHEM, NULL TYPE_NAME, NULL SELF_REFERENCING_COL_NAME,  NULL REF_GENERATION FROM INFORMATION_SCHEMA.TABLES WHERE TABLE_SCHEMA='authenticationservice' AND  TABLE_TYPE IN ('BASE TABLE','SYSTEM VERSIONED','VIEW') ORDER BY TABLE_TYPE,TABLE_CAT,TABLE_SCHEMA,TABLE_NAME
17/06/2026 11:51:30.082 DEBUG o.m.jdbc.client.impl.StandardClient - execute query: SELECT TABLE_SCHEMA TABLE_CAT, NULL TABLE_SCHEM, TABLE_NAME, COLUMN_NAME, CASE data_type WHEN 'bit' THEN -7 WHEN 'tinyblob' THEN -3 WHEN 'mediumblob' THEN -4 WHEN 'longblob' THEN -4 WHEN 'blob' THEN -4 WHEN 'tinytext' THEN 12 WHEN 'mediumtext' THEN -1 WHEN 'longtext' THEN -1 WHEN 'text' THEN -1 WHEN 'date' THEN 91 WHEN 'datetime' THEN 93 WHEN 'decimal' THEN 3 WHEN 'double' THEN 8 WHEN 'enum' THEN 12 WHEN 'float' THEN 7 WHEN 'int' THEN IF( COLUMN_TYPE like '%unsigned%', 4,4) WHEN 'bigint' THEN -5 WHEN 'mediumint' THEN 4 WHEN 'null' THEN 0 WHEN 'set' THEN 12 WHEN 'smallint' THEN IF( COLUMN_TYPE like '%unsigned%', 5,5) WHEN 'varchar' THEN 12 WHEN 'varbinary' THEN -3 WHEN 'char' THEN 1 WHEN 'binary' THEN -2 WHEN 'time' THEN 92 WHEN 'timestamp' THEN 93 WHEN 'tinyint' THEN IF(COLUMN_TYPE like 'tinyint(1)%',16,-6)  WHEN 'year' THEN 91 ELSE 1111 END  DATA_TYPE, IF(COLUMN_TYPE like 'tinyint(1)%', 'BOOLEAN',  UCASE(IF( COLUMN_TYPE LIKE '%(%)%', CONCAT(SUBSTRING( COLUMN_TYPE,1, LOCATE('(',COLUMN_TYPE) - 1 ), SUBSTRING(COLUMN_TYPE ,1+locate(')', COLUMN_TYPE))), COLUMN_TYPE))) TYPE_NAME, CASE DATA_TYPE WHEN 'date' THEN 10  WHEN 'time' THEN IF(DATETIME_PRECISION = 0, 10, CAST(11 + DATETIME_PRECISION as signed integer))  WHEN 'datetime' THEN IF(DATETIME_PRECISION = 0, 19, CAST(20 + DATETIME_PRECISION as signed integer))  WHEN 'timestamp' THEN IF(DATETIME_PRECISION = 0, 19, CAST(20 + DATETIME_PRECISION as signed integer))  ELSE   IF(NUMERIC_PRECISION IS NULL, LEAST(CHARACTER_MAXIMUM_LENGTH,2147483647), NUMERIC_PRECISION)  END COLUMN_SIZE, 65535 BUFFER_LENGTH,  CONVERT (CASE DATA_TYPE WHEN 'year' THEN NUMERIC_SCALE WHEN 'tinyint' THEN 0 ELSE NUMERIC_SCALE END, UNSIGNED INTEGER) DECIMAL_DIGITS, 10 NUM_PREC_RADIX, IF(IS_NULLABLE = 'yes',1,0) NULLABLE,COLUMN_COMMENT REMARKS, COLUMN_DEFAULT COLUMN_DEF, 0 SQL_DATA_TYPE, 0 SQL_DATETIME_SUB,   LEAST(CHARACTER_OCTET_LENGTH,2147483647) CHAR_OCTET_LENGTH, ORDINAL_POSITION, IS_NULLABLE, NULL SCOPE_CATALOG, NULL SCOPE_SCHEMA, NULL SCOPE_TABLE, NULL SOURCE_DATA_TYPE, IF(EXTRA = 'auto_increment','YES','NO') IS_AUTOINCREMENT,  IF(EXTRA in ('VIRTUAL', 'PERSISTENT', 'VIRTUAL GENERATED', 'STORED GENERATED') ,'YES','NO') IS_GENERATEDCOLUMN  FROM INFORMATION_SCHEMA.COLUMNS WHERE TABLE_SCHEMA='authenticationservice' ORDER BY TABLE_CAT, TABLE_SCHEM, TABLE_NAME, ORDINAL_POSITION
17/06/2026 11:51:30.109 DEBUG org.hibernate.mapping.Table - No alter strings for table : Machines
17/06/2026 11:51:30.109 DEBUG org.hibernate.mapping.Table - No alter strings for table : Tenants
17/06/2026 11:51:30.109 DEBUG org.hibernate.mapping.Table - No alter strings for table : Token
17/06/2026 11:51:30.111 DEBUG o.m.jdbc.client.impl.StandardClient - execute query: SHOW CREATE TABLE `authenticationservice`.`machines`
17/06/2026 11:51:30.123 DEBUG o.m.jdbc.client.impl.StandardClient - execute query: SHOW CREATE TABLE `authenticationservice`.`tenants`
17/06/2026 11:51:30.126 DEBUG o.m.jdbc.client.impl.StandardClient - execute query: SELECT TABLE_SCHEMA TABLE_CAT, NULL TABLE_SCHEM, TABLE_NAME,   IF(TABLE_SCHEMA IN ('mysql', 'performance_schema', 'sys'), IF(TABLE_TYPE='BASE TABLE', 'SYSTEM TABLE', IF(TABLE_TYPE='VIEW', 'SYSTEM VIEW', TABLE_TYPE)), IF(TABLE_TYPE='BASE TABLE' or TABLE_TYPE='SYSTEM VERSIONED', 'TABLE', IF(TABLE_TYPE='TEMPORARY', 'LOCAL TEMPORARY', TABLE_TYPE))) as TABLE_TYPE,  TABLE_COMMENT REMARKS, NULL TYPE_CAT, NULL TYPE_SCHEM, NULL TYPE_NAME, NULL SELF_REFERENCING_COL_NAME,  NULL REF_GENERATION FROM INFORMATION_SCHEMA.TABLES WHERE TABLE_SCHEMA='authenticationservice' AND TABLE_NAME='tenants' AND  TABLE_TYPE IN ('BASE TABLE','SYSTEM VERSIONED','VIEW') ORDER BY TABLE_TYPE,TABLE_CAT,TABLE_SCHEMA,TABLE_NAME
17/06/2026 11:51:30.129 DEBUG o.m.jdbc.client.impl.StandardClient - execute query: select * from `authenticationservice`.`tenants` where 1=0
17/06/2026 11:51:30.134 DEBUG org.hibernate.orm.factoryRegistry - HHH020384: Registering SessionFactory: 069bb8e7-22d6-437b-8793-91420b33aab5 (default)
17/06/2026 11:51:30.134 INFO  o.s.o.j.LocalContainerEntityManagerFactoryBean - Initialized JPA EntityManagerFactory for persistence unit 'default'
17/06/2026 11:51:30.153 DEBUG o.s.b.f.s.DefaultListableBeanFactory - Creating shared instance of singleton bean 'neptuneWebAutheticatorApplication'
17/06/2026 11:51:30.154 DEBUG o.s.b.f.s.DefaultListableBeanFactory - Creating shared instance of singleton bean 'securityConfig'
17/06/2026 11:51:30.154 DEBUG o.s.b.f.s.DefaultListableBeanFactory - Creating shared instance of singleton bean 'authenticationController'
17/06/2026 11:51:30.158 DEBUG o.s.b.f.s.DefaultListableBeanFactory - Creating shared instance of singleton bean 'authenticationServiceImpl'
17/06/2026 11:51:30.160 DEBUG o.s.b.f.s.DefaultListableBeanFactory - Creating shared instance of singleton bean 'tenantRepository'
17/06/2026 11:51:30.165 DEBUG o.s.b.f.s.DefaultListableBeanFactory - Creating shared instance of singleton bean 'jpa.named-queries#2'
17/06/2026 11:51:30.167 DEBUG o.s.b.f.s.DefaultListableBeanFactory - Creating shared instance of singleton bean 'jpa.TenantRepository.fragments#0'
17/06/2026 11:51:30.170 DEBUG o.s.b.f.s.DefaultListableBeanFactory - Creating shared instance of singleton bean 'jpaSharedEM_entityManagerFactory'
17/06/2026 11:51:30.177 DEBUG o.s.b.f.s.DefaultListableBeanFactory - Creating shared instance of singleton bean 'jpaMappingContext'
17/06/2026 11:51:30.177 DEBUG o.s.d.j.r.c.JpaMetamodelMappingContextFactoryBean - Initializing JpaMetamodelMappingContext…
17/06/2026 11:51:30.188 DEBUG o.s.d.j.r.c.JpaMetamodelMappingContextFactoryBean - Finished initializing JpaMetamodelMappingContext
17/06/2026 11:51:30.207 INFO  o.s.d.j.r.q.QueryEnhancerFactories - Hibernate is in classpath; If applicable, HQL parser will be used.
17/06/2026 11:51:30.244 DEBUG o.s.d.r.c.s.RepositoryFactorySupport - Initializing repository instance for com.NeptuneWebAutheticator.Repository.TenantRepository…
17/06/2026 11:51:30.344 DEBUG org.hibernate.session.metrics - HHH000401: Logging session metrics:
	0 ns acquiring 0 JDBC connections
	0 ns releasing 0 JDBC connections
	0 ns preparing 0 JDBC statements
	0 ns executing 0 JDBC statements
	0 ns executing 0 JDBC batches
	0 ns performing 0 second-level cache puts
	0 ns performing 0 second-level cache hits
	0 ns performing 0 second-level cache misses
	0 ns executing 0 flushes (flushing a total of 0 entities and 0 collections)
	0 ns executing 0 pre-partial-flushes
	0 ns executing 0 partial-flushes (flushing a total of 0 entities and 0 collections)

17/06/2026 11:51:30.344 DEBUG o.s.d.j.repository.query.NamedQuery - Did not find named query Tenant.findByUsernameAndPassword.count
17/06/2026 11:51:30.866 DEBUG org.hibernate.session.metrics - HHH000401: Logging session metrics:
	0 ns acquiring 0 JDBC connections
	0 ns releasing 0 JDBC connections
	0 ns preparing 0 JDBC statements
	0 ns executing 0 JDBC statements
	0 ns executing 0 JDBC batches
	0 ns performing 0 second-level cache puts
	0 ns performing 0 second-level cache hits
	0 ns performing 0 second-level cache misses
	0 ns executing 0 flushes (flushing a total of 0 entities and 0 collections)
	0 ns executing 0 pre-partial-flushes
	0 ns executing 0 partial-flushes (flushing a total of 0 entities and 0 collections)

17/06/2026 11:51:30.869 DEBUG o.s.d.r.c.s.RepositoryFactorySupport - Finished creation of repository instance for com.NeptuneWebAutheticator.Repository.TenantRepository.
17/06/2026 11:51:30.870 DEBUG o.s.b.f.s.DefaultListableBeanFactory - Creating shared instance of singleton bean 'tokenRepository'
17/06/2026 11:51:30.871 DEBUG o.s.b.f.s.DefaultListableBeanFactory - Creating shared instance of singleton bean 'jpa.named-queries#0'
17/06/2026 11:51:30.872 DEBUG o.s.b.f.s.DefaultListableBeanFactory - Creating shared instance of singleton bean 'jpa.TokenRepository.fragments#0'
17/06/2026 11:51:30.875 DEBUG o.s.d.r.c.s.RepositoryFactorySupport - Initializing repository instance for com.NeptuneWebAutheticator.Repository.TokenRepository…
17/06/2026 11:51:30.876 DEBUG org.hibernate.session.metrics - HHH000401: Logging session metrics:
	0 ns acquiring 0 JDBC connections
	0 ns releasing 0 JDBC connections
	0 ns preparing 0 JDBC statements
	0 ns executing 0 JDBC statements
	0 ns executing 0 JDBC batches
	0 ns performing 0 second-level cache puts
	0 ns performing 0 second-level cache hits
	0 ns performing 0 second-level cache misses
	0 ns executing 0 flushes (flushing a total of 0 entities and 0 collections)
	0 ns executing 0 pre-partial-flushes
	0 ns executing 0 partial-flushes (flushing a total of 0 entities and 0 collections)

17/06/2026 11:51:30.876 DEBUG o.s.d.j.repository.query.NamedQuery - Did not find named query Token.findByTenantId.count
17/06/2026 11:51:30.879 DEBUG org.hibernate.session.metrics - HHH000401: Logging session metrics:
	0 ns acquiring 0 JDBC connections
	0 ns releasing 0 JDBC connections
	0 ns preparing 0 JDBC statements
	0 ns executing 0 JDBC statements
	0 ns executing 0 JDBC batches
	0 ns performing 0 second-level cache puts
	0 ns performing 0 second-level cache hits
	0 ns performing 0 second-level cache misses
	0 ns executing 0 flushes (flushing a total of 0 entities and 0 collections)
	0 ns executing 0 pre-partial-flushes
	0 ns executing 0 partial-flushes (flushing a total of 0 entities and 0 collections)

17/06/2026 11:51:30.880 DEBUG org.hibernate.session.metrics - HHH000401: Logging session metrics:
	0 ns acquiring 0 JDBC connections
	0 ns releasing 0 JDBC connections
	0 ns preparing 0 JDBC statements
	0 ns executing 0 JDBC statements
	0 ns executing 0 JDBC batches
	0 ns performing 0 second-level cache puts
	0 ns performing 0 second-level cache hits
	0 ns performing 0 second-level cache misses
	0 ns executing 0 flushes (flushing a total of 0 entities and 0 collections)
	0 ns executing 0 pre-partial-flushes
	0 ns executing 0 partial-flushes (flushing a total of 0 entities and 0 collections)

17/06/2026 11:51:30.880 DEBUG o.s.d.j.repository.query.NamedQuery - Did not find named query Token.findByToken.count
17/06/2026 11:51:30.881 DEBUG org.hibernate.session.metrics - HHH000401: Logging session metrics:
	0 ns acquiring 0 JDBC connections
	0 ns releasing 0 JDBC connections
	0 ns preparing 0 JDBC statements
	0 ns executing 0 JDBC statements
	0 ns executing 0 JDBC batches
	0 ns performing 0 second-level cache puts
	0 ns performing 0 second-level cache hits
	0 ns performing 0 second-level cache misses
	0 ns executing 0 flushes (flushing a total of 0 entities and 0 collections)
	0 ns executing 0 pre-partial-flushes
	0 ns executing 0 partial-flushes (flushing a total of 0 entities and 0 collections)

17/06/2026 11:51:30.883 DEBUG o.s.d.r.c.s.RepositoryFactorySupport - Finished creation of repository instance for com.NeptuneWebAutheticator.Repository.TokenRepository.
17/06/2026 11:51:30.911 DEBUG o.s.b.f.s.DefaultListableBeanFactory - Creating shared instance of singleton bean 'machineController'
17/06/2026 11:51:30.913 DEBUG o.s.b.f.s.DefaultListableBeanFactory - Creating shared instance of singleton bean 'machineServiceImpl'
17/06/2026 11:51:30.913 DEBUG o.s.b.f.s.DefaultListableBeanFactory - Creating shared instance of singleton bean 'machineRepository'
17/06/2026 11:51:30.914 DEBUG o.s.b.f.s.DefaultListableBeanFactory - Creating shared instance of singleton bean 'jpa.named-queries#1'
17/06/2026 11:51:30.915 DEBUG o.s.b.f.s.DefaultListableBeanFactory - Creating shared instance of singleton bean 'jpa.MachineRepository.fragments#0'
17/06/2026 11:51:30.919 DEBUG o.s.d.r.c.s.RepositoryFactorySupport - Initializing repository instance for com.NeptuneWebAutheticator.Repository.MachineRepository…
17/06/2026 11:51:30.920 DEBUG org.hibernate.session.metrics - HHH000401: Logging session metrics:
	0 ns acquiring 0 JDBC connections
	0 ns releasing 0 JDBC connections
	0 ns preparing 0 JDBC statements
	0 ns executing 0 JDBC statements
	0 ns executing 0 JDBC batches
	0 ns performing 0 second-level cache puts
	0 ns performing 0 second-level cache hits
	0 ns performing 0 second-level cache misses
	0 ns executing 0 flushes (flushing a total of 0 entities and 0 collections)
	0 ns executing 0 pre-partial-flushes
	0 ns executing 0 partial-flushes (flushing a total of 0 entities and 0 collections)

17/06/2026 11:51:30.920 DEBUG o.s.d.j.repository.query.NamedQuery - Did not find named query Machine.findByMachineIdAndTenantId.count
17/06/2026 11:51:30.926 DEBUG org.hibernate.session.metrics - HHH000401: Logging session metrics:
	0 ns acquiring 0 JDBC connections
	0 ns releasing 0 JDBC connections
	0 ns preparing 0 JDBC statements
	0 ns executing 0 JDBC statements
	0 ns executing 0 JDBC batches
	0 ns performing 0 second-level cache puts
	0 ns performing 0 second-level cache hits
	0 ns performing 0 second-level cache misses
	0 ns executing 0 flushes (flushing a total of 0 entities and 0 collections)
	0 ns executing 0 pre-partial-flushes
	0 ns executing 0 partial-flushes (flushing a total of 0 entities and 0 collections)

17/06/2026 11:51:30.926 DEBUG org.hibernate.session.metrics - HHH000401: Logging session metrics:
	0 ns acquiring 0 JDBC connections
	0 ns releasing 0 JDBC connections
	0 ns preparing 0 JDBC statements
	0 ns executing 0 JDBC statements
	0 ns executing 0 JDBC batches
	0 ns performing 0 second-level cache puts
	0 ns performing 0 second-level cache hits
	0 ns performing 0 second-level cache misses
	0 ns executing 0 flushes (flushing a total of 0 entities and 0 collections)
	0 ns executing 0 pre-partial-flushes
	0 ns executing 0 partial-flushes (flushing a total of 0 entities and 0 collections)

17/06/2026 11:51:30.926 DEBUG o.s.d.j.repository.query.NamedQuery - Did not find named query Machine.findByTenantId.count
17/06/2026 11:51:30.929 DEBUG org.hibernate.session.metrics - HHH000401: Logging session metrics:
	0 ns acquiring 0 JDBC connections
	0 ns releasing 0 JDBC connections
	0 ns preparing 0 JDBC statements
	0 ns executing 0 JDBC statements
	0 ns executing 0 JDBC batches
	0 ns performing 0 second-level cache puts
	0 ns performing 0 second-level cache hits
	0 ns performing 0 second-level cache misses
	0 ns executing 0 flushes (flushing a total of 0 entities and 0 collections)
	0 ns executing 0 pre-partial-flushes
	0 ns executing 0 partial-flushes (flushing a total of 0 entities and 0 collections)

17/06/2026 11:51:30.930 DEBUG o.s.d.r.c.s.RepositoryFactorySupport - Finished creation of repository instance for com.NeptuneWebAutheticator.Repository.MachineRepository.
17/06/2026 11:51:30.940 DEBUG o.s.b.f.s.DefaultListableBeanFactory - Creating shared instance of singleton bean 'org.springframework.security.config.annotation.configuration.ObjectPostProcessorConfiguration'
17/06/2026 11:51:30.940 DEBUG o.s.b.f.s.DefaultListableBeanFactory - Creating shared instance of singleton bean 'objectPostProcessor'
17/06/2026 11:51:30.941 DEBUG o.s.b.f.s.DefaultListableBeanFactory - Autowiring by type from bean name 'objectPostProcessor' via factory method to bean named 'org.springframework.beans.factory.support.DefaultListableBeanFactory@65f87a2c'
17/06/2026 11:51:30.942 DEBUG o.s.b.f.s.DefaultListableBeanFactory - Creating shared instance of singleton bean 'org.springframework.security.config.annotation.authentication.configuration.AuthenticationConfiguration'
17/06/2026 11:51:30.943 DEBUG o.s.b.f.s.DefaultListableBeanFactory - Creating shared instance of singleton bean 'enableGlobalAuthenticationAutowiredConfigurer'
17/06/2026 11:51:30.943 DEBUG o.s.b.f.s.DefaultListableBeanFactory - Autowiring by type from bean name 'enableGlobalAuthenticationAutowiredConfigurer' via factory method to bean named 'org.springframework.boot.web.server.servlet.context.AnnotationConfigServletWebServerApplicationContext@6b54655f'
17/06/2026 11:51:30.944 DEBUG o.s.b.f.s.DefaultListableBeanFactory - Creating shared instance of singleton bean 'initializeUserDetailsBeanManagerConfigurer'
17/06/2026 11:51:30.944 DEBUG o.s.b.f.s.DefaultListableBeanFactory - Autowiring by type from bean name 'initializeUserDetailsBeanManagerConfigurer' via factory method to bean named 'org.springframework.boot.web.server.servlet.context.AnnotationConfigServletWebServerApplicationContext@6b54655f'
17/06/2026 11:51:30.945 DEBUG o.s.b.f.s.DefaultListableBeanFactory - Creating shared instance of singleton bean 'initializeAuthenticationProviderBeanManagerConfigurer'
17/06/2026 11:51:30.945 DEBUG o.s.b.f.s.DefaultListableBeanFactory - Autowiring by type from bean name 'initializeAuthenticationProviderBeanManagerConfigurer' via factory method to bean named 'org.springframework.boot.web.server.servlet.context.AnnotationConfigServletWebServerApplicationContext@6b54655f'
17/06/2026 11:51:30.947 DEBUG o.s.b.f.s.DefaultListableBeanFactory - Creating shared instance of singleton bean 'authenticationManagerBuilder'
17/06/2026 11:51:30.947 DEBUG o.s.b.f.s.DefaultListableBeanFactory - Autowiring by type from bean name 'authenticationManagerBuilder' via factory method to bean named 'objectPostProcessor'
17/06/2026 11:51:30.947 DEBUG o.s.b.f.s.DefaultListableBeanFactory - Autowiring by type from bean name 'authenticationManagerBuilder' via factory method to bean named 'org.springframework.boot.web.server.servlet.context.AnnotationConfigServletWebServerApplicationContext@6b54655f'
17/06/2026 11:51:30.947 DEBUG o.s.b.f.s.DefaultListableBeanFactory - Creating shared instance of singleton bean 'authenticationEventPublisher'
17/06/2026 11:51:30.947 DEBUG o.s.b.f.s.DefaultListableBeanFactory - Creating shared instance of singleton bean 'org.springframework.boot.security.autoconfigure.SecurityAutoConfiguration'
17/06/2026 11:51:30.949 DEBUG o.s.b.f.s.DefaultListableBeanFactory - Autowiring by type from bean name 'authenticationEventPublisher' via factory method to bean named 'org.springframework.boot.web.server.servlet.context.AnnotationConfigServletWebServerApplicationContext@6b54655f'
17/06/2026 11:51:30.957 DEBUG o.s.b.f.s.DefaultListableBeanFactory - Creating shared instance of singleton bean 'org.springframework.security.config.annotation.web.configuration.WebSecurityConfiguration'
17/06/2026 11:51:30.969 DEBUG o.s.b.f.s.DefaultListableBeanFactory - Creating shared instance of singleton bean 'filterChainDecoratorPostProcessor'
17/06/2026 11:51:30.975 DEBUG o.s.b.f.s.DefaultListableBeanFactory - Creating shared instance of singleton bean 'filterChain'
17/06/2026 11:51:30.976 DEBUG o.s.b.f.s.DefaultListableBeanFactory - Creating shared instance of singleton bean 'org.springframework.security.config.annotation.web.configuration.HttpSecurityConfiguration'
17/06/2026 11:51:30.980 DEBUG o.s.b.f.s.DefaultListableBeanFactory - Creating shared instance of singleton bean 'mvcContentNegotiationManager'
17/06/2026 11:51:30.980 DEBUG o.s.b.f.s.DefaultListableBeanFactory - Creating shared instance of singleton bean 'org.springframework.boot.webmvc.autoconfigure.WebMvcAutoConfiguration$EnableWebMvcConfiguration'
17/06/2026 11:51:30.981 DEBUG o.s.b.f.s.DefaultListableBeanFactory - Autowiring by type from bean name 'org.springframework.boot.webmvc.autoconfigure.WebMvcAutoConfiguration$EnableWebMvcConfiguration' via constructor to bean named 'spring.mvc-org.springframework.boot.webmvc.autoconfigure.WebMvcProperties'
17/06/2026 11:51:30.981 DEBUG o.s.b.f.s.DefaultListableBeanFactory - Autowiring by type from bean name 'org.springframework.boot.webmvc.autoconfigure.WebMvcAutoConfiguration$EnableWebMvcConfiguration' via constructor to bean named 'spring.web-org.springframework.boot.autoconfigure.web.WebProperties'
17/06/2026 11:51:30.981 DEBUG o.s.b.f.s.DefaultListableBeanFactory - Autowiring by type from bean name 'org.springframework.boot.webmvc.autoconfigure.WebMvcAutoConfiguration$EnableWebMvcConfiguration' via constructor to bean named 'org.springframework.beans.factory.support.DefaultListableBeanFactory@65f87a2c'
17/06/2026 11:51:30.986 DEBUG o.s.b.f.s.DefaultListableBeanFactory - Creating shared instance of singleton bean 'org.springframework.security.config.annotation.web.configuration.WebMvcSecurityConfiguration'
17/06/2026 11:51:30.987 DEBUG o.s.b.f.s.DefaultListableBeanFactory - Creating shared instance of singleton bean 'org.springframework.boot.webmvc.autoconfigure.WebMvcAutoConfiguration$WebMvcAutoConfigurationAdapter'
17/06/2026 11:51:30.988 DEBUG o.s.b.f.s.DefaultListableBeanFactory - Autowiring by type from bean name 'org.springframework.boot.webmvc.autoconfigure.WebMvcAutoConfiguration$WebMvcAutoConfigurationAdapter' via constructor to bean named 'spring.web-org.springframework.boot.autoconfigure.web.WebProperties'
17/06/2026 11:51:30.988 DEBUG o.s.b.f.s.DefaultListableBeanFactory - Autowiring by type from bean name 'org.springframework.boot.webmvc.autoconfigure.WebMvcAutoConfiguration$WebMvcAutoConfigurationAdapter' via constructor to bean named 'spring.mvc-org.springframework.boot.webmvc.autoconfigure.WebMvcProperties'
17/06/2026 11:51:30.989 DEBUG o.s.b.f.s.DefaultListableBeanFactory - Autowiring by type from bean name 'org.springframework.boot.webmvc.autoconfigure.WebMvcAutoConfiguration$WebMvcAutoConfigurationAdapter' via constructor to bean named 'org.springframework.beans.factory.support.DefaultListableBeanFactory@65f87a2c'
17/06/2026 11:51:30.991 DEBUG o.s.b.f.s.DefaultListableBeanFactory - Creating shared instance of singleton bean 'org.springframework.data.web.config.SpringDataWebConfiguration'
17/06/2026 11:51:30.992 DEBUG o.s.b.f.s.DefaultListableBeanFactory - Autowiring by type from bean name 'org.springframework.data.web.config.SpringDataWebConfiguration' via constructor to bean named 'org.springframework.boot.web.server.servlet.context.AnnotationConfigServletWebServerApplicationContext@6b54655f'
17/06/2026 11:51:30.997 DEBUG o.s.b.f.s.DefaultListableBeanFactory - Creating shared instance of singleton bean 'serverConvertersCustomizer'
17/06/2026 11:51:30.997 DEBUG o.s.b.f.s.DefaultListableBeanFactory - Creating shared instance of singleton bean 'org.springframework.boot.http.converter.autoconfigure.HttpMessageConvertersAutoConfiguration'
17/06/2026 11:51:31.001 DEBUG o.s.b.f.s.DefaultListableBeanFactory - Creating shared instance of singleton bean 'stringHttpMessageConverter'
17/06/2026 11:51:31.001 DEBUG o.s.b.f.s.DefaultListableBeanFactory - Creating shared instance of singleton bean 'org.springframework.boot.http.converter.autoconfigure.HttpMessageConvertersAutoConfiguration$StringHttpMessageConverterConfiguration'
17/06/2026 11:51:31.003 DEBUG o.s.b.f.s.DefaultListableBeanFactory - Creating shared instance of singleton bean 'spring.http.converters-org.springframework.boot.http.converter.autoconfigure.HttpMessageConvertersProperties'
17/06/2026 11:51:31.003 DEBUG o.s.b.f.s.DefaultListableBeanFactory - Autowiring by type from bean name 'stringHttpMessageConverter' via factory method to bean named 'spring.http.converters-org.springframework.boot.http.converter.autoconfigure.HttpMessageConvertersProperties'
17/06/2026 11:51:31.006 DEBUG o.s.b.f.s.DefaultListableBeanFactory - Creating shared instance of singleton bean 'jacksonJsonHttpMessageConverter'
17/06/2026 11:51:31.006 DEBUG o.s.b.f.s.DefaultListableBeanFactory - Creating shared instance of singleton bean 'org.springframework.boot.http.converter.autoconfigure.JacksonHttpMessageConvertersConfiguration$JacksonJsonHttpMessageConverterConfiguration'
17/06/2026 11:51:31.007 DEBUG o.s.b.f.s.DefaultListableBeanFactory - Creating shared instance of singleton bean 'jacksonJsonMapper'
17/06/2026 11:51:31.007 DEBUG o.s.b.f.s.DefaultListableBeanFactory - Creating shared instance of singleton bean 'org.springframework.boot.jackson.autoconfigure.JacksonAutoConfiguration'
17/06/2026 11:51:31.008 DEBUG o.s.b.f.s.DefaultListableBeanFactory - Creating shared instance of singleton bean 'problemDetailJsonMapperBuilderCustomizer'
17/06/2026 11:51:31.008 DEBUG o.s.b.f.s.DefaultListableBeanFactory - Creating shared instance of singleton bean 'org.springframework.boot.jackson.autoconfigure.JacksonAutoConfiguration$JsonProblemDetailsConfiguration'
17/06/2026 11:51:31.009 DEBUG o.s.b.f.s.DefaultListableBeanFactory - Creating shared instance of singleton bean 'standardJsonMapperBuilderCustomizer'
17/06/2026 11:51:31.009 DEBUG o.s.b.f.s.DefaultListableBeanFactory - Creating shared instance of singleton bean 'org.springframework.boot.jackson.autoconfigure.JacksonAutoConfiguration$JacksonJsonMapperBuilderCustomizerConfiguration'
17/06/2026 11:51:31.009 DEBUG o.s.b.f.s.DefaultListableBeanFactory - Creating shared instance of singleton bean 'spring.jackson-org.springframework.boot.jackson.autoconfigure.JacksonProperties'
17/06/2026 11:51:31.011 DEBUG o.s.b.f.s.DefaultListableBeanFactory - Autowiring by type from bean name 'standardJsonMapperBuilderCustomizer' via factory method to bean named 'spring.jackson-org.springframework.boot.jackson.autoconfigure.JacksonProperties'
17/06/2026 11:51:31.012 DEBUG o.s.b.f.s.DefaultListableBeanFactory - Creating shared instance of singleton bean 'jackson3GeoModule'
17/06/2026 11:51:31.012 DEBUG o.s.b.f.s.DefaultListableBeanFactory - Creating shared instance of singleton bean 'org.springframework.data.web.config.SpringDataJackson3Configuration'
17/06/2026 11:51:31.013 DEBUG o.s.b.f.s.DefaultListableBeanFactory - Creating shared instance of singleton bean 'springDataWebSettings'
17/06/2026 11:51:31.013 DEBUG o.s.b.f.s.DefaultListableBeanFactory - Creating shared instance of singleton bean 'org.springframework.boot.data.autoconfigure.web.DataWebAutoConfiguration'
17/06/2026 11:51:31.013 DEBUG o.s.b.f.s.DefaultListableBeanFactory - Creating shared instance of singleton bean 'spring.data.web-org.springframework.boot.data.autoconfigure.web.DataWebProperties'
17/06/2026 11:51:31.015 DEBUG o.s.b.f.s.DefaultListableBeanFactory - Autowiring by type from bean name 'org.springframework.boot.data.autoconfigure.web.DataWebAutoConfiguration' via constructor to bean named 'spring.data.web-org.springframework.boot.data.autoconfigure.web.DataWebProperties'
17/06/2026 11:51:31.021 DEBUG o.s.b.f.s.DefaultListableBeanFactory - Creating shared instance of singleton bean 'jackson3pageModule'
17/06/2026 11:51:31.022 DEBUG o.s.b.f.s.DefaultListableBeanFactory - Creating shared instance of singleton bean 'jacksonMixinModule'
17/06/2026 11:51:31.022 DEBUG o.s.b.f.s.DefaultListableBeanFactory - Creating shared instance of singleton bean 'org.springframework.boot.jackson.autoconfigure.JacksonAutoConfiguration$JacksonMixinConfiguration'
17/06/2026 11:51:31.023 DEBUG o.s.b.f.s.DefaultListableBeanFactory - Creating shared instance of singleton bean 'jacksonMixinModuleEntries'
17/06/2026 11:51:31.023 DEBUG o.s.b.f.s.DefaultListableBeanFactory - Autowiring by type from bean name 'jacksonMixinModuleEntries' via factory method to bean named 'org.springframework.boot.web.server.servlet.context.AnnotationConfigServletWebServerApplicationContext@6b54655f'
17/06/2026 11:51:31.026 DEBUG o.s.b.f.s.DefaultListableBeanFactory - Autowiring by type from bean name 'jacksonMixinModule' via factory method to bean named 'org.springframework.boot.web.server.servlet.context.AnnotationConfigServletWebServerApplicationContext@6b54655f'
17/06/2026 11:51:31.026 DEBUG o.s.b.f.s.DefaultListableBeanFactory - Autowiring by type from bean name 'jacksonMixinModule' via factory method to bean named 'jacksonMixinModuleEntries'
17/06/2026 11:51:31.027 DEBUG o.s.b.f.s.DefaultListableBeanFactory - Creating shared instance of singleton bean 'jsonComponentModule'
17/06/2026 11:51:31.030 DEBUG o.s.b.f.s.DefaultListableBeanFactory - Autowiring by type from bean name 'jsonMapperBuilder' via factory method to bean named 'problemDetailJsonMapperBuilderCustomizer'
17/06/2026 11:51:31.030 DEBUG o.s.b.f.s.DefaultListableBeanFactory - Autowiring by type from bean name 'jsonMapperBuilder' via factory method to bean named 'standardJsonMapperBuilderCustomizer'
17/06/2026 11:51:31.040 DEBUG o.s.b.f.s.DefaultListableBeanFactory - Autowiring by type from bean name 'jacksonJsonMapper' via factory method to bean named 'jsonMapperBuilder'
17/06/2026 11:51:31.050 DEBUG o.s.b.f.s.DefaultListableBeanFactory - Autowiring by type from bean name 'jacksonJsonHttpMessageConverter' via factory method to bean named 'jacksonJsonMapper'
17/06/2026 11:51:31.062 DEBUG o.s.b.f.s.DefaultListableBeanFactory - Creating shared instance of singleton bean 'inMemoryUserDetailsManager'
17/06/2026 11:51:31.062 DEBUG o.s.b.f.s.DefaultListableBeanFactory - Creating shared instance of singleton bean 'org.springframework.boot.security.autoconfigure.UserDetailsServiceAutoConfiguration'
17/06/2026 11:51:31.063 DEBUG o.s.b.f.s.DefaultListableBeanFactory - Creating shared instance of singleton bean 'spring.security-org.springframework.boot.security.autoconfigure.SecurityProperties'
17/06/2026 11:51:31.064 DEBUG o.s.b.f.s.DefaultListableBeanFactory - Autowiring by type from bean name 'inMemoryUserDetailsManager' via factory method to bean named 'spring.security-org.springframework.boot.security.autoconfigure.SecurityProperties'
17/06/2026 11:51:31.066 DEBUG o.s.b.f.s.DefaultListableBeanFactory - Creating shared instance of singleton bean 'passwordEncoder'
17/06/2026 11:51:31.068 WARN  o.s.b.s.a.UserDetailsServiceAutoConfiguration - 

Using generated security password: 1a8110ba-baa1-4137-8136-ce9d7936f289

This generated password is for development use only. Your security configuration must be updated before running your application in production.

17/06/2026 11:51:31.076 INFO  o.s.s.c.a.a.c.InitializeUserDetailsBeanManagerConfigurer$InitializeUserDetailsManagerConfigurer - Global AuthenticationManager configured with UserDetailsService bean with name inMemoryUserDetailsManager
17/06/2026 11:51:31.091 DEBUG o.s.b.f.s.DefaultListableBeanFactory - Creating shared instance of singleton bean 'mvcPatternParser'
17/06/2026 11:51:31.187 DEBUG o.s.b.f.s.DefaultListableBeanFactory - Autowiring by type from bean name 'filterChain' via factory method to bean named 'org.springframework.security.config.annotation.web.configuration.HttpSecurityConfiguration.httpSecurity'
17/06/2026 11:51:31.195 DEBUG o.s.b.f.s.DefaultListableBeanFactory - Creating shared instance of singleton bean 'webAuthorizationManagerPostProcessor'
17/06/2026 11:51:31.197 DEBUG o.s.b.f.s.DefaultListableBeanFactory - Creating shared instance of singleton bean 'pathPatternRequestMatcherBuilder'
17/06/2026 11:51:31.197 DEBUG o.s.b.f.s.DefaultListableBeanFactory - Creating shared instance of singleton bean 'org.springframework.boot.security.autoconfigure.web.servlet.ServletWebSecurityAutoConfiguration$PathPatternRequestMatcherBuilderConfiguration'
17/06/2026 11:51:31.198 DEBUG o.s.b.f.s.DefaultListableBeanFactory - Autowiring by type from bean name 'pathPatternRequestMatcherBuilder' via factory method to bean named 'dispatcherServletRegistration'
17/06/2026 11:51:31.208 DEBUG o.s.b.f.s.DefaultListableBeanFactory - Creating shared instance of singleton bean 'authenticationManagerPostProcessor'
17/06/2026 11:51:31.221 DEBUG o.s.s.web.DefaultSecurityFilterChain - Will secure any request with filters: DisableEncodeUrlFilter, WebAsyncManagerIntegrationFilter, SecurityContextHolderFilter, HeaderWriterFilter, LogoutFilter, RequestCacheAwareFilter, SecurityContextHolderAwareRequestFilter, AnonymousAuthenticationFilter, ExceptionTranslationFilter, AuthorizationFilter
17/06/2026 11:51:31.223 DEBUG o.s.b.f.s.DefaultListableBeanFactory - Creating shared instance of singleton bean 'delegatingApplicationListener'
17/06/2026 11:51:31.223 DEBUG o.s.b.f.s.DefaultListableBeanFactory - Creating shared instance of singleton bean 'springSecurityFilterChain'
17/06/2026 11:51:31.234 DEBUG o.s.b.f.s.DefaultListableBeanFactory - Creating shared instance of singleton bean 'webSecurityExpressionHandler'
17/06/2026 11:51:31.235 DEBUG o.s.b.f.s.DefaultListableBeanFactory - Creating shared instance of singleton bean 'privilegeEvaluator'
17/06/2026 11:51:31.235 DEBUG o.s.b.f.s.DefaultListableBeanFactory - Creating shared instance of singleton bean 'requestDataValueProcessor'
17/06/2026 11:51:31.236 DEBUG o.s.b.f.s.DefaultListableBeanFactory - Creating shared instance of singleton bean 'org.springframework.security.config.annotation.web.configuration.ObservationConfiguration'
17/06/2026 11:51:31.236 DEBUG o.s.b.f.s.DefaultListableBeanFactory - Creating shared instance of singleton bean 'corsConfigurationSource'
17/06/2026 11:51:31.239 DEBUG o.s.b.f.s.DefaultListableBeanFactory - Creating shared instance of singleton bean 'org.springframework.boot.autoconfigure.context.PropertyPlaceholderAutoConfiguration'
17/06/2026 11:51:31.239 DEBUG o.s.b.f.s.DefaultListableBeanFactory - Creating shared instance of singleton bean 'org.springframework.boot.context.properties.EnableConfigurationPropertiesRegistrar.methodValidationExcludeFilter'
17/06/2026 11:51:31.240 DEBUG o.s.b.f.s.DefaultListableBeanFactory - Creating shared instance of singleton bean 'org.springframework.boot.webmvc.autoconfigure.DispatcherServletAutoConfiguration'
17/06/2026 11:51:31.240 DEBUG o.s.b.f.s.DefaultListableBeanFactory - Creating shared instance of singleton bean 'org.springframework.boot.autoconfigure.task.TaskExecutorConfigurations$SimpleAsyncTaskExecutorBuilderConfiguration'
17/06/2026 11:51:31.241 DEBUG o.s.b.f.s.DefaultListableBeanFactory - Autowiring by type from bean name 'org.springframework.boot.autoconfigure.task.TaskExecutorConfigurations$SimpleAsyncTaskExecutorBuilderConfiguration' via constructor to bean named 'spring.task.execution-org.springframework.boot.autoconfigure.task.TaskExecutionProperties'
17/06/2026 11:51:31.241 DEBUG o.s.b.f.s.DefaultListableBeanFactory - Creating shared instance of singleton bean 'simpleAsyncTaskExecutorBuilder'
17/06/2026 11:51:31.242 DEBUG o.s.b.f.s.DefaultListableBeanFactory - Creating shared instance of singleton bean 'org.springframework.boot.autoconfigure.task.TaskExecutorConfigurations$AsyncConfigurerConfiguration'
17/06/2026 11:51:31.243 DEBUG o.s.b.f.s.DefaultListableBeanFactory - Creating shared instance of singleton bean 'applicationTaskExecutorAsyncConfigurer'
17/06/2026 11:51:31.243 DEBUG o.s.b.f.s.DefaultListableBeanFactory - Autowiring by type from bean name 'applicationTaskExecutorAsyncConfigurer' via factory method to bean named 'org.springframework.beans.factory.support.DefaultListableBeanFactory@65f87a2c'
17/06/2026 11:51:31.244 DEBUG o.s.b.f.s.DefaultListableBeanFactory - Creating shared instance of singleton bean 'org.springframework.boot.autoconfigure.task.TaskExecutorConfigurations$BootstrapExecutorConfiguration'
17/06/2026 11:51:31.244 DEBUG o.s.b.f.s.DefaultListableBeanFactory - Creating shared instance of singleton bean 'org.springframework.boot.autoconfigure.task.TaskExecutionAutoConfiguration'
17/06/2026 11:51:31.244 DEBUG o.s.b.f.s.DefaultListableBeanFactory - Creating shared instance of singleton bean 'org.springframework.boot.webmvc.autoconfigure.error.ErrorMvcAutoConfiguration$WhitelabelErrorViewConfiguration'
17/06/2026 11:51:31.245 DEBUG o.s.b.f.s.DefaultListableBeanFactory - Creating shared instance of singleton bean 'error'
17/06/2026 11:51:31.246 DEBUG o.s.b.f.s.DefaultListableBeanFactory - Creating shared instance of singleton bean 'beanNameViewResolver'
17/06/2026 11:51:31.246 DEBUG o.s.b.f.s.DefaultListableBeanFactory - Creating shared instance of singleton bean 'org.springframework.boot.webmvc.autoconfigure.error.ErrorMvcAutoConfiguration$DefaultErrorViewResolverConfiguration'
17/06/2026 11:51:31.246 DEBUG o.s.b.f.s.DefaultListableBeanFactory - Autowiring by type from bean name 'org.springframework.boot.webmvc.autoconfigure.error.ErrorMvcAutoConfiguration$DefaultErrorViewResolverConfiguration' via constructor to bean named 'org.springframework.boot.web.server.servlet.context.AnnotationConfigServletWebServerApplicationContext@6b54655f'
17/06/2026 11:51:31.247 DEBUG o.s.b.f.s.DefaultListableBeanFactory - Autowiring by type from bean name 'org.springframework.boot.webmvc.autoconfigure.error.ErrorMvcAutoConfiguration$DefaultErrorViewResolverConfiguration' via constructor to bean named 'spring.web-org.springframework.boot.autoconfigure.web.WebProperties'
17/06/2026 11:51:31.247 DEBUG o.s.b.f.s.DefaultListableBeanFactory - Creating shared instance of singleton bean 'conventionErrorViewResolver'
17/06/2026 11:51:31.247 DEBUG o.s.b.f.s.DefaultListableBeanFactory - Creating shared instance of singleton bean 'errorAttributes'
17/06/2026 11:51:31.249 DEBUG o.s.b.f.s.DefaultListableBeanFactory - Creating shared instance of singleton bean 'basicErrorController'
17/06/2026 11:51:31.249 DEBUG o.s.b.f.s.DefaultListableBeanFactory - Autowiring by type from bean name 'basicErrorController' via factory method to bean named 'errorAttributes'
17/06/2026 11:51:31.253 DEBUG o.s.b.f.s.DefaultListableBeanFactory - Creating shared instance of singleton bean 'welcomePageHandlerMapping'
17/06/2026 11:51:31.253 DEBUG o.s.b.f.s.DefaultListableBeanFactory - Creating shared instance of singleton bean 'mvcConversionService'
17/06/2026 11:51:31.260 DEBUG o.s.b.f.s.DefaultListableBeanFactory - Creating shared instance of singleton bean 'mvcResourceUrlProvider'
17/06/2026 11:51:31.261 DEBUG o.s.b.f.s.DefaultListableBeanFactory - Autowiring by type from bean name 'welcomePageHandlerMapping' via factory method to bean named 'org.springframework.boot.web.server.servlet.context.AnnotationConfigServletWebServerApplicationContext@6b54655f'
17/06/2026 11:51:31.261 DEBUG o.s.b.f.s.DefaultListableBeanFactory - Autowiring by type from bean name 'welcomePageHandlerMapping' via factory method to bean named 'mvcConversionService'
17/06/2026 11:51:31.261 DEBUG o.s.b.f.s.DefaultListableBeanFactory - Autowiring by type from bean name 'welcomePageHandlerMapping' via factory method to bean named 'mvcResourceUrlProvider'
17/06/2026 11:51:31.274 DEBUG o.s.b.f.s.DefaultListableBeanFactory - Creating shared instance of singleton bean 'welcomePageNotAcceptableHandlerMapping'
17/06/2026 11:51:31.275 DEBUG o.s.b.f.s.DefaultListableBeanFactory - Autowiring by type from bean name 'welcomePageNotAcceptableHandlerMapping' via factory method to bean named 'org.springframework.boot.web.server.servlet.context.AnnotationConfigServletWebServerApplicationContext@6b54655f'
17/06/2026 11:51:31.275 DEBUG o.s.b.f.s.DefaultListableBeanFactory - Autowiring by type from bean name 'welcomePageNotAcceptableHandlerMapping' via factory method to bean named 'mvcConversionService'
17/06/2026 11:51:31.275 DEBUG o.s.b.f.s.DefaultListableBeanFactory - Autowiring by type from bean name 'welcomePageNotAcceptableHandlerMapping' via factory method to bean named 'mvcResourceUrlProvider'
17/06/2026 11:51:31.277 DEBUG o.s.b.f.s.DefaultListableBeanFactory - Creating shared instance of singleton bean 'localeResolver'
17/06/2026 11:51:31.278 DEBUG o.s.b.f.s.DefaultListableBeanFactory - Creating shared instance of singleton bean 'flashMapManager'
17/06/2026 11:51:31.280 DEBUG o.s.b.f.s.DefaultListableBeanFactory - Creating shared instance of singleton bean 'viewNameTranslator'
17/06/2026 11:51:31.281 DEBUG o.s.b.f.s.DefaultListableBeanFactory - Creating shared instance of singleton bean 'mvcValidator'
17/06/2026 11:51:31.283 DEBUG o.s.b.f.s.DefaultListableBeanFactory - Creating shared instance of singleton bean 'requestMappingHandlerMapping'
17/06/2026 11:51:31.285 DEBUG o.s.b.f.s.DefaultListableBeanFactory - Creating shared instance of singleton bean 'mvcApiVersionStrategy'
17/06/2026 11:51:31.291 DEBUG o.s.b.f.s.DefaultListableBeanFactory - Autowiring by type from bean name 'requestMappingHandlerMapping' via factory method to bean named 'mvcContentNegotiationManager'
17/06/2026 11:51:31.291 DEBUG o.s.b.f.s.DefaultListableBeanFactory - Autowiring by type from bean name 'requestMappingHandlerMapping' via factory method to bean named 'mvcApiVersionStrategy'
17/06/2026 11:51:31.291 DEBUG o.s.b.f.s.DefaultListableBeanFactory - Autowiring by type from bean name 'requestMappingHandlerMapping' via factory method to bean named 'mvcConversionService'
17/06/2026 11:51:31.291 DEBUG o.s.b.f.s.DefaultListableBeanFactory - Autowiring by type from bean name 'requestMappingHandlerMapping' via factory method to bean named 'mvcResourceUrlProvider'
17/06/2026 11:51:31.314 DEBUG _.s.w.s.HandlerMapping.Mappings - 
	c.N.C.AuthenticationController:
	{POST [/api/login]}: login(HttpServletRequest,Map)
	{POST [/api/logout]}: logout(HttpServletRequest)
	{GET [/api/isUserAuthenticate]}: isUserAuthenticate(HttpServletRequest)
17/06/2026 11:51:31.320 DEBUG _.s.w.s.HandlerMapping.Mappings - 
	c.N.C.MachineController:
	{POST [/Machine]}: addMachine(HttpServletRequest,Map)
	{POST [/api/Tenant]}: addTenant(HttpServletRequest,Map)
	{DELETE [/Machine]}: deleteMachine(HttpServletRequest,Map)
	{GET [/Machine]}: getMachines(HttpServletRequest)
17/06/2026 11:51:31.325 DEBUG _.s.w.s.HandlerMapping.Mappings - 
	o.s.b.w.a.e.BasicErrorController:
	{ [/error]}: error(HttpServletRequest)
	{ [/error], produces [text/html]}: errorHtml(HttpServletRequest,HttpServletResponse)
17/06/2026 11:51:31.328 DEBUG o.s.w.s.m.m.a.RequestMappingHandlerMapping - 9 mappings in 'requestMappingHandlerMapping'
17/06/2026 11:51:31.332 DEBUG o.s.b.f.s.DefaultListableBeanFactory - Creating shared instance of singleton bean 'mvcUrlPathHelper'
17/06/2026 11:51:31.332 DEBUG o.s.b.f.s.DefaultListableBeanFactory - Creating shared instance of singleton bean 'mvcPathMatcher'
17/06/2026 11:51:31.333 DEBUG o.s.b.f.s.DefaultListableBeanFactory - Creating shared instance of singleton bean 'viewControllerHandlerMapping'
17/06/2026 11:51:31.333 DEBUG o.s.b.f.s.DefaultListableBeanFactory - Autowiring by type from bean name 'viewControllerHandlerMapping' via factory method to bean named 'mvcConversionService'
17/06/2026 11:51:31.333 DEBUG o.s.b.f.s.DefaultListableBeanFactory - Autowiring by type from bean name 'viewControllerHandlerMapping' via factory method to bean named 'mvcResourceUrlProvider'
17/06/2026 11:51:31.333 DEBUG o.s.b.f.s.DefaultListableBeanFactory - Creating shared instance of singleton bean 'beanNameHandlerMapping'
17/06/2026 11:51:31.334 DEBUG o.s.b.f.s.DefaultListableBeanFactory - Autowiring by type from bean name 'beanNameHandlerMapping' via factory method to bean named 'mvcConversionService'
17/06/2026 11:51:31.334 DEBUG o.s.b.f.s.DefaultListableBeanFactory - Autowiring by type from bean name 'beanNameHandlerMapping' via factory method to bean named 'mvcResourceUrlProvider'
17/06/2026 11:51:31.335 DEBUG _.s.w.s.HandlerMapping.Mappings - 'beanNameHandlerMapping' {}
17/06/2026 11:51:31.336 DEBUG o.s.b.f.s.DefaultListableBeanFactory - Creating shared instance of singleton bean 'routerFunctionMapping'
17/06/2026 11:51:31.337 DEBUG o.s.b.f.s.DefaultListableBeanFactory - Autowiring by type from bean name 'routerFunctionMapping' via factory method to bean named 'mvcConversionService'
17/06/2026 11:51:31.337 DEBUG o.s.b.f.s.DefaultListableBeanFactory - Autowiring by type from bean name 'routerFunctionMapping' via factory method to bean named 'mvcResourceUrlProvider'
17/06/2026 11:51:31.337 DEBUG o.s.b.f.s.DefaultListableBeanFactory - Autowiring by type from bean name 'routerFunctionMapping' via factory method to bean named 'mvcApiVersionStrategy'
17/06/2026 11:51:31.341 DEBUG o.s.b.f.s.DefaultListableBeanFactory - Creating shared instance of singleton bean 'resourceHandlerMapping'
17/06/2026 11:51:31.341 DEBUG o.s.b.f.s.DefaultListableBeanFactory - Autowiring by type from bean name 'resourceHandlerMapping' via factory method to bean named 'mvcContentNegotiationManager'
17/06/2026 11:51:31.341 DEBUG o.s.b.f.s.DefaultListableBeanFactory - Autowiring by type from bean name 'resourceHandlerMapping' via factory method to bean named 'mvcConversionService'
17/06/2026 11:51:31.342 DEBUG o.s.b.f.s.DefaultListableBeanFactory - Autowiring by type from bean name 'resourceHandlerMapping' via factory method to bean named 'mvcResourceUrlProvider'
17/06/2026 11:51:31.360 DEBUG _.s.w.s.HandlerMapping.Mappings - 'resourceHandlerMapping' {/webjars/**=ResourceHttpRequestHandler [classpath [META-INF/resources/webjars/]], /**=ResourceHttpRequestHandler [classpath [META-INF/resources/], classpath [resources/], classpath [static/], classpath [public/], ServletContext [/]]}
17/06/2026 11:51:31.361 DEBUG o.s.b.f.s.DefaultListableBeanFactory - Creating shared instance of singleton bean 'defaultServletHandlerMapping'
17/06/2026 11:51:31.361 DEBUG o.s.b.f.s.DefaultListableBeanFactory - Creating shared instance of singleton bean 'requestMappingHandlerAdapter'
17/06/2026 11:51:31.362 DEBUG o.s.b.f.s.DefaultListableBeanFactory - Autowiring by type from bean name 'requestMappingHandlerAdapter' via factory method to bean named 'mvcContentNegotiationManager'
17/06/2026 11:51:31.362 DEBUG o.s.b.f.s.DefaultListableBeanFactory - Autowiring by type from bean name 'requestMappingHandlerAdapter' via factory method to bean named 'mvcConversionService'
17/06/2026 11:51:31.362 DEBUG o.s.b.f.s.DefaultListableBeanFactory - Autowiring by type from bean name 'requestMappingHandlerAdapter' via factory method to bean named 'mvcValidator'
17/06/2026 11:51:31.381 DEBUG o.s.b.f.s.DefaultListableBeanFactory - Creating shared instance of singleton bean 'sortResolver'
17/06/2026 11:51:31.383 DEBUG o.s.b.f.s.DefaultListableBeanFactory - Creating shared instance of singleton bean 'sortCustomizer'
17/06/2026 11:51:31.385 DEBUG o.s.b.f.s.DefaultListableBeanFactory - Creating shared instance of singleton bean 'pageableResolver'
17/06/2026 11:51:31.387 DEBUG o.s.b.f.s.DefaultListableBeanFactory - Creating shared instance of singleton bean 'pageableCustomizer'
17/06/2026 11:51:31.397 DEBUG o.s.w.s.m.m.a.RequestMappingHandlerAdapter - ControllerAdvice beans: 0 @ModelAttribute, 0 @InitBinder, 1 RequestBodyAdvice, 1 ResponseBodyAdvice
17/06/2026 11:51:31.420 DEBUG o.s.b.f.s.DefaultListableBeanFactory - Creating shared instance of singleton bean 'mvcViewResolver'
17/06/2026 11:51:31.421 DEBUG o.s.b.f.s.DefaultListableBeanFactory - Autowiring by type from bean name 'mvcViewResolver' via factory method to bean named 'mvcContentNegotiationManager'
17/06/2026 11:51:31.422 DEBUG o.s.b.f.s.DefaultListableBeanFactory - Creating shared instance of singleton bean 'defaultViewResolver'
17/06/2026 11:51:31.428 DEBUG o.s.b.f.s.DefaultListableBeanFactory - Creating shared instance of singleton bean 'viewResolver'
17/06/2026 11:51:31.428 DEBUG o.s.b.f.s.DefaultListableBeanFactory - Autowiring by type from bean name 'viewResolver' via factory method to bean named 'org.springframework.beans.factory.support.DefaultListableBeanFactory@65f87a2c'
17/06/2026 11:51:31.429 DEBUG o.s.b.f.s.DefaultListableBeanFactory - Creating shared instance of singleton bean 'viewResolver'
17/06/2026 11:51:31.434 DEBUG o.s.b.f.s.DefaultListableBeanFactory - Creating shared instance of singleton bean 'handlerFunctionAdapter'
17/06/2026 11:51:31.436 DEBUG o.s.b.f.s.DefaultListableBeanFactory - Creating shared instance of singleton bean 'mvcUriComponentsContributor'
17/06/2026 11:51:31.436 DEBUG o.s.b.f.s.DefaultListableBeanFactory - Autowiring by type from bean name 'mvcUriComponentsContributor' via factory method to bean named 'mvcConversionService'
17/06/2026 11:51:31.436 DEBUG o.s.b.f.s.DefaultListableBeanFactory - Autowiring by type from bean name 'mvcUriComponentsContributor' via factory method to bean named 'requestMappingHandlerAdapter'
17/06/2026 11:51:31.439 DEBUG o.s.b.f.s.DefaultListableBeanFactory - Creating shared instance of singleton bean 'httpRequestHandlerAdapter'
17/06/2026 11:51:31.439 DEBUG o.s.b.f.s.DefaultListableBeanFactory - Creating shared instance of singleton bean 'simpleControllerHandlerAdapter'
17/06/2026 11:51:31.439 DEBUG o.s.b.f.s.DefaultListableBeanFactory - Creating shared instance of singleton bean 'handlerExceptionResolver'
17/06/2026 11:51:31.439 DEBUG o.s.b.f.s.DefaultListableBeanFactory - Autowiring by type from bean name 'handlerExceptionResolver' via factory method to bean named 'mvcContentNegotiationManager'
17/06/2026 11:51:31.442 DEBUG o.s.w.s.m.m.a.ExceptionHandlerExceptionResolver - ControllerAdvice beans: 0 @ExceptionHandler, 1 ResponseBodyAdvice
17/06/2026 11:51:31.444 DEBUG o.s.b.f.s.DefaultListableBeanFactory - Creating shared instance of singleton bean 'org.springframework.boot.autoconfigure.aop.AopAutoConfiguration$AspectJAutoProxyingConfiguration$CglibAutoProxyConfiguration'
17/06/2026 11:51:31.445 DEBUG o.s.b.f.s.DefaultListableBeanFactory - Creating shared instance of singleton bean 'org.springframework.boot.autoconfigure.aop.AopAutoConfiguration$AspectJAutoProxyingConfiguration'
17/06/2026 11:51:31.445 DEBUG o.s.b.f.s.DefaultListableBeanFactory - Creating shared instance of singleton bean 'org.springframework.boot.autoconfigure.aop.AopAutoConfiguration'
17/06/2026 11:51:31.445 DEBUG o.s.b.f.s.DefaultListableBeanFactory - Creating shared instance of singleton bean 'org.springframework.boot.autoconfigure.availability.ApplicationAvailabilityAutoConfiguration'
17/06/2026 11:51:31.445 DEBUG o.s.b.f.s.DefaultListableBeanFactory - Creating shared instance of singleton bean 'applicationAvailability'
17/06/2026 11:51:31.447 DEBUG o.s.b.f.s.DefaultListableBeanFactory - Creating shared instance of singleton bean 'org.springframework.boot.autoconfigure.context.ConfigurationPropertiesAutoConfiguration'
17/06/2026 11:51:31.447 DEBUG o.s.b.f.s.DefaultListableBeanFactory - Creating shared instance of singleton bean 'org.springframework.boot.autoconfigure.context.LifecycleAutoConfiguration'
17/06/2026 11:51:31.448 DEBUG o.s.b.f.s.DefaultListableBeanFactory - Creating shared instance of singleton bean 'lifecycleProcessor'
17/06/2026 11:51:31.448 DEBUG o.s.b.f.s.DefaultListableBeanFactory - Creating shared instance of singleton bean 'spring.lifecycle-org.springframework.boot.autoconfigure.context.LifecycleProperties'
17/06/2026 11:51:31.449 DEBUG o.s.b.f.s.DefaultListableBeanFactory - Autowiring by type from bean name 'lifecycleProcessor' via factory method to bean named 'spring.lifecycle-org.springframework.boot.autoconfigure.context.LifecycleProperties'
17/06/2026 11:51:31.451 DEBUG o.s.b.f.s.DefaultListableBeanFactory - Creating shared instance of singleton bean 'org.springframework.boot.autoconfigure.info.ProjectInfoAutoConfiguration'
17/06/2026 11:51:31.453 DEBUG o.s.b.f.s.DefaultListableBeanFactory - Creating shared instance of singleton bean 'spring.info-org.springframework.boot.autoconfigure.info.ProjectInfoProperties'
17/06/2026 11:51:31.454 DEBUG o.s.b.f.s.DefaultListableBeanFactory - Autowiring by type from bean name 'org.springframework.boot.autoconfigure.info.ProjectInfoAutoConfiguration' via constructor to bean named 'spring.info-org.springframework.boot.autoconfigure.info.ProjectInfoProperties'
17/06/2026 11:51:31.455 DEBUG o.s.b.f.s.DefaultListableBeanFactory - Creating shared instance of singleton bean 'org.springframework.boot.autoconfigure.task.TaskSchedulingConfigurations$ThreadPoolTaskSchedulerBuilderConfiguration'
17/06/2026 11:51:31.455 DEBUG o.s.b.f.s.DefaultListableBeanFactory - Creating shared instance of singleton bean 'threadPoolTaskSchedulerBuilder'
17/06/2026 11:51:31.455 DEBUG o.s.b.f.s.DefaultListableBeanFactory - Creating shared instance of singleton bean 'spring.task.scheduling-org.springframework.boot.autoconfigure.task.TaskSchedulingProperties'
17/06/2026 11:51:31.456 DEBUG o.s.b.f.s.DefaultListableBeanFactory - Autowiring by type from bean name 'threadPoolTaskSchedulerBuilder' via factory method to bean named 'spring.task.scheduling-org.springframework.boot.autoconfigure.task.TaskSchedulingProperties'
17/06/2026 11:51:31.458 DEBUG o.s.b.f.s.DefaultListableBeanFactory - Creating shared instance of singleton bean 'org.springframework.boot.autoconfigure.task.TaskSchedulingConfigurations$SimpleAsyncTaskSchedulerBuilderConfiguration'
17/06/2026 11:51:31.458 DEBUG o.s.b.f.s.DefaultListableBeanFactory - Autowiring by type from bean name 'org.springframework.boot.autoconfigure.task.TaskSchedulingConfigurations$SimpleAsyncTaskSchedulerBuilderConfiguration' via constructor to bean named 'spring.task.scheduling-org.springframework.boot.autoconfigure.task.TaskSchedulingProperties'
17/06/2026 11:51:31.459 DEBUG o.s.b.f.s.DefaultListableBeanFactory - Creating shared instance of singleton bean 'simpleAsyncTaskSchedulerBuilder'
17/06/2026 11:51:31.461 DEBUG o.s.b.f.s.DefaultListableBeanFactory - Creating shared instance of singleton bean 'org.springframework.boot.autoconfigure.task.TaskSchedulingAutoConfiguration'
17/06/2026 11:51:31.461 DEBUG o.s.b.f.s.DefaultListableBeanFactory - Creating shared instance of singleton bean 'org.springframework.data.web.config.ProjectingArgumentResolverRegistrar'
17/06/2026 11:51:31.461 DEBUG o.s.b.f.s.DefaultListableBeanFactory - Creating shared instance of singleton bean 'offsetResolver'
17/06/2026 11:51:31.463 DEBUG o.s.b.f.s.DefaultListableBeanFactory - Creating shared instance of singleton bean 'org.springframework.boot.transaction.jta.autoconfigure.JtaAutoConfiguration'
17/06/2026 11:51:31.463 DEBUG o.s.b.f.s.DefaultListableBeanFactory - Creating shared instance of singleton bean 'org.springframework.boot.jdbc.autoconfigure.DataSourcePoolMetadataProvidersConfiguration'
17/06/2026 11:51:31.463 DEBUG o.s.b.f.s.DefaultListableBeanFactory - Creating shared instance of singleton bean 'org.springframework.boot.jdbc.autoconfigure.DataSourceAutoConfiguration'
17/06/2026 11:51:31.463 DEBUG o.s.b.f.s.DefaultListableBeanFactory - Creating shared instance of singleton bean 'org.springframework.boot.transaction.autoconfigure.TransactionManagerCustomizationAutoConfiguration'
17/06/2026 11:51:31.463 DEBUG o.s.b.f.s.DefaultListableBeanFactory - Creating shared instance of singleton bean 'platformTransactionManagerCustomizers'
17/06/2026 11:51:31.465 DEBUG o.s.b.f.s.DefaultListableBeanFactory - Creating shared instance of singleton bean 'transactionExecutionListeners'
17/06/2026 11:51:31.466 DEBUG o.s.b.f.s.DefaultListableBeanFactory - Creating shared instance of singleton bean 'spring.transaction-org.springframework.boot.transaction.autoconfigure.TransactionProperties'
17/06/2026 11:51:31.467 DEBUG o.s.b.f.s.DefaultListableBeanFactory - Creating shared instance of singleton bean 'org.springframework.boot.jpa.autoconfigure.JpaBaseConfiguration$PersistenceManagedTypesConfiguration'
17/06/2026 11:51:31.467 DEBUG o.s.b.f.s.DefaultListableBeanFactory - Creating shared instance of singleton bean 'transactionManager'
17/06/2026 11:51:31.475 DEBUG o.s.b.f.s.DefaultListableBeanFactory - Creating shared instance of singleton bean 'org.springframework.boot.hibernate.autoconfigure.HibernateJpaAutoConfiguration'
17/06/2026 11:51:31.475 DEBUG o.s.b.f.s.DefaultListableBeanFactory - Creating shared instance of singleton bean 'org.springframework.boot.data.jpa.autoconfigure.DataJpaRepositoriesAutoConfiguration'
17/06/2026 11:51:31.476 DEBUG o.s.b.f.s.DefaultListableBeanFactory - Creating shared instance of singleton bean 'eagerJpaMetamodelCacheCleanup'
17/06/2026 11:51:31.476 DEBUG o.s.b.f.s.DefaultListableBeanFactory - Creating shared instance of singleton bean 'org.springframework.data.jpa.util.JpaMetamodelCacheCleanup'
17/06/2026 11:51:31.476 DEBUG o.s.b.f.s.DefaultListableBeanFactory - Creating shared instance of singleton bean 'org.springframework.data.jpa.repository.support.JpaEvaluationContextExtension'
17/06/2026 11:51:31.477 DEBUG o.s.b.f.s.DefaultListableBeanFactory - Creating shared instance of singleton bean 'data-jpa.repository-aot-processor#0'
17/06/2026 11:51:31.484 DEBUG o.s.b.f.s.DefaultListableBeanFactory - Creating shared instance of singleton bean 'org.springframework.boot.http.converter.autoconfigure.JacksonHttpMessageConvertersConfiguration'
17/06/2026 11:51:31.484 DEBUG o.s.b.f.s.DefaultListableBeanFactory - Creating shared instance of singleton bean 'org.springframework.boot.http.converter.autoconfigure.Jackson2HttpMessageConvertersConfiguration'
17/06/2026 11:51:31.484 DEBUG o.s.b.f.s.DefaultListableBeanFactory - Creating shared instance of singleton bean 'clientConvertersCustomizer'
17/06/2026 11:51:31.487 DEBUG o.s.b.f.s.DefaultListableBeanFactory - Creating shared instance of singleton bean 'org.springframework.boot.jdbc.autoconfigure.JdbcTemplateConfiguration'
17/06/2026 11:51:31.487 DEBUG o.s.b.f.s.DefaultListableBeanFactory - Creating shared instance of singleton bean 'jdbcTemplate'
17/06/2026 11:51:31.488 DEBUG o.s.b.f.s.DefaultListableBeanFactory - Creating shared instance of singleton bean 'spring.jdbc-org.springframework.boot.jdbc.autoconfigure.JdbcProperties'
17/06/2026 11:51:31.489 DEBUG o.s.b.f.s.DefaultListableBeanFactory - Autowiring by type from bean name 'jdbcTemplate' via factory method to bean named 'dataSource'
17/06/2026 11:51:31.489 DEBUG o.s.b.f.s.DefaultListableBeanFactory - Autowiring by type from bean name 'jdbcTemplate' via factory method to bean named 'spring.jdbc-org.springframework.boot.jdbc.autoconfigure.JdbcProperties'
17/06/2026 11:51:31.497 DEBUG o.s.b.f.s.DefaultListableBeanFactory - Creating shared instance of singleton bean 'org.springframework.boot.jdbc.autoconfigure.NamedParameterJdbcTemplateConfiguration'
17/06/2026 11:51:31.497 DEBUG o.s.b.f.s.DefaultListableBeanFactory - Creating shared instance of singleton bean 'namedParameterJdbcTemplate'
17/06/2026 11:51:31.498 DEBUG o.s.b.f.s.DefaultListableBeanFactory - Autowiring by type from bean name 'namedParameterJdbcTemplate' via factory method to bean named 'jdbcTemplate'
17/06/2026 11:51:31.502 DEBUG o.s.b.f.s.DefaultListableBeanFactory - Creating shared instance of singleton bean 'org.springframework.boot.jdbc.autoconfigure.JdbcTemplateAutoConfiguration'
17/06/2026 11:51:31.503 DEBUG o.s.b.f.s.DefaultListableBeanFactory - Creating shared instance of singleton bean 'org.springframework.boot.jdbc.autoconfigure.JdbcClientAutoConfiguration'
17/06/2026 11:51:31.504 DEBUG o.s.b.f.s.DefaultListableBeanFactory - Creating shared instance of singleton bean 'jdbcClient'
17/06/2026 11:51:31.504 DEBUG o.s.b.f.s.DefaultListableBeanFactory - Autowiring by type from bean name 'jdbcClient' via factory method to bean named 'namedParameterJdbcTemplate'
17/06/2026 11:51:31.506 DEBUG o.s.b.f.s.DefaultListableBeanFactory - Creating shared instance of singleton bean 'org.springframework.boot.persistence.autoconfigure.PersistenceExceptionTranslationAutoConfiguration'
17/06/2026 11:51:31.506 DEBUG o.s.b.f.s.DefaultListableBeanFactory - Creating shared instance of singleton bean 'org.springframework.boot.security.autoconfigure.web.servlet.ServletWebSecurityAutoConfiguration'
17/06/2026 11:51:31.507 DEBUG o.s.b.f.s.DefaultListableBeanFactory - Creating shared instance of singleton bean 'multipartResolver'
17/06/2026 11:51:31.508 DEBUG o.s.b.f.s.DefaultListableBeanFactory - Creating shared instance of singleton bean 'org.springframework.boot.jdbc.autoconfigure.DataSourceTransactionManagerAutoConfiguration$JdbcTransactionManagerConfiguration'
17/06/2026 11:51:31.511 DEBUG o.s.b.f.s.DefaultListableBeanFactory - Creating shared instance of singleton bean 'org.springframework.boot.jdbc.autoconfigure.DataSourceTransactionManagerAutoConfiguration'
17/06/2026 11:51:31.512 DEBUG o.s.b.f.s.DefaultListableBeanFactory - Creating shared instance of singleton bean 'org.springframework.boot.transaction.autoconfigure.TransactionAutoConfiguration$EnableTransactionManagementConfiguration$CglibAutoProxyConfiguration'
17/06/2026 11:51:31.512 DEBUG o.s.b.f.s.DefaultListableBeanFactory - Creating shared instance of singleton bean 'org.springframework.boot.transaction.autoconfigure.TransactionAutoConfiguration$EnableTransactionManagementConfiguration'
17/06/2026 11:51:31.512 DEBUG o.s.b.f.s.DefaultListableBeanFactory - Creating shared instance of singleton bean 'org.springframework.boot.transaction.autoconfigure.TransactionAutoConfiguration$TransactionTemplateConfiguration'
17/06/2026 11:51:31.512 DEBUG o.s.b.f.s.DefaultListableBeanFactory - Creating shared instance of singleton bean 'transactionTemplate'
17/06/2026 11:51:31.514 DEBUG o.s.b.f.s.DefaultListableBeanFactory - Autowiring by type from bean name 'transactionTemplate' via factory method to bean named 'transactionManager'
17/06/2026 11:51:31.515 DEBUG o.s.b.f.s.DefaultListableBeanFactory - Creating shared instance of singleton bean 'org.springframework.boot.transaction.autoconfigure.TransactionAutoConfiguration'
17/06/2026 11:51:31.528 DEBUG o.s.c.s.DefaultLifecycleProcessor - Starting beans in phase -2147483647
17/06/2026 11:51:31.528 DEBUG o.s.c.s.DefaultLifecycleProcessor - Successfully started bean 'springBootLoggingLifecycle'
17/06/2026 11:51:31.529 DEBUG o.s.c.s.DefaultLifecycleProcessor - Starting beans in phase 1073741823
17/06/2026 11:51:31.529 DEBUG o.s.c.s.DefaultLifecycleProcessor - Starting beans in phase 2147481599
17/06/2026 11:51:31.529 INFO  o.a.coyote.http11.Http11NioProtocol - Starting ProtocolHandler ["http-nio-8080"]
17/06/2026 11:51:31.563 INFO  o.s.boot.tomcat.TomcatWebServer - Tomcat started on port 8080 (http) with context path '/'
17/06/2026 11:51:31.565 DEBUG o.s.c.s.DefaultLifecycleProcessor - Successfully started bean 'webServerStartStop'
17/06/2026 11:51:31.565 DEBUG o.s.c.s.DefaultLifecycleProcessor - Starting beans in phase 2147482623
17/06/2026 11:51:31.565 DEBUG o.s.c.s.DefaultLifecycleProcessor - Successfully started bean 'webServerGracefulShutdown'
17/06/2026 11:51:31.576 DEBUG o.s.b.a.l.ConditionEvaluationReportLogger - 


============================
CONDITIONS EVALUATION REPORT
============================


Positive matches:
-----------------

   AopAutoConfiguration matched:
      - @ConditionalOnBooleanProperty (spring.aop.auto=true) matched (OnPropertyCondition)

   AopAutoConfiguration.AspectJAutoProxyingConfiguration matched:
      - @ConditionalOnClass found required class 'org.aspectj.weaver.Advice' (OnClassCondition)

   AopAutoConfiguration.AspectJAutoProxyingConfiguration.CglibAutoProxyConfiguration matched:
      - @ConditionalOnBooleanProperty (spring.aop.proxy-target-class=true) matched (OnPropertyCondition)

   ApplicationAvailabilityAutoConfiguration#applicationAvailability matched:
      - @ConditionalOnMissingBean (types: org.springframework.boot.availability.ApplicationAvailability; SearchStrategy: all) did not find any beans (OnBeanCondition)

   DataJpaRepositoriesAutoConfiguration matched:
      - @ConditionalOnClass found required class 'org.springframework.data.jpa.repository.JpaRepository' (OnClassCondition)
      - @ConditionalOnBooleanProperty (spring.data.jpa.repositories.enabled=true) matched (OnPropertyCondition)
      - @ConditionalOnBean (types: javax.sql.DataSource; SearchStrategy: all) found bean 'dataSource'; @ConditionalOnMissingBean (types: org.springframework.data.jpa.repository.support.JpaRepositoryFactoryBean,org.springframework.data.jpa.repository.config.JpaRepositoryConfigExtension; SearchStrategy: all) did not find any beans (OnBeanCondition)

   DataSourceAutoConfiguration matched:
      - @ConditionalOnClass found required classes 'javax.sql.DataSource', 'org.springframework.jdbc.datasource.embedded.EmbeddedDatabaseType' (OnClassCondition)
      - @ConditionalOnMissingBean (types: ?; SearchStrategy: all) did not find any beans (OnBeanCondition)

   DataSourceAutoConfiguration.PooledDataSourceConfiguration matched:
      - AnyNestedCondition 1 matched 1 did not; NestedCondition on DataSourceAutoConfiguration.PooledDataSourceCondition.PooledDataSourceAvailable PooledDataSource found supported DataSource; NestedCondition on DataSourceAutoConfiguration.PooledDataSourceCondition.ExplicitType @ConditionalOnProperty (spring.datasource.type) did not find property 'spring.datasource.type' (DataSourceAutoConfiguration.PooledDataSourceCondition)
      - @ConditionalOnMissingBean (types: javax.sql.DataSource,javax.sql.XADataSource; SearchStrategy: all) did not find any beans (OnBeanCondition)

   DataSourceAutoConfiguration.PooledDataSourceConfiguration#jdbcConnectionDetails matched:
      - @ConditionalOnMissingBean (types: org.springframework.boot.jdbc.autoconfigure.JdbcConnectionDetails; SearchStrategy: all) did not find any beans (OnBeanCondition)

   DataSourceConfiguration.Hikari matched:
      - @ConditionalOnClass found required class 'com.zaxxer.hikari.HikariDataSource' (OnClassCondition)
      - @ConditionalOnProperty (spring.datasource.type=com.zaxxer.hikari.HikariDataSource) matched (OnPropertyCondition)
      - @ConditionalOnMissingBean (types: javax.sql.DataSource; SearchStrategy: all) did not find any beans (OnBeanCondition)

   DataSourceInitializationAutoConfiguration matched:
      - @ConditionalOnClass found required class 'org.springframework.jdbc.datasource.init.DatabasePopulator' (OnClassCondition)
      - SQL InitializationDatabase Initialization default value is EMBEDDED (OnSqlInitializationCondition)
      - @ConditionalOnSingleCandidate (types: javax.sql.DataSource; SearchStrategy: all) found a single bean 'dataSource'; @ConditionalOnMissingBean (types: org.springframework.boot.sql.autoconfigure.init.ApplicationScriptDatabaseInitializer; SearchStrategy: all) did not find any beans (OnBeanCondition)

   DataSourcePoolMetadataProvidersConfiguration.HikariPoolDataSourceMetadataProviderConfiguration matched:
      - @ConditionalOnClass found required class 'com.zaxxer.hikari.HikariDataSource' (OnClassCondition)

   DataSourceTransactionManagerAutoConfiguration matched:
      - @ConditionalOnClass found required classes 'javax.sql.DataSource', 'org.springframework.jdbc.core.JdbcTemplate', 'org.springframework.transaction.TransactionManager' (OnClassCondition)

   DataSourceTransactionManagerAutoConfiguration.JdbcTransactionManagerConfiguration matched:
      - @ConditionalOnSingleCandidate (types: javax.sql.DataSource; SearchStrategy: all) found a single bean 'dataSource' (OnBeanCondition)

   DataWebAutoConfiguration matched:
      - @ConditionalOnClass found required classes 'org.springframework.data.web.PageableHandlerMethodArgumentResolver', 'org.springframework.web.servlet.config.annotation.WebMvcConfigurer' (OnClassCondition)
      - found 'session' scope (OnWebApplicationCondition)
      - @ConditionalOnMissingBean (types: org.springframework.data.web.PageableHandlerMethodArgumentResolver; SearchStrategy: all) did not find any beans (OnBeanCondition)

   DataWebAutoConfiguration#pageableCustomizer matched:
      - @ConditionalOnMissingBean (types: org.springframework.data.web.config.PageableHandlerMethodArgumentResolverCustomizer; SearchStrategy: all) did not find any beans (OnBeanCondition)

   DataWebAutoConfiguration#sortCustomizer matched:
      - @ConditionalOnMissingBean (types: org.springframework.data.web.config.SortHandlerMethodArgumentResolverCustomizer; SearchStrategy: all) did not find any beans (OnBeanCondition)

   DataWebAutoConfiguration#springDataWebSettings matched:
      - @ConditionalOnMissingBean (types: org.springframework.data.web.config.SpringDataWebSettings; SearchStrategy: all) did not find any beans (OnBeanCondition)

   DispatcherServletAutoConfiguration matched:
      - @ConditionalOnClass found required class 'org.springframework.web.servlet.DispatcherServlet' (OnClassCondition)
      - found 'session' scope (OnWebApplicationCondition)

   DispatcherServletAutoConfiguration.DispatcherServletConfiguration matched:
      - @ConditionalOnClass found required class 'jakarta.servlet.ServletRegistration' (OnClassCondition)
      - Default DispatcherServlet did not find dispatcher servlet beans (DispatcherServletAutoConfiguration.DefaultDispatcherServletCondition)

   DispatcherServletAutoConfiguration.DispatcherServletRegistrationConfiguration matched:
      - @ConditionalOnClass found required class 'jakarta.servlet.ServletRegistration' (OnClassCondition)
      - DispatcherServlet Registration did not find servlet registration bean (DispatcherServletAutoConfiguration.DispatcherServletRegistrationCondition)

   DispatcherServletAutoConfiguration.DispatcherServletRegistrationConfiguration#dispatcherServletRegistration matched:
      - @ConditionalOnBean (names: dispatcherServlet types: org.springframework.web.servlet.DispatcherServlet; SearchStrategy: all) found bean 'dispatcherServlet' (OnBeanCondition)

   ErrorMvcAutoConfiguration matched:
      - @ConditionalOnClass found required classes 'jakarta.servlet.Servlet', 'org.springframework.web.servlet.DispatcherServlet' (OnClassCondition)
      - found 'session' scope (OnWebApplicationCondition)

   ErrorMvcAutoConfiguration#basicErrorController matched:
      - @ConditionalOnMissingBean (types: org.springframework.boot.webmvc.error.ErrorController; SearchStrategy: current) did not find any beans (OnBeanCondition)

   ErrorMvcAutoConfiguration#errorAttributes matched:
      - @ConditionalOnMissingBean (types: org.springframework.boot.webmvc.error.ErrorAttributes; SearchStrategy: current) did not find any beans (OnBeanCondition)

   ErrorMvcAutoConfiguration.DefaultErrorViewResolverConfiguration#conventionErrorViewResolver matched:
      - @ConditionalOnBean (types: org.springframework.web.servlet.DispatcherServlet; SearchStrategy: all) found bean 'dispatcherServlet'; @ConditionalOnMissingBean (types: org.springframework.boot.webmvc.autoconfigure.error.ErrorViewResolver; SearchStrategy: all) did not find any beans (OnBeanCondition)

   ErrorMvcAutoConfiguration.WhitelabelErrorViewConfiguration matched:
      - @ConditionalOnBooleanProperty (spring.web.error.whitelabel.enabled=true) matched (OnPropertyCondition)
      - ErrorTemplate Missing did not find error template view (ErrorMvcAutoConfiguration.ErrorTemplateMissingCondition)

   ErrorMvcAutoConfiguration.WhitelabelErrorViewConfiguration#beanNameViewResolver matched:
      - @ConditionalOnMissingBean (types: org.springframework.web.servlet.view.BeanNameViewResolver; SearchStrategy: all) did not find any beans (OnBeanCondition)

   ErrorMvcAutoConfiguration.WhitelabelErrorViewConfiguration#defaultErrorView matched:
      - @ConditionalOnMissingBean (names: error; SearchStrategy: all) did not find any beans (OnBeanCondition)

   HibernateJpaAutoConfiguration matched:
      - @ConditionalOnClass found required classes 'org.springframework.orm.jpa.LocalContainerEntityManagerFactoryBean', 'jakarta.persistence.EntityManager', 'org.hibernate.engine.spi.SessionImplementor' (OnClassCondition)

   HibernateJpaConfiguration matched:
      - @ConditionalOnSingleCandidate (types: javax.sql.DataSource; SearchStrategy: all) found a single bean 'dataSource' (OnBeanCondition)

   HttpEncodingAutoConfiguration matched:
      - @ConditionalOnClass found required class 'org.springframework.web.filter.CharacterEncodingFilter' (OnClassCondition)
      - found 'session' scope (OnWebApplicationCondition)
      - @ConditionalOnBooleanProperty (spring.servlet.encoding.enabled=true) matched (OnPropertyCondition)

   HttpEncodingAutoConfiguration#characterEncodingFilter matched:
      - @ConditionalOnMissingBean (types: org.springframework.web.filter.CharacterEncodingFilter; SearchStrategy: all) did not find any beans (OnBeanCondition)

   HttpMessageConvertersAutoConfiguration matched:
      - @ConditionalOnClass found required class 'org.springframework.http.converter.HttpMessageConverter' (OnClassCondition)
      - NoneNestedConditions 0 matched 1 did not; NestedCondition on HttpMessageConvertersAutoConfiguration.NotReactiveWebApplicationCondition.ReactiveWebApplication did not find reactive web application classes (HttpMessageConvertersAutoConfiguration.NotReactiveWebApplicationCondition)

   HttpMessageConvertersAutoConfiguration.StringHttpMessageConverterConfiguration matched:
      - @ConditionalOnClass found required class 'org.springframework.http.converter.StringHttpMessageConverter' (OnClassCondition)

   HttpMessageConvertersAutoConfiguration.StringHttpMessageConverterConfiguration#stringHttpMessageConverter matched:
      - @ConditionalOnMissingBean (types: org.springframework.http.converter.StringHttpMessageConverter; SearchStrategy: all) did not find any beans (OnBeanCondition)

   JacksonAutoConfiguration matched:
      - @ConditionalOnClass found required class 'tools.jackson.databind.json.JsonMapper' (OnClassCondition)

   JacksonAutoConfiguration#jacksonJsonMapper matched:
      - @ConditionalOnMissingBean (types: tools.jackson.databind.json.JsonMapper; SearchStrategy: all) did not find any beans (OnBeanCondition)

   JacksonAutoConfiguration#jsonMapperBuilder matched:
      - @ConditionalOnMissingBean (types: tools.jackson.databind.json.JsonMapper$Builder; SearchStrategy: all) did not find any beans (OnBeanCondition)

   JacksonAutoConfiguration.JsonProblemDetailsConfiguration matched:
      - @ConditionalOnClass found required class 'org.springframework.http.ProblemDetail' (OnClassCondition)

   JacksonHttpMessageConvertersConfiguration.JacksonJsonHttpMessageConverterConfiguration matched:
      - @ConditionalOnClass found required class 'tools.jackson.databind.json.JsonMapper' (OnClassCondition)
      - @ConditionalOnProperty (spring.http.converters.preferred-json-mapper=jackson) matched (OnPropertyCondition)
      - @ConditionalOnBean (types: tools.jackson.databind.json.JsonMapper; SearchStrategy: all) found bean 'jacksonJsonMapper' (OnBeanCondition)

   JacksonHttpMessageConvertersConfiguration.JacksonJsonHttpMessageConverterConfiguration#jacksonJsonHttpMessageConverter matched:
      - @ConditionalOnMissingBean (types: org.springframework.http.converter.json.JacksonJsonHttpMessageConverter ignored: ?; SearchStrategy: all) did not find any beans (OnBeanCondition)

   JdbcClientAutoConfiguration matched:
      - @ConditionalOnSingleCandidate (types: org.springframework.jdbc.core.namedparam.NamedParameterJdbcTemplate; SearchStrategy: all) found a single bean 'namedParameterJdbcTemplate'; @ConditionalOnMissingBean (types: org.springframework.jdbc.core.simple.JdbcClient; SearchStrategy: all) did not find any beans (OnBeanCondition)

   JdbcTemplateAutoConfiguration matched:
      - @ConditionalOnClass found required classes 'javax.sql.DataSource', 'org.springframework.jdbc.core.JdbcTemplate' (OnClassCondition)
      - @ConditionalOnSingleCandidate (types: javax.sql.DataSource; SearchStrategy: all) found a single bean 'dataSource' (OnBeanCondition)

   JdbcTemplateConfiguration matched:
      - @ConditionalOnMissingBean (types: org.springframework.jdbc.core.JdbcOperations; SearchStrategy: all) did not find any beans (OnBeanCondition)

   JpaBaseConfiguration#entityManagerFactory matched:
      - @ConditionalOnMissingBean (types: org.springframework.orm.jpa.LocalContainerEntityManagerFactoryBean,jakarta.persistence.EntityManagerFactory; SearchStrategy: all) did not find any beans (OnBeanCondition)

   JpaBaseConfiguration#entityManagerFactoryBuilder matched:
      - @ConditionalOnMissingBean (types: org.springframework.boot.jpa.EntityManagerFactoryBuilder; SearchStrategy: all) did not find any beans (OnBeanCondition)

   JpaBaseConfiguration#jpaVendorAdapter matched:
      - @ConditionalOnMissingBean (types: org.springframework.orm.jpa.JpaVendorAdapter; SearchStrategy: all) did not find any beans (OnBeanCondition)

   JpaBaseConfiguration#transactionManager matched:
      - @ConditionalOnMissingBean (types: org.springframework.transaction.TransactionManager; SearchStrategy: all) did not find any beans (OnBeanCondition)

   JpaBaseConfiguration.PersistenceManagedTypesConfiguration matched:
      - @ConditionalOnMissingBean (types: org.springframework.orm.jpa.LocalContainerEntityManagerFactoryBean,jakarta.persistence.EntityManagerFactory; SearchStrategy: all) did not find any beans (OnBeanCondition)

   JpaBaseConfiguration.PersistenceManagedTypesConfiguration#persistenceManagedTypes matched:
      - @ConditionalOnMissingBean (types: org.springframework.orm.jpa.persistenceunit.PersistenceManagedTypes; SearchStrategy: all) did not find any beans (OnBeanCondition)

   JtaAutoConfiguration matched:
      - @ConditionalOnClass found required class 'jakarta.transaction.Transaction' (OnClassCondition)
      - @ConditionalOnBooleanProperty (spring.jta.enabled=true) matched (OnPropertyCondition)

   LifecycleAutoConfiguration#defaultLifecycleProcessor matched:
      - @ConditionalOnMissingBean (names: lifecycleProcessor; SearchStrategy: current) did not find any beans (OnBeanCondition)

   MultipartAutoConfiguration matched:
      - @ConditionalOnClass found required classes 'jakarta.servlet.Servlet', 'org.springframework.web.multipart.support.StandardServletMultipartResolver', 'jakarta.servlet.MultipartConfigElement' (OnClassCondition)
      - found 'session' scope (OnWebApplicationCondition)
      - @ConditionalOnBooleanProperty (spring.servlet.multipart.enabled=true) matched (OnPropertyCondition)

   MultipartAutoConfiguration#multipartConfigElement matched:
      - @ConditionalOnMissingBean (types: jakarta.servlet.MultipartConfigElement; SearchStrategy: all) did not find any beans (OnBeanCondition)

   MultipartAutoConfiguration#multipartResolver matched:
      - @ConditionalOnMissingBean (types: org.springframework.web.multipart.MultipartResolver; SearchStrategy: all) did not find any beans (OnBeanCondition)

   NamedParameterJdbcTemplateConfiguration matched:
      - @ConditionalOnSingleCandidate (types: org.springframework.jdbc.core.JdbcTemplate; SearchStrategy: all) found a single bean 'jdbcTemplate'; @ConditionalOnMissingBean (types: org.springframework.jdbc.core.namedparam.NamedParameterJdbcOperations; SearchStrategy: all) did not find any beans (OnBeanCondition)

   PersistenceExceptionTranslationAutoConfiguration matched:
      - @ConditionalOnClass found required class 'org.springframework.dao.annotation.PersistenceExceptionTranslationPostProcessor' (OnClassCondition)

   PersistenceExceptionTranslationAutoConfiguration#persistenceExceptionTranslationPostProcessor matched:
      - @ConditionalOnBooleanProperty (spring.persistence.exceptiontranslation.enabled=true) matched (OnPropertyCondition)
      - @ConditionalOnMissingBean (types: org.springframework.dao.annotation.PersistenceExceptionTranslationPostProcessor; SearchStrategy: all) did not find any beans (OnBeanCondition)

   PropertyPlaceholderAutoConfiguration#propertySourcesPlaceholderConfigurer matched:
      - @ConditionalOnMissingBean (types: org.springframework.context.support.PropertySourcesPlaceholderConfigurer; SearchStrategy: current) did not find any beans (OnBeanCondition)

   SecurityAutoConfiguration matched:
      - @ConditionalOnClass found required class 'org.springframework.security.authentication.DefaultAuthenticationEventPublisher' (OnClassCondition)

   SecurityAutoConfiguration#authenticationEventPublisher matched:
      - @ConditionalOnMissingBean (types: org.springframework.security.authentication.AuthenticationEventPublisher; SearchStrategy: all) did not find any beans (OnBeanCondition)

   SecurityFilterAutoConfiguration matched:
      - @ConditionalOnClass found required classes 'org.springframework.security.web.context.AbstractSecurityWebApplicationInitializer', 'org.springframework.security.config.http.SessionCreationPolicy' (OnClassCondition)
      - found 'session' scope (OnWebApplicationCondition)

   SecurityFilterAutoConfiguration#securityFilterChainRegistration matched:
      - @ConditionalOnBean (names: springSecurityFilterChain; SearchStrategy: all) found bean 'springSecurityFilterChain' (OnBeanCondition)

   ServletWebSecurityAutoConfiguration matched:
      - @ConditionalOnClass found required class 'org.springframework.security.config.annotation.web.configuration.EnableWebSecurity' (OnClassCondition)
      - found 'session' scope (OnWebApplicationCondition)

   ServletWebSecurityAutoConfiguration.PathPatternRequestMatcherBuilderConfiguration matched:
      - @ConditionalOnClass found required class 'org.springframework.boot.webmvc.autoconfigure.DispatcherServletPath' (OnClassCondition)
      - @ConditionalOnBean (types: org.springframework.boot.webmvc.autoconfigure.DispatcherServletPath; SearchStrategy: all) found bean 'dispatcherServletRegistration' (OnBeanCondition)

   ServletWebSecurityAutoConfiguration.PathPatternRequestMatcherBuilderConfiguration#pathPatternRequestMatcherBuilder matched:
      - @ConditionalOnMissingBean (types: org.springframework.security.web.servlet.util.matcher.PathPatternRequestMatcher$Builder; SearchStrategy: all) did not find any beans (OnBeanCondition)

   SslAutoConfiguration#sslBundleRegistry matched:
      - @ConditionalOnMissingBean (types: org.springframework.boot.ssl.SslBundleRegistry,org.springframework.boot.ssl.SslBundles; SearchStrategy: all) did not find any beans (OnBeanCondition)

   TaskExecutionAutoConfiguration matched:
      - @ConditionalOnClass found required class 'org.springframework.scheduling.concurrent.ThreadPoolTaskExecutor' (OnClassCondition)

   TaskExecutorConfigurations.AsyncConfigurerConfiguration matched:
      - @ConditionalOnMissingBean (types: org.springframework.scheduling.annotation.AsyncConfigurer; SearchStrategy: all) did not find any beans (OnBeanCondition)

   TaskExecutorConfigurations.SimpleAsyncTaskExecutorBuilderConfiguration#simpleAsyncTaskExecutorBuilder matched:
      - @ConditionalOnMissingBean (types: org.springframework.boot.task.SimpleAsyncTaskExecutorBuilder; SearchStrategy: all) did not find any beans (OnBeanCondition)
      - @ConditionalOnThreading found PLATFORM (OnThreadingCondition)

   TaskExecutorConfigurations.TaskExecutorConfiguration matched:
      - AnyNestedCondition 1 matched 1 did not; NestedCondition on TaskExecutorConfigurations.OnExecutorCondition.ModelCondition @ConditionalOnProperty (spring.task.execution.mode=force) did not find property 'spring.task.execution.mode'; NestedCondition on TaskExecutorConfigurations.OnExecutorCondition.ExecutorBeanCondition @ConditionalOnMissingBean (types: java.util.concurrent.Executor; SearchStrategy: all) did not find any beans (TaskExecutorConfigurations.OnExecutorCondition)

   TaskExecutorConfigurations.TaskExecutorConfiguration#applicationTaskExecutor matched:
      - @ConditionalOnThreading found PLATFORM (OnThreadingCondition)

   TaskExecutorConfigurations.ThreadPoolTaskExecutorBuilderConfiguration#threadPoolTaskExecutorBuilder matched:
      - @ConditionalOnMissingBean (types: org.springframework.boot.task.ThreadPoolTaskExecutorBuilder; SearchStrategy: all) did not find any beans (OnBeanCondition)

   TaskSchedulingAutoConfiguration matched:
      - @ConditionalOnClass found required class 'org.springframework.scheduling.concurrent.ThreadPoolTaskScheduler' (OnClassCondition)

   TaskSchedulingConfigurations.SimpleAsyncTaskSchedulerBuilderConfiguration#simpleAsyncTaskSchedulerBuilder matched:
      - @ConditionalOnMissingBean (types: org.springframework.boot.task.SimpleAsyncTaskSchedulerBuilder; SearchStrategy: all) did not find any beans (OnBeanCondition)
      - @ConditionalOnThreading found PLATFORM (OnThreadingCondition)

   TaskSchedulingConfigurations.ThreadPoolTaskSchedulerBuilderConfiguration#threadPoolTaskSchedulerBuilder matched:
      - @ConditionalOnMissingBean (types: org.springframework.boot.task.ThreadPoolTaskSchedulerBuilder; SearchStrategy: all) did not find any beans (OnBeanCondition)

   TomcatServletWebServerAutoConfiguration matched:
      - @ConditionalOnClass found required classes 'jakarta.servlet.ServletRequest', 'org.apache.catalina.startup.Tomcat', 'org.apache.coyote.UpgradeProtocol', 'org.springframework.boot.tomcat.servlet.TomcatServletWebServerFactory' (OnClassCondition)
      - found 'session' scope (OnWebApplicationCondition)

   TomcatServletWebServerAutoConfiguration#tomcatServletWebServerFactory matched:
      - @ConditionalOnMissingBean (types: org.springframework.boot.web.server.servlet.ServletWebServerFactory; SearchStrategy: current) did not find any beans (OnBeanCondition)

   TomcatWebServerConfiguration matched:
      - @ConditionalOnWarDeployment the application is not deployed as a WAR file. (OnWarDeploymentCondition)

   TomcatWebServerConfiguration.TomcatWebSocketConfiguration matched:
      - @ConditionalOnClass found required class 'org.apache.tomcat.websocket.server.WsSci' (OnClassCondition)

   TransactionAutoConfiguration matched:
      - @ConditionalOnClass found required class 'org.springframework.transaction.PlatformTransactionManager' (OnClassCondition)

   TransactionAutoConfiguration.EnableTransactionManagementConfiguration matched:
      - @ConditionalOnBean (types: org.springframework.transaction.TransactionManager; SearchStrategy: all) found bean 'transactionManager'; @ConditionalOnMissingBean (types: org.springframework.transaction.annotation.AbstractTransactionManagementConfiguration; SearchStrategy: all) did not find any beans (OnBeanCondition)

   TransactionAutoConfiguration.EnableTransactionManagementConfiguration.CglibAutoProxyConfiguration matched:
      - @ConditionalOnBooleanProperty (spring.aop.proxy-target-class=true) matched (OnPropertyCondition)

   TransactionAutoConfiguration.TransactionTemplateConfiguration matched:
      - @ConditionalOnSingleCandidate (types: org.springframework.transaction.PlatformTransactionManager; SearchStrategy: all) found a single bean 'transactionManager' (OnBeanCondition)

   TransactionAutoConfiguration.TransactionTemplateConfiguration#transactionTemplate matched:
      - @ConditionalOnMissingBean (types: org.springframework.transaction.support.TransactionOperations; SearchStrategy: all) did not find any beans (OnBeanCondition)

   TransactionManagerCustomizationAutoConfiguration matched:
      - @ConditionalOnClass found required class 'org.springframework.transaction.PlatformTransactionManager' (OnClassCondition)

   TransactionManagerCustomizationAutoConfiguration#platformTransactionManagerCustomizers matched:
      - @ConditionalOnMissingBean (types: org.springframework.boot.transaction.autoconfigure.TransactionManagerCustomizers; SearchStrategy: all) did not find any beans (OnBeanCondition)

   UserDetailsServiceAutoConfiguration matched:
      - @ConditionalOnClass found required class 'org.springframework.security.authentication.AuthenticationManager' (OnClassCondition)
      - found 'session' scope (OnWebApplicationCondition)
      - AnyNestedCondition 1 matched 2 did not; NestedCondition on MissingAlternativeUserDetailsManagerOrUserPropertiesConfigured.PasswordConfigured @ConditionalOnProperty (spring.security.user.password) did not find property 'spring.security.user.password'; NestedCondition on MissingAlternativeUserDetailsManagerOrUserPropertiesConfigured.NameConfigured @ConditionalOnProperty (spring.security.user.name) did not find property 'spring.security.user.name'; NestedCondition on MissingAlternativeUserDetailsManagerOrUserPropertiesConfigured.MissingAlternative @ConditionalOnMissingClass did not find unwanted classes 'org.springframework.security.oauth2.client.registration.ClientRegistrationRepository', 'org.springframework.security.oauth2.server.resource.introspection.OpaqueTokenIntrospector', 'org.springframework.security.saml2.provider.service.registration.RelyingPartyRegistrationRepository' (MissingAlternativeUserDetailsManagerOrUserPropertiesConfigured)
      - @ConditionalOnMissingBean (types: org.springframework.security.authentication.AuthenticationManager,org.springframework.security.authentication.AuthenticationProvider,org.springframework.security.core.userdetails.UserDetailsService,org.springframework.security.authentication.AuthenticationManagerResolver,?; SearchStrategy: all) did not find any beans (OnBeanCondition)

   WebMvcAutoConfiguration matched:
      - @ConditionalOnClass found required classes 'jakarta.servlet.Servlet', 'org.springframework.web.servlet.DispatcherServlet', 'org.springframework.web.servlet.config.annotation.WebMvcConfigurer' (OnClassCondition)
      - found 'session' scope (OnWebApplicationCondition)
      - @ConditionalOnMissingBean (types: org.springframework.web.servlet.config.annotation.WebMvcConfigurationSupport; SearchStrategy: all) did not find any beans (OnBeanCondition)

   WebMvcAutoConfiguration#formContentFilter matched:
      - @ConditionalOnBooleanProperty (spring.mvc.formcontent.filter.enabled=true) matched (OnPropertyCondition)
      - @ConditionalOnMissingBean (types: org.springframework.web.filter.FormContentFilter; SearchStrategy: all) did not find any beans (OnBeanCondition)

   WebMvcAutoConfiguration.EnableWebMvcConfiguration#flashMapManager matched:
      - @ConditionalOnMissingBean (names: flashMapManager; SearchStrategy: all) did not find any beans (OnBeanCondition)

   WebMvcAutoConfiguration.EnableWebMvcConfiguration#localeResolver matched:
      - @ConditionalOnMissingBean (names: localeResolver; SearchStrategy: all) did not find any beans (OnBeanCondition)

   WebMvcAutoConfiguration.EnableWebMvcConfiguration#viewNameTranslator matched:
      - @ConditionalOnMissingBean (names: viewNameTranslator; SearchStrategy: all) did not find any beans (OnBeanCondition)

   WebMvcAutoConfiguration.WebMvcAutoConfigurationAdapter#defaultViewResolver matched:
      - @ConditionalOnMissingBean (types: org.springframework.web.servlet.view.InternalResourceViewResolver; SearchStrategy: all) did not find any beans (OnBeanCondition)

   WebMvcAutoConfiguration.WebMvcAutoConfigurationAdapter#requestContextFilter matched:
      - @ConditionalOnMissingBean (types: org.springframework.web.context.request.RequestContextListener,org.springframework.web.filter.RequestContextFilter; SearchStrategy: all) did not find any beans (OnBeanCondition)

   WebMvcAutoConfiguration.WebMvcAutoConfigurationAdapter#viewResolver matched:
      - @ConditionalOnBean (types: org.springframework.web.servlet.ViewResolver; SearchStrategy: all) found beans 'defaultViewResolver', 'beanNameViewResolver', 'mvcViewResolver'; @ConditionalOnMissingBean (names: viewResolver types: org.springframework.web.servlet.view.ContentNegotiatingViewResolver; SearchStrategy: all) did not find any beans (OnBeanCondition)


Negative matches:
-----------------

   AopAutoConfiguration.AspectJAutoProxyingConfiguration.JdkDynamicAutoProxyConfiguration:
      Did not match:
         - @ConditionalOnBooleanProperty (spring.aop.proxy-target-class=false) did not find property 'spring.aop.proxy-target-class' (OnPropertyCondition)

   AopAutoConfiguration.ClassProxyingConfiguration:
      Did not match:
         - @ConditionalOnMissingClass found unwanted class 'org.aspectj.weaver.Advice' (OnClassCondition)

   DataJpaRepositoriesAutoConfiguration#entityManagerFactoryBootstrapExecutorCustomizer:
      Did not match:
         - AnyNestedCondition 0 matched 2 did not; NestedCondition on DataJpaRepositoriesAutoConfiguration.BootstrapExecutorCondition.LazyBootstrapMode @ConditionalOnProperty (spring.data.jpa.repositories.bootstrap-mode=lazy) did not find property 'spring.data.jpa.repositories.bootstrap-mode'; NestedCondition on DataJpaRepositoriesAutoConfiguration.BootstrapExecutorCondition.DeferredBootstrapMode @ConditionalOnProperty (spring.data.jpa.repositories.bootstrap-mode=deferred) did not find property 'spring.data.jpa.repositories.bootstrap-mode' (DataJpaRepositoriesAutoConfiguration.BootstrapExecutorCondition)

   DataRepositoryMetricsAutoConfiguration:
      Did not match:
         - @ConditionalOnBean did not find required type 'io.micrometer.core.instrument.MeterRegistry' (OnBeanCondition)

   DataSourceAutoConfiguration.EmbeddedDatabaseConfiguration:
      Did not match:
         - EmbeddedDataSource spring.datasource.url is set (DataSourceAutoConfiguration.EmbeddedDatabaseCondition)

   DataSourceCheckpointRestoreConfiguration:
      Did not match:
         - @ConditionalOnClass did not find required class 'org.crac.Resource' (OnClassCondition)

   DataSourceConfiguration.Dbcp2:
      Did not match:
         - @ConditionalOnClass did not find required class 'org.apache.commons.dbcp2.BasicDataSource' (OnClassCondition)

   DataSourceConfiguration.Generic:
      Did not match:
         - @ConditionalOnProperty (spring.datasource.type) did not find property 'spring.datasource.type' (OnPropertyCondition)

   DataSourceConfiguration.OracleUcp:
      Did not match:
         - @ConditionalOnClass did not find required classes 'oracle.ucp.jdbc.PoolDataSourceImpl', 'oracle.jdbc.OracleConnection' (OnClassCondition)

   DataSourceConfiguration.Tomcat:
      Did not match:
         - @ConditionalOnClass did not find required class 'org.apache.tomcat.jdbc.pool.DataSource' (OnClassCondition)

   DataSourceHealthContributorAutoConfiguration:
      Did not match:
         - @ConditionalOnClass did not find required class 'org.springframework.boot.health.autoconfigure.contributor.ConditionalOnEnabledHealthIndicator' (OnClassCondition)

   DataSourceJmxConfiguration:
      Did not match:
         - @ConditionalOnBooleanProperty (spring.jmx.enabled=true) did not find property 'spring.jmx.enabled' (OnPropertyCondition)

   DataSourcePoolMetadataProvidersConfiguration.CommonsDbcp2PoolDataSourceMetadataProviderConfiguration:
      Did not match:
         - @ConditionalOnClass did not find required class 'org.apache.commons.dbcp2.BasicDataSource' (OnClassCondition)

   DataSourcePoolMetadataProvidersConfiguration.OracleUcpPoolDataSourceMetadataProviderConfiguration:
      Did not match:
         - @ConditionalOnClass did not find required classes 'oracle.ucp.jdbc.PoolDataSource', 'oracle.jdbc.OracleConnection' (OnClassCondition)

   DataSourcePoolMetadataProvidersConfiguration.TomcatDataSourcePoolMetadataProviderConfiguration:
      Did not match:
         - @ConditionalOnClass did not find required class 'org.apache.tomcat.jdbc.pool.DataSource' (OnClassCondition)

   DataSourcePoolMetricsAutoConfiguration:
      Did not match:
         - @ConditionalOnClass did not find required class 'io.micrometer.core.instrument.MeterRegistry' (OnClassCondition)

   DataSourceTransactionManagerAutoConfiguration.JdbcTransactionManagerConfiguration#transactionManager:
      Did not match:
         - @ConditionalOnMissingBean (types: org.springframework.transaction.TransactionManager; SearchStrategy: all) found beans of type 'org.springframework.transaction.TransactionManager' transactionManager (OnBeanCondition)

   DispatcherServletAutoConfiguration.DispatcherServletConfiguration#multipartResolver:
      Did not match:
         - @ConditionalOnBean (types: org.springframework.web.multipart.MultipartResolver; SearchStrategy: all) did not find any beans of type org.springframework.web.multipart.MultipartResolver (OnBeanCondition)

   GsonHttpMessageConvertersConfiguration:
      Did not match:
         - @ConditionalOnClass did not find required class 'com.google.gson.Gson' (OnClassCondition)

   HibernateMetricsAutoConfiguration:
      Did not match:
         - @ConditionalOnClass did not find required class 'io.micrometer.core.instrument.MeterRegistry' (OnClassCondition)

   Jackson2HttpMessageConvertersConfiguration.MappingJackson2HttpMessageConverterConfiguration:
      Did not match:
         - @ConditionalOnClass did not find required class 'com.fasterxml.jackson.databind.ObjectMapper' (OnClassCondition)

   Jackson2HttpMessageConvertersConfiguration.MappingJackson2XmlHttpMessageConverterConfiguration:
      Did not match:
         - @ConditionalOnClass did not find required class 'tools.jackson.dataformat.xml.XmlMapper' (OnClassCondition)

   JacksonAutoConfiguration.CborConfiguration:
      Did not match:
         - @ConditionalOnClass did not find required class 'tools.jackson.dataformat.cbor.CBORMapper' (OnClassCondition)

   JacksonAutoConfiguration.XmlConfiguration:
      Did not match:
         - @ConditionalOnClass did not find required class 'tools.jackson.dataformat.xml.XmlMapper' (OnClassCondition)

   JacksonHttpMessageConvertersConfiguration.JacksonXmlHttpMessageConverterConfiguration:
      Did not match:
         - @ConditionalOnClass did not find required class 'tools.jackson.dataformat.xml.XmlMapper' (OnClassCondition)

   JmxAutoConfiguration:
      Did not match:
         - @ConditionalOnBooleanProperty (spring.jmx.enabled=true) did not find property 'spring.jmx.enabled' (OnPropertyCondition)
      Matched:
         - @ConditionalOnClass found required class 'org.springframework.jmx.export.MBeanExporter' (OnClassCondition)

   JndiDataSourceAutoConfiguration:
      Did not match:
         - @ConditionalOnProperty (spring.datasource.jndi-name) did not find property 'spring.datasource.jndi-name' (OnPropertyCondition)
      Matched:
         - @ConditionalOnClass found required classes 'javax.sql.DataSource', 'org.springframework.jdbc.datasource.embedded.EmbeddedDatabaseType' (OnClassCondition)

   JndiJtaConfiguration:
      Did not match:
         - @ConditionalOnJndi JNDI environment is not available (OnJndiCondition)
      Matched:
         - @ConditionalOnClass found required class 'org.springframework.transaction.jta.JtaTransactionManager' (OnClassCondition)

   JpaBaseConfiguration.JpaWebConfiguration:
      Did not match:
         - @ConditionalOnBooleanProperty (spring.jpa.open-in-view=true) found different value in property 'spring.jpa.open-in-view' (OnPropertyCondition)
      Matched:
         - @ConditionalOnClass found required class 'org.springframework.web.servlet.config.annotation.WebMvcConfigurer' (OnClassCondition)
         - found 'session' scope (OnWebApplicationCondition)

   JsonbHttpMessageConvertersConfiguration:
      Did not match:
         - @ConditionalOnClass did not find required class 'jakarta.json.bind.Jsonb' (OnClassCondition)

   KotlinSerializationHttpMessageConvertersConfiguration:
      Did not match:
         - @ConditionalOnClass did not find required classes 'kotlinx.serialization.Serializable', 'kotlinx.serialization.json.Json' (OnClassCondition)

   ManagementWebSecurityAutoConfiguration:
      Did not match:
         - @ConditionalOnClass did not find required class 'org.springframework.boot.actuate.autoconfigure.endpoint.web.WebEndpointAutoConfiguration' (OnClassCondition)

   MessageSourceAutoConfiguration:
      Did not match:
         - ResourceBundle did not find bundle with basename messages (MessageSourceAutoConfiguration.ResourceBundleCondition)

   ProjectInfoAutoConfiguration#buildProperties:
      Did not match:
         - @ConditionalOnResource did not find resource '${spring.info.build.location:classpath:META-INF/build-info.properties}' (OnResourceCondition)

   ProjectInfoAutoConfiguration#gitProperties:
      Did not match:
         - GitResource did not find git info at classpath:git.properties (ProjectInfoAutoConfiguration.GitResourceAvailableCondition)

   RSocketSecurityAutoConfiguration:
      Did not match:
         - @ConditionalOnClass did not find required class 'org.springframework.boot.rsocket.server.RSocketServerCustomizer' (OnClassCondition)

   ReactiveManagementWebSecurityAutoConfiguration:
      Did not match:
         - @ConditionalOnClass did not find required class 'org.springframework.boot.actuate.autoconfigure.endpoint.web.WebEndpointAutoConfiguration' (OnClassCondition)

   ReactiveUserDetailsServiceAutoConfiguration:
      Did not match:
         - AnyNestedCondition 0 matched 2 did not; NestedCondition on ReactiveUserDetailsServiceAutoConfiguration.RSocketEnabledOrReactiveWebApplication.ReactiveWebApplicationCondition did not find reactive web application classes; NestedCondition on ReactiveUserDetailsServiceAutoConfiguration.RSocketEnabledOrReactiveWebApplication.RSocketSecurityEnabledCondition @ConditionalOnBean (types: ?; SearchStrategy: all) did not find any beans of type ? (ReactiveUserDetailsServiceAutoConfiguration.RSocketEnabledOrReactiveWebApplication)
      Matched:
         - @ConditionalOnClass found required class 'org.springframework.security.authentication.ReactiveAuthenticationManager' (OnClassCondition)
         - AnyNestedCondition 1 matched 2 did not; NestedCondition on MissingAlternativeUserDetailsManagerOrUserPropertiesConfigured.PasswordConfigured @ConditionalOnProperty (spring.security.user.password) did not find property 'spring.security.user.password'; NestedCondition on MissingAlternativeUserDetailsManagerOrUserPropertiesConfigured.NameConfigured @ConditionalOnProperty (spring.security.user.name) did not find property 'spring.security.user.name'; NestedCondition on MissingAlternativeUserDetailsManagerOrUserPropertiesConfigured.MissingAlternative @ConditionalOnMissingClass did not find unwanted classes 'org.springframework.security.oauth2.client.registration.ClientRegistrationRepository', 'org.springframework.security.oauth2.server.resource.introspection.OpaqueTokenIntrospector', 'org.springframework.security.saml2.provider.service.registration.RelyingPartyRegistrationRepository' (MissingAlternativeUserDetailsManagerOrUserPropertiesConfigured)

   ReactiveWebSecurityAutoConfiguration:
      Did not match:
         - @ConditionalOnClass did not find required class 'reactor.core.publisher.Flux' (OnClassCondition)

   SecurityAutoConfiguration.SecurityDataConfiguration:
      Did not match:
         - @ConditionalOnClass did not find required class 'org.springframework.security.data.repository.query.SecurityEvaluationContextExtension' (OnClassCondition)

   ServletHttpExchangesAutoConfiguration:
      Did not match:
         - @ConditionalOnBean did not find required type 'org.springframework.boot.actuate.web.exchanges.HttpExchangeRepository' (OnBeanCondition)

   ServletManagementContextAutoConfiguration:
      Did not match:
         - @ConditionalOnClass did not find required class 'org.springframework.boot.actuate.autoconfigure.endpoint.web.WebEndpointProperties' (OnClassCondition)

   ServletMappingsAutoConfiguration:
      Did not match:
         - @ConditionalOnClass did not find required class 'org.springframework.boot.actuate.autoconfigure.endpoint.condition.ConditionalOnAvailableEndpoint' (OnClassCondition)

   ServletWebSecurityAutoConfiguration.EnableWebSecurityConfiguration:
      Did not match:
         - @ConditionalOnMissingBean (names: springSecurityFilterChain; SearchStrategy: all) found beans named springSecurityFilterChain (OnBeanCondition)
      Matched:
         - @ConditionalOnClass found required class 'org.springframework.security.config.annotation.web.configuration.EnableWebSecurity' (OnClassCondition)

   ServletWebSecurityAutoConfiguration.SecurityFilterChainConfiguration:
      Did not match:
         - AllNestedConditions 1 matched 1 did not; NestedCondition on DefaultWebSecurityCondition.Beans @ConditionalOnMissingBean (types: org.springframework.security.web.SecurityFilterChain; SearchStrategy: all) found beans of type 'org.springframework.security.web.SecurityFilterChain' filterChain; NestedCondition on DefaultWebSecurityCondition.Classes @ConditionalOnClass found required classes 'org.springframework.security.web.SecurityFilterChain', 'org.springframework.security.config.annotation.web.builders.HttpSecurity' (DefaultWebSecurityCondition)

   ServletWebServerConfiguration#forwardedHeaderFilter:
      Did not match:
         - @ConditionalOnProperty (server.forward-headers-strategy=framework) did not find property 'server.forward-headers-strategy' (OnPropertyCondition)

   SpringApplicationAdminJmxAutoConfiguration:
      Did not match:
         - @ConditionalOnBooleanProperty (spring.application.admin.enabled=true) did not find property 'spring.application.admin.enabled' (OnPropertyCondition)

   TaskExecutorConfigurations.AsyncConfigurerWrapperConfiguration:
      Did not match:
         - @ConditionalOnBean (types: org.springframework.scheduling.annotation.AsyncConfigurer; SearchStrategy: all) did not find any beans of type org.springframework.scheduling.annotation.AsyncConfigurer (OnBeanCondition)

   TaskExecutorConfigurations.SimpleAsyncTaskExecutorBuilderConfiguration#simpleAsyncTaskExecutorBuilderVirtualThreads:
      Did not match:
         - @ConditionalOnMissingBean (types: org.springframework.boot.task.SimpleAsyncTaskExecutorBuilder; SearchStrategy: all) found beans of type 'org.springframework.boot.task.SimpleAsyncTaskExecutorBuilder' simpleAsyncTaskExecutorBuilder (OnBeanCondition)

   TaskExecutorConfigurations.TaskExecutorConfiguration#applicationTaskExecutorVirtualThreads:
      Did not match:
         - @ConditionalOnThreading did not find VIRTUAL (OnThreadingCondition)

   TaskSchedulingAutoConfiguration#scheduledBeanLazyInitializationExcludeFilter:
      Did not match:
         - @ConditionalOnBean (names: org.springframework.scheduling.config.internalScheduledAnnotationProcessor; SearchStrategy: all) did not find any beans named org.springframework.scheduling.config.internalScheduledAnnotationProcessor (OnBeanCondition)

   TaskSchedulingConfigurations.SimpleAsyncTaskSchedulerBuilderConfiguration#simpleAsyncTaskSchedulerBuilderVirtualThreads:
      Did not match:
         - @ConditionalOnMissingBean (types: org.springframework.boot.task.SimpleAsyncTaskSchedulerBuilder; SearchStrategy: all) found beans of type 'org.springframework.boot.task.SimpleAsyncTaskSchedulerBuilder' simpleAsyncTaskSchedulerBuilder (OnBeanCondition)

   TaskSchedulingConfigurations.TaskSchedulerConfiguration:
      Did not match:
         - @ConditionalOnBean (names: org.springframework.scheduling.config.internalScheduledAnnotationProcessor; SearchStrategy: all) did not find any beans named org.springframework.scheduling.config.internalScheduledAnnotationProcessor (OnBeanCondition)

   TomcatMetricsAutoConfiguration:
      Did not match:
         - @ConditionalOnClass did not find required class 'io.micrometer.core.instrument.binder.tomcat.TomcatMetrics' (OnClassCondition)

   TomcatReactiveManagementContextAutoConfiguration:
      Did not match:
         - @ConditionalOnClass did not find required class 'org.springframework.boot.actuate.autoconfigure.web.server.ManagementContextFactory' (OnClassCondition)

   TomcatReactiveWebServerAutoConfiguration:
      Did not match:
         - @ConditionalOnWebApplication did not find reactive web application classes (OnWebApplicationCondition)

   TomcatServletManagementContextAutoConfiguration:
      Did not match:
         - @ConditionalOnClass did not find required class 'org.springframework.boot.actuate.autoconfigure.web.server.ManagementContextFactory' (OnClassCondition)

   TomcatServletWebServerAutoConfiguration#tomcatForwardedHeaderFilterCustomizer:
      Did not match:
         - @ConditionalOnProperty (server.forward-headers-strategy=framework) did not find property 'server.forward-headers-strategy' (OnPropertyCondition)

   TomcatWebServerConfiguration#tomcatVirtualThreadsProtocolHandlerCustomizer:
      Did not match:
         - @ConditionalOnThreading did not find VIRTUAL (OnThreadingCondition)

   TransactionAutoConfiguration#transactionalOperator:
      Did not match:
         - @ConditionalOnSingleCandidate (types: org.springframework.transaction.ReactiveTransactionManager; SearchStrategy: all) did not find any beans (OnBeanCondition)

   TransactionAutoConfiguration.AspectJTransactionManagementConfiguration:
      Did not match:
         - @ConditionalOnBean (types: org.springframework.transaction.aspectj.AbstractTransactionAspect; SearchStrategy: all) did not find any beans of type org.springframework.transaction.aspectj.AbstractTransactionAspect (OnBeanCondition)

   TransactionAutoConfiguration.EnableTransactionManagementConfiguration.JdkDynamicAutoProxyConfiguration:
      Did not match:
         - @ConditionalOnBooleanProperty (spring.aop.proxy-target-class=false) did not find property 'spring.aop.proxy-target-class' (OnPropertyCondition)

   WebMvcAutoConfiguration#hiddenHttpMethodFilter:
      Did not match:
         - @ConditionalOnBooleanProperty (spring.mvc.hiddenmethod.filter.enabled=true) did not find property 'spring.mvc.hiddenmethod.filter.enabled' (OnPropertyCondition)

   WebMvcAutoConfiguration.ProblemDetailsErrorHandlingConfiguration:
      Did not match:
         - @ConditionalOnBooleanProperty (spring.mvc.problemdetails.enabled=true) did not find property 'spring.mvc.problemdetails.enabled' (OnPropertyCondition)

   WebMvcAutoConfiguration.ResourceChainCustomizerConfiguration:
      Did not match:
         - @ConditionalOnEnabledResourceChain did not find class org.webjars.WebJarVersionLocator (OnEnabledResourceChainCondition)

   WebMvcAutoConfiguration.WebMvcAutoConfigurationAdapter#beanNameViewResolver:
      Did not match:
         - @ConditionalOnMissingBean (types: org.springframework.web.servlet.view.BeanNameViewResolver; SearchStrategy: all) found beans of type 'org.springframework.web.servlet.view.BeanNameViewResolver' beanNameViewResolver (OnBeanCondition)

   WebMvcHealthEndpointExtensionAutoConfiguration:
      Did not match:
         - @ConditionalOnClass did not find required class 'org.springframework.boot.health.actuate.endpoint.HealthEndpoint' (OnClassCondition)

   WebMvcMappingsAutoConfiguration:
      Did not match:
         - @ConditionalOnClass did not find required class 'org.springframework.boot.actuate.autoconfigure.endpoint.condition.ConditionalOnAvailableEndpoint' (OnClassCondition)

   WebMvcObservationAutoConfiguration:
      Did not match:
         - @ConditionalOnBean (types: io.micrometer.observation.ObservationRegistry; SearchStrategy: all) did not find any beans of type io.micrometer.observation.ObservationRegistry (OnBeanCondition)
      Matched:
         - @ConditionalOnClass found required classes 'org.springframework.web.servlet.DispatcherServlet', 'io.micrometer.observation.Observation' (OnClassCondition)
         - found 'session' scope (OnWebApplicationCondition)

   WebMvcObservationAutoConfiguration.MeterFilterConfiguration:
      Did not match:
         - @ConditionalOnClass did not find required class 'io.micrometer.core.instrument.MeterRegistry' (OnClassCondition)
         - Ancestor org.springframework.boot.webmvc.autoconfigure.WebMvcObservationAutoConfiguration did not match (ConditionEvaluationReport.AncestorsMatchedCondition)

   XADataSourceAutoConfiguration:
      Did not match:
         - @ConditionalOnBean (types: org.springframework.boot.jdbc.XADataSourceWrapper; SearchStrategy: all) did not find any beans of type org.springframework.boot.jdbc.XADataSourceWrapper (OnBeanCondition)
      Matched:
         - @ConditionalOnClass found required classes 'javax.sql.DataSource', 'jakarta.transaction.TransactionManager', 'org.springframework.jdbc.datasource.embedded.EmbeddedDatabaseType' (OnClassCondition)


Exclusions:
-----------

    None


Unconditional classes:
----------------------

    org.springframework.boot.autoconfigure.context.ConfigurationPropertiesAutoConfiguration

    org.springframework.boot.autoconfigure.ssl.SslAutoConfiguration

    org.springframework.boot.autoconfigure.context.LifecycleAutoConfiguration

    org.springframework.boot.autoconfigure.context.PropertyPlaceholderAutoConfiguration

    org.springframework.boot.autoconfigure.availability.ApplicationAvailabilityAutoConfiguration

    org.springframework.boot.autoconfigure.info.ProjectInfoAutoConfiguration



17/06/2026 11:51:31.601 INFO  c.N.NeptuneWebAutheticatorApplication - Started NeptuneWebAutheticatorApplication in 5.388 seconds (process running for 6.274)
17/06/2026 11:51:31.603 DEBUG o.s.b.a.ApplicationAvailabilityBean - Application availability state LivenessState changed to CORRECT
17/06/2026 11:51:31.607 DEBUG o.s.b.a.ApplicationAvailabilityBean - Application availability state ReadinessState changed to ACCEPTING_TRAFFIC
17/06/2026 11:51:33.614 DEBUG o.s.b.a.ApplicationAvailabilityBean - Application availability state ReadinessState changed from ACCEPTING_TRAFFIC to REFUSING_TRAFFIC
17/06/2026 11:51:33.615 DEBUG o.s.b.w.s.s.c.AnnotationConfigServletWebServerApplicationContext - Closing org.springframework.boot.web.server.servlet.context.AnnotationConfigServletWebServerApplicationContext@6b54655f, started on Wed Jun 17 11:51:26 CEST 2026
17/06/2026 11:51:33.617 DEBUG o.s.c.s.DefaultLifecycleProcessor - Stopping beans in phase 2147482623
17/06/2026 11:51:33.617 INFO  o.s.boot.tomcat.GracefulShutdown - Commencing graceful shutdown. Waiting for active requests to complete
17/06/2026 11:51:33.635 INFO  o.s.boot.tomcat.GracefulShutdown - Graceful shutdown complete
17/06/2026 11:51:33.635 DEBUG o.s.c.s.DefaultLifecycleProcessor - Stopping beans in phase 2147481599
17/06/2026 11:51:33.635 DEBUG o.s.c.s.DefaultLifecycleProcessor - Bean 'webServerGracefulShutdown' completed its stop procedure
17/06/2026 11:51:33.637 DEBUG o.s.c.s.DefaultLifecycleProcessor - Bean 'webServerStartStop' completed its stop procedure
17/06/2026 11:51:33.637 DEBUG o.s.c.s.DefaultLifecycleProcessor - Stopping beans in phase 1073741823
17/06/2026 11:51:33.637 DEBUG o.s.c.s.DefaultLifecycleProcessor - Bean 'applicationTaskExecutor' completed its stop procedure
17/06/2026 11:51:33.637 DEBUG o.s.c.s.DefaultLifecycleProcessor - Stopping beans in phase -2147483647
17/06/2026 11:51:33.637 DEBUG o.s.c.s.DefaultLifecycleProcessor - Bean 'springBootLoggingLifecycle' completed its stop procedure
17/06/2026 11:51:33.638 INFO  o.s.o.j.LocalContainerEntityManagerFactoryBean - Closing JPA EntityManagerFactory for persistence unit 'default'
17/06/2026 11:51:33.639 DEBUG o.h.internal.SessionFactoryImpl - HHH000031: Closing factory [069bb8e7-22d6-437b-8793-91420b33aab5]
17/06/2026 11:51:33.640 INFO  com.zaxxer.hikari.HikariDataSource - HikariPool-1 - Shutdown initiated...
17/06/2026 11:51:33.640 DEBUG com.zaxxer.hikari.pool.HikariPool - HikariPool-1 - Before shutdown stats (total=10/10, idle=10/10, active=0, waiting=0)
17/06/2026 11:51:33.641 DEBUG com.zaxxer.hikari.pool.PoolBase - HikariPool-1 - Closing connection org.mariadb.jdbc.Connection@647ff23e: (connection evicted)
17/06/2026 11:51:33.642 DEBUG com.zaxxer.hikari.pool.PoolBase - HikariPool-1 - Closing connection org.mariadb.jdbc.Connection@5f228203: (connection evicted)
17/06/2026 11:51:33.642 DEBUG com.zaxxer.hikari.pool.PoolBase - HikariPool-1 - Closing connection org.mariadb.jdbc.Connection@3f0d7d4c: (connection evicted)
17/06/2026 11:51:33.642 DEBUG com.zaxxer.hikari.pool.PoolBase - HikariPool-1 - Closing connection org.mariadb.jdbc.Connection@3b43a6f0: (connection evicted)
17/06/2026 11:51:33.643 DEBUG com.zaxxer.hikari.pool.PoolBase - HikariPool-1 - Closing connection org.mariadb.jdbc.Connection@2309a891: (connection evicted)
17/06/2026 11:51:33.643 DEBUG com.zaxxer.hikari.pool.PoolBase - HikariPool-1 - Closing connection org.mariadb.jdbc.Connection@31b48768: (connection evicted)
17/06/2026 11:51:33.643 DEBUG com.zaxxer.hikari.pool.PoolBase - HikariPool-1 - Closing connection org.mariadb.jdbc.Connection@67bba4cf: (connection evicted)
17/06/2026 11:51:33.643 DEBUG com.zaxxer.hikari.pool.PoolBase - HikariPool-1 - Closing connection org.mariadb.jdbc.Connection@b1f3f1e: (connection evicted)
17/06/2026 11:51:33.643 DEBUG com.zaxxer.hikari.pool.PoolBase - HikariPool-1 - Closing connection org.mariadb.jdbc.Connection@55da438: (connection evicted)
17/06/2026 11:51:33.643 DEBUG com.zaxxer.hikari.pool.PoolBase - HikariPool-1 - Closing connection org.mariadb.jdbc.Connection@41917859: (connection evicted)
17/06/2026 11:51:33.643 DEBUG com.zaxxer.hikari.pool.HikariPool - HikariPool-1 - After  shutdown stats (total=0/10, idle=0/10, active=0, waiting=0)
17/06/2026 11:51:33.643 INFO  com.zaxxer.hikari.HikariDataSource - HikariPool-1 - Shutdown completed.
17/06/2026 11:51:33.644 DEBUG o.s.s.c.ThreadPoolTaskExecutor - Shutting down ExecutorService 'applicationTaskExecutor'
